sku,week,customer_orders
SKU-A-2,1,28025.0
SKU-A-2,2,48250.0
SKU-A-2,3,40128.0
SKU-A-2,4,48966.0
SKU-A-2,5,74044.0
SKU-A-2,6,21497.0
SKU-A-2,7,32325.0
SKU-A-2,8,35988.0
SKU-A-2,9,44825.0
SKU-A-2,10,62897.0
SKU-A-2,11,33917.0
SKU-A-2,12,58917.0
SKU-A-2,13,65685.0
SKU-A-2,14,29298.0
SKU-A-2,15,54777.0
SKU-A-2,16,39968.0
SKU-A-2,17,37341.0
SKU-A-2,18,78344.0
SKU-A-2,19,33916.0
SKU-A-2,20,18583.0
SKU-A-2,21,25032.0
SKU-A-2,22,20700.0
SKU-A-2,23,17356.0
SKU-A-2,24,19268.0
SKU-A-2,25,77070.0
SKU-A-2,26,70700.0
SKU-A-2,27,10828.0
SKU-A-2,28,27788.0
SKU-A-2,29,37579.0
SKU-A-2,30,67994.0
SKU-A-2,31,48726.0
SKU-A-2,32,55892.0
SKU-A-2,33,127708.0
SKU-A-2,34,56688.0
SKU-A-2,35,19585.0
SKU-A-2,36,31530.0
SKU-A-2,37,62898.0
SKU-A-2,38,36305.0
SKU-A-2,39,10111.0
SKU-A-2,40,7484.0
SKU-A-2,41,9077.0
SKU-A-2,42,16004.0
SKU-A-2,43,12978.0
SKU-A-2,44,6131.0
SKU-A-2,45,11624.0
SKU-A-2,46,17993.0
SKU-A-2,47,11783.0
SKU-A-2,48,17994.0
SKU-A-2,49,18471.0
SKU-A-2,50,10350.0
SKU-A-2,51,13376.0
SKU-A-2,52,12579.0
SKU-A-2,53,12899.0
SKU-A-2,54,4617.0
SKU-A-2,55,15924.0
SKU-A-2,56,13694.0
SKU-A-2,57,7644.0
SKU-A-2,58,3662.0
SKU-A-2,59,9394.0
SKU-A-2,60,5255.0
SKU-A-2,61,10191.0
SKU-A-2,62,10829.0
SKU-A-2,63,8997.0
SKU-A-2,64,15764.0
SKU-A-2,65,5891.0
SKU-A-2,66,4379.0
SKU-A-2,67,8280.0
SKU-A-2,68,5733.0
SKU-A-2,69,9076.0
SKU-A-2,70,7501.0
SKU-A-2,71,5812.0
SKU-A-2,72,6050.0
SKU-A-2,73,5414.0
SKU-A-2,74,4299.0
SKU-A-2,75,11131.0
SKU-A-2,76,5334.0
SKU-A-2,77,7293.0
SKU-A-2,78,11943.0
SKU-A-2,79,8599.0
SKU-A-2,80,8200.0
SKU-A-2,81,6926.0
SKU-A-2,82,3120.0
SKU-A-2,83,4633.0
SKU-A-2,84,2898.0
SKU-A-2,85,6211.0
SKU-A-2,86,5732.0
SKU-A-2,87,3742.0
SKU-A-2,88,4538.0
SKU-A-2,89,6051.0
SKU-A-2,90,8757.0
SKU-A-2,91,1592.0
SKU-A-2,92,3025.0
SKU-A-2,93,1591.0
SKU-A-2,94,1194.0
SKU-A-2,95,2627.0
SKU-A-2,96,2388.0
SKU-A-2,97,4490.0
SKU-A-2,98,1433.0
SKU-A-2,99,1050.0
SKU-A-2,100,1878.0
SKU-A-2,101,11305.0
SKU-A-2,102,1958.0
SKU-A-2,103,621.0
SKU-A-2,104,1911.0
SKU-A-2,105,637.0
SKU-A-2,106,0.0
SKU-A-2,107,844.0
SKU-A-2,108,955.0
SKU-A-2,109,637.0
SKU-A-2,110,159.0
SKU-A-2,111,
SKU-A-2,112,
SKU-A-2,113,
SKU-A-2,114,
SKU-A-2,115,
SKU-A-2,116,
SKU-A-2,117,
SKU-A-2,118,
SKU-A-2,119,
SKU-A-2,120,
SKU-A-2,121,
SKU-A-2,122,
SKU-A-2,123,
SKU-A-2,124,
SKU-A-2,125,
SKU-A-2,126,
SKU-A-2,127,
SKU-A-2,128,
SKU-A-2,129,
SKU-A-2,130,
SKU-A-2,131,
SKU-A-2,132,
SKU-A-2,133,
SKU-A-2,134,
SKU-A-2,135,
SKU-A-2,136,
SKU-A-2,137,
SKU-A-2,138,
SKU-A-2,139,
SKU-A-2,140,
SKU-A-2,141,
SKU-A-2,142,
SKU-A-2,143,
SKU-A-2,144,
SKU-A-2,145,
SKU-A-2,146,
SKU-A-2,147,
SKU-A-2,148,
SKU-A-2,149,
SKU-A-2,150,
SKU-A-2,151,
SKU-A-2,152,
SKU-A-2,153,
SKU-A-2,154,
SKU-A-2,155,
SKU-A-2,156,
SKU-A-2,157,
SKU-A-2,158,
SKU-A-2,159,
SKU-A-2,160,
SKU-A-2,161,
SKU-A-2,162,
SKU-A-2,163,
SKU-A-2,164,
SKU-A-2,165,
SKU-A-2,166,
SKU-A-2,167,
SKU-A-2,168,
SKU-A-2,169,
SKU-A-2,170,
SKU-A-2,171,
SKU-A-2,172,
SKU-A-2,173,
SKU-A-2,174,
SKU-A-2,175,
SKU-A-2,176,
SKU-A-2,177,
SKU-A-2,178,
SKU-A-2,179,
SKU-A-2,180,
SKU-A-2,181,
SKU-A-2,182,
SKU-A-2,183,
SKU-A-2,184,
SKU-A-2,185,
SKU-A-2,186,
SKU-A-2,187,
SKU-A-3,1,
SKU-A-3,2,
SKU-A-3,3,
SKU-A-3,4,
SKU-A-3,5,
SKU-A-3,6,
SKU-A-3,7,
SKU-A-3,8,
SKU-A-3,9,
SKU-A-3,10,
SKU-A-3,11,
SKU-A-3,12,
SKU-A-3,13,
SKU-A-3,14,
SKU-A-3,15,
SKU-A-3,16,
SKU-A-3,17,
SKU-A-3,18,
SKU-A-3,19,
SKU-A-3,20,
SKU-A-3,21,
SKU-A-3,22,318.0
SKU-A-3,23,1083.0
SKU-A-3,24,2548.0
SKU-A-3,25,477.0
SKU-A-3,26,6847.0
SKU-A-3,27,1910.0
SKU-A-3,28,5541.0
SKU-A-3,29,14809.0
SKU-A-3,30,21974.0
SKU-A-3,31,33758.0
SKU-A-3,32,9554.0
SKU-A-3,33,20860.0
SKU-A-3,34,16162.0
SKU-A-3,35,24157.0
SKU-A-3,36,27547.0
SKU-A-3,37,21496.0
SKU-A-3,38,32165.0
SKU-A-3,39,20701.0
SKU-A-3,40,33757.0
SKU-A-3,41,8599.0
SKU-A-3,42,26910.0
SKU-A-3,43,8471.0
SKU-A-3,44,24681.0
SKU-A-3,45,6211.0
SKU-A-3,46,12468.0
SKU-A-3,47,35907.0
SKU-A-3,48,29936.0
SKU-A-3,49,36624.0
SKU-A-3,50,58582.0
SKU-A-3,51,26990.0
SKU-A-3,52,46178.0
SKU-A-3,53,17277.0
SKU-A-3,54,54347.0
SKU-A-3,55,42754.0
SKU-A-3,56,42516.0
SKU-A-3,57,31846.0
SKU-A-3,58,41084.0
SKU-A-3,59,18073.0
SKU-A-3,60,72038.0
SKU-A-3,61,39426.0
SKU-A-3,62,45144.0
SKU-A-3,63,53662.0
SKU-A-3,64,15016.0
SKU-A-3,65,47930.0
SKU-A-3,66,27595.0
SKU-A-3,67,40764.0
SKU-A-3,68,44029.0
SKU-A-3,69,63535.0
SKU-A-3,70,53503.0
SKU-A-3,71,36146.0
SKU-A-3,72,33153.0
SKU-A-3,73,72452.0
SKU-A-3,74,40876.0
SKU-A-3,75,58201.0
SKU-A-3,76,43184.0
SKU-A-3,77,72787.0
SKU-A-3,78,27867.0
SKU-A-3,79,41879.0
SKU-A-3,80,8598.0
SKU-A-3,81,25733.0
SKU-A-3,82,107803.0
SKU-A-3,83,46816.0
SKU-A-3,84,25716.0
SKU-A-3,85,72771.0
SKU-A-3,86,40127.0
SKU-A-3,87,57214.0
SKU-A-3,88,78264.0
SKU-A-3,89,17834.0
SKU-A-3,90,30255.0
SKU-A-3,91,47771.0
SKU-A-3,92,21019.0
SKU-A-3,93,7978.0
SKU-A-3,94,31465.0
SKU-A-3,95,5971.0
SKU-A-3,96,20048.0
SKU-A-3,97,44889.0
SKU-A-3,98,52294.0
SKU-A-3,99,5636.0
SKU-A-3,100,16672.0
SKU-A-3,101,31591.0
SKU-A-3,102,52421.0
SKU-A-3,103,5143.0
SKU-A-3,104,21513.0
SKU-A-3,105,2690.0
SKU-A-3,106,5813.0
SKU-A-3,107,3615.0
SKU-A-3,108,1752.0
SKU-A-3,109,5255.0
SKU-A-3,110,4808.0
SKU-A-3,111,2611.0
SKU-A-3,112,11052.0
SKU-A-3,113,10892.0
SKU-A-3,114,12946.0
SKU-A-3,115,7022.0
SKU-A-3,116,8997.0
SKU-A-3,117,19920.0
SKU-A-3,118,11943.0
SKU-A-3,119,4999.0
SKU-A-3,120,14649.0
SKU-A-3,121,8917.0
SKU-A-3,122,2228.0
SKU-A-3,123,11783.0
SKU-A-3,124,13885.0
SKU-A-3,125,26274.0
SKU-A-3,126,53807.0
SKU-A-3,127,16401.0
SKU-A-3,128,477.0
SKU-A-3,129,0.0
SKU-A-3,130,15286.0
SKU-A-3,131,6624.0
SKU-A-3,132,9872.0
SKU-A-3,133,955.0
SKU-A-3,134,4825.0
SKU-A-3,135,53185.0
SKU-A-3,136,49363.0
SKU-A-3,137,796.0
SKU-A-3,138,87118.0
SKU-A-3,139,16.0
SKU-A-3,140,0.0
SKU-A-3,141,25159.0
SKU-A-3,142,35031.0
SKU-A-3,143,0.0
SKU-A-3,144,6369.0
SKU-A-3,145,0.0
SKU-A-3,146,0.0
SKU-A-3,147,0.0
SKU-A-3,148,0.0
SKU-A-3,149,0.0
SKU-A-3,150,1115.0
SKU-A-3,151,0.0
SKU-A-3,152,32.0
SKU-A-3,153,1274.0
SKU-A-3,154,48.0
SKU-A-3,155,717.0
SKU-A-3,156,955.0
SKU-A-3,157,159.0
SKU-A-3,158,0.0
SKU-A-3,159,3217.0
SKU-A-3,160,0.0
SKU-A-3,161,0.0
SKU-A-3,162,159.0
SKU-A-3,163,159.0
SKU-A-3,164,796.0
SKU-A-3,165,0.0
SKU-A-3,166,955.0
SKU-A-3,167,2548.0
SKU-A-3,168,0.0
SKU-A-3,169,0.0
SKU-A-3,170,16.0
SKU-A-3,171,0.0
SKU-A-3,172,32.0
SKU-A-3,173,
SKU-A-3,174,
SKU-A-3,175,
SKU-A-3,176,
SKU-A-3,177,
SKU-A-3,178,
SKU-A-3,179,
SKU-A-3,180,
SKU-A-3,181,
SKU-A-3,182,
SKU-A-3,183,
SKU-A-3,184,
SKU-A-3,185,
SKU-A-3,186,
SKU-A-3,187,
SKU-A-4,1,
SKU-A-4,2,
SKU-A-4,3,
SKU-A-4,4,
SKU-A-4,5,
SKU-A-4,6,
SKU-A-4,7,
SKU-A-4,8,
SKU-A-4,9,
SKU-A-4,10,
SKU-A-4,11,
SKU-A-4,12,
SKU-A-4,13,
SKU-A-4,14,
SKU-A-4,15,
SKU-A-4,16,
SKU-A-4,17,
SKU-A-4,18,
SKU-A-4,19,
SKU-A-4,20,
SKU-A-4,21,
SKU-A-4,22,
SKU-A-4,23,
SKU-A-4,24,
SKU-A-4,25,
SKU-A-4,26,
SKU-A-4,27,
SKU-A-4,28,
SKU-A-4,29,
SKU-A-4,30,
SKU-A-4,31,
SKU-A-4,32,
SKU-A-4,33,
SKU-A-4,34,
SKU-A-4,35,
SKU-A-4,36,
SKU-A-4,37,
SKU-A-4,38,
SKU-A-4,39,
SKU-A-4,40,
SKU-A-4,41,
SKU-A-4,42,
SKU-A-4,43,
SKU-A-4,44,
SKU-A-4,45,
SKU-A-4,46,
SKU-A-4,47,
SKU-A-4,48,
SKU-A-4,49,
SKU-A-4,50,
SKU-A-4,51,
SKU-A-4,52,
SKU-A-4,53,
SKU-A-4,54,
SKU-A-4,55,
SKU-A-4,56,
SKU-A-4,57,
SKU-A-4,58,
SKU-A-4,59,
SKU-A-4,60,
SKU-A-4,61,
SKU-A-4,62,
SKU-A-4,63,
SKU-A-4,64,
SKU-A-4,65,
SKU-A-4,66,
SKU-A-4,67,
SKU-A-4,68,
SKU-A-4,69,
SKU-A-4,70,
SKU-A-4,71,
SKU-A-4,72,
SKU-A-4,73,
SKU-A-4,74,
SKU-A-4,75,159.0
SKU-A-4,76,0.0
SKU-A-4,77,5891.0
SKU-A-4,78,5573.0
SKU-A-4,79,5319.0
SKU-A-4,80,10988.0
SKU-A-4,81,9076.0
SKU-A-4,82,13216.0
SKU-A-4,83,6369.0
SKU-A-4,84,17994.0
SKU-A-4,85,14809.0
SKU-A-4,86,21657.0
SKU-A-4,87,13375.0
SKU-A-4,88,30255.0
SKU-A-4,89,15446.0
SKU-A-4,90,44108.0
SKU-A-4,91,19744.0
SKU-A-4,92,16481.0
SKU-A-4,93,33041.0
SKU-A-4,94,28917.0
SKU-A-4,95,16226.0
SKU-A-4,96,29506.0
SKU-A-4,97,27150.0
SKU-A-4,98,23567.0
SKU-A-4,99,19634.0
SKU-A-4,100,26831.0
SKU-A-4,101,42197.0
SKU-A-4,102,41369.0
SKU-A-4,103,65174.0
SKU-A-4,104,33440.0
SKU-A-4,105,32166.0
SKU-A-4,106,33281.0
SKU-A-4,107,65127.0
SKU-A-4,108,69330.0
SKU-A-4,109,61385.0
SKU-A-4,110,42198.0
SKU-A-4,111,54459.0
SKU-A-4,112,42929.0
SKU-A-4,113,47835.0
SKU-A-4,114,62691.0
SKU-A-4,115,83089.0
SKU-A-4,116,68583.0
SKU-A-4,117,48233.0
SKU-A-4,118,64283.0
SKU-A-4,119,39697.0
SKU-A-4,120,90303.0
SKU-A-4,121,81211.0
SKU-A-4,122,35828.0
SKU-A-4,123,57643.0
SKU-A-4,124,57405.0
SKU-A-4,125,108917.0
SKU-A-4,126,100955.0
SKU-A-4,127,72197.0
SKU-A-4,128,68201.0
SKU-A-4,129,142039.0
SKU-A-4,130,113965.0
SKU-A-4,131,50717.0
SKU-A-4,132,44602.0
SKU-A-4,133,79840.0
SKU-A-4,134,43470.0
SKU-A-4,135,86257.0
SKU-A-4,136,89426.0
SKU-A-4,137,56114.0
SKU-A-4,138,65543.0
SKU-A-4,139,110128.0
SKU-A-4,140,93361.0
SKU-A-4,141,153582.0
SKU-A-4,142,107961.0
SKU-A-4,143,93248.0
SKU-A-4,144,94682.0
SKU-A-4,145,30175.0
SKU-A-4,146,63264.0
SKU-A-4,147,90048.0
SKU-A-4,148,107294.0
SKU-A-4,149,48440.0
SKU-A-4,150,50208.0
SKU-A-4,151,42452.0
SKU-A-4,152,49872.0
SKU-A-4,153,140303.0
SKU-A-4,154,85987.0
SKU-A-4,155,129316.0
SKU-A-4,156,104602.0
SKU-A-4,157,48073.0
SKU-A-4,158,52978.0
SKU-A-4,159,53869.0
SKU-A-4,160,108041.0
SKU-A-4,161,57309.0
SKU-A-4,162,73917.0
SKU-A-4,163,32739.0
SKU-A-4,164,73328.0
SKU-A-4,165,48503.0
SKU-A-4,166,76655.0
SKU-A-4,167,41879.0
SKU-A-4,168,54124.0
SKU-A-4,169,63870.0
SKU-A-4,170,62532.0
SKU-A-4,171,31560.0
SKU-A-4,172,55589.0
SKU-A-4,173,51465.0
SKU-A-4,174,32484.0
SKU-A-4,175,40350.0
SKU-A-4,176,43647.0
SKU-A-4,177,47739.0
SKU-A-4,178,19013.0
SKU-A-4,179,27707.0
SKU-A-4,180,22626.0
SKU-A-4,181,63917.0
SKU-A-4,182,26385.0
SKU-A-4,183,45653.0
SKU-A-4,184,10175.0
SKU-A-4,185,23821.0
SKU-A-4,186,10811.0
SKU-A-4,187,7707.0
SKU-A-5,1,
SKU-A-5,2,
SKU-A-5,3,
SKU-A-5,4,
SKU-A-5,5,
SKU-A-5,6,
SKU-A-5,7,
SKU-A-5,8,
SKU-A-5,9,
SKU-A-5,10,
SKU-A-5,11,
SKU-A-5,12,
SKU-A-5,13,
SKU-A-5,14,
SKU-A-5,15,
SKU-A-5,16,
SKU-A-5,17,
SKU-A-5,18,
SKU-A-5,19,
SKU-A-5,20,
SKU-A-5,21,
SKU-A-5,22,
SKU-A-5,23,
SKU-A-5,24,
SKU-A-5,25,
SKU-A-5,26,
SKU-A-5,27,
SKU-A-5,28,
SKU-A-5,29,
SKU-A-5,30,
SKU-A-5,31,
SKU-A-5,32,
SKU-A-5,33,
SKU-A-5,34,
SKU-A-5,35,
SKU-A-5,36,
SKU-A-5,37,
SKU-A-5,38,
SKU-A-5,39,
SKU-A-5,40,
SKU-A-5,41,
SKU-A-5,42,
SKU-A-5,43,
SKU-A-5,44,
SKU-A-5,45,
SKU-A-5,46,
SKU-A-5,47,
SKU-A-5,48,
SKU-A-5,49,
SKU-A-5,50,
SKU-A-5,51,
SKU-A-5,52,
SKU-A-5,53,
SKU-A-5,54,
SKU-A-5,55,
SKU-A-5,56,
SKU-A-5,57,
SKU-A-5,58,
SKU-A-5,59,
SKU-A-5,60,
SKU-A-5,61,
SKU-A-5,62,
SKU-A-5,63,
SKU-A-5,64,
SKU-A-5,65,
SKU-A-5,66,
SKU-A-5,67,
SKU-A-5,68,
SKU-A-5,69,
SKU-A-5,70,
SKU-A-5,71,
SKU-A-5,72,
SKU-A-5,73,
SKU-A-5,74,
SKU-A-5,75,
SKU-A-5,76,
SKU-A-5,77,
SKU-A-5,78,
SKU-A-5,79,
SKU-A-5,80,
SKU-A-5,81,
SKU-A-5,82,
SKU-A-5,83,
SKU-A-5,84,
SKU-A-5,85,
SKU-A-5,86,
SKU-A-5,87,
SKU-A-5,88,
SKU-A-5,89,
SKU-A-5,90,
SKU-A-5,91,
SKU-A-5,92,
SKU-A-5,93,
SKU-A-5,94,
SKU-A-5,95,
SKU-A-5,96,
SKU-A-5,97,
SKU-A-5,98,
SKU-A-5,99,
SKU-A-5,100,
SKU-A-5,101,
SKU-A-5,102,
SKU-A-5,103,
SKU-A-5,104,
SKU-A-5,105,
SKU-A-5,106,
SKU-A-5,107,
SKU-A-5,108,
SKU-A-5,109,
SKU-A-5,110,
SKU-A-5,111,
SKU-A-5,112,
SKU-A-5,113,
SKU-A-5,114,
SKU-A-5,115,
SKU-A-5,116,
SKU-A-5,117,
SKU-A-5,118,
SKU-A-5,119,
SKU-A-5,120,
SKU-A-5,121,
SKU-A-5,122,
SKU-A-5,123,
SKU-A-5,124,
SKU-A-5,125,
SKU-A-5,126,
SKU-A-5,127,
SKU-A-5,128,
SKU-A-5,129,
SKU-A-5,130,
SKU-A-5,131,
SKU-A-5,132,
SKU-A-5,133,
SKU-A-5,134,
SKU-A-5,135,
SKU-A-5,136,
SKU-A-5,137,
SKU-A-5,138,
SKU-A-5,139,
SKU-A-5,140,
SKU-A-5,141,
SKU-A-5,142,
SKU-A-5,143,
SKU-A-5,144,
SKU-A-5,145,
SKU-A-5,146,
SKU-A-5,147,
SKU-A-5,148,
SKU-A-5,149,
SKU-A-5,150,
SKU-A-5,151,
SKU-A-5,152,
SKU-A-5,153,
SKU-A-5,154,
SKU-A-5,155,
SKU-A-5,156,
SKU-A-5,157,
SKU-A-5,158,318.0
SKU-A-5,159,159.0
SKU-A-5,160,0.0
SKU-A-5,161,2389.0
SKU-A-5,162,14012.0
SKU-A-5,163,11210.0
SKU-A-5,164,637.0
SKU-A-5,165,27356.0
SKU-A-5,166,115334.0
SKU-A-5,167,11417.0
SKU-A-5,168,25383.0
SKU-A-5,169,18805.0
SKU-A-5,170,24809.0
SKU-A-5,171,8344.0
SKU-A-5,172,54267.0
SKU-A-5,173,37420.0
SKU-A-5,174,48615.0
SKU-A-5,175,13503.0
SKU-A-5,176,13440.0
SKU-A-5,177,15318.0
SKU-A-5,178,56450.0
SKU-A-5,179,86241.0
SKU-A-5,180,53774.0
SKU-A-5,181,35255.0
SKU-A-5,182,68407.0
SKU-A-5,183,138534.0
SKU-A-5,184,25462.0
SKU-A-5,185,38057.0
SKU-A-5,186,53806.0
SKU-A-5,187,95573.0
SKU-B-1,1,557.0
SKU-B-1,2,1433.0
SKU-B-1,3,0.0
SKU-B-1,4,478.0
SKU-B-1,5,637.0
SKU-B-1,6,955.0
SKU-B-1,7,478.0
SKU-B-1,8,318.0
SKU-B-1,9,637.0
SKU-B-1,10,398.0
SKU-B-1,11,318.0
SKU-B-1,12,0.0
SKU-B-1,13,637.0
SKU-B-1,14,0.0
SKU-B-1,15,0.0
SKU-B-1,16,796.0
SKU-B-1,17,0.0
SKU-B-1,18,159.0
SKU-B-1,19,318.0
SKU-B-1,20,0.0
SKU-B-1,21,16.0
SKU-B-1,22,318.0
SKU-B-1,23,0.0
SKU-B-1,24,0.0
SKU-B-1,25,159.0
SKU-B-1,26,159.0
SKU-B-1,27,
SKU-B-1,28,
SKU-B-1,29,
SKU-B-1,30,
SKU-B-1,31,
SKU-B-1,32,
SKU-B-1,33,
SKU-B-1,34,
SKU-B-1,35,
SKU-B-1,36,
SKU-B-1,37,
SKU-B-1,38,
SKU-B-1,39,
SKU-B-1,40,
SKU-B-1,41,
SKU-B-1,42,
SKU-B-1,43,
SKU-B-1,44,
SKU-B-1,45,
SKU-B-1,46,
SKU-B-1,47,
SKU-B-1,48,
SKU-B-1,49,
SKU-B-1,50,
SKU-B-1,51,
SKU-B-1,52,
SKU-B-1,53,
SKU-B-1,54,
SKU-B-1,55,
SKU-B-1,56,
SKU-B-1,57,
SKU-B-1,58,
SKU-B-1,59,
SKU-B-1,60,
SKU-B-1,61,
SKU-B-1,62,
SKU-B-1,63,
SKU-B-1,64,
SKU-B-1,65,
SKU-B-1,66,
SKU-B-1,67,
SKU-B-1,68,
SKU-B-1,69,
SKU-B-1,70,
SKU-B-1,71,
SKU-B-1,72,
SKU-B-1,73,
SKU-B-1,74,
SKU-B-1,75,
SKU-B-1,76,
SKU-B-1,77,
SKU-B-1,78,
SKU-B-1,79,
SKU-B-1,80,
SKU-B-1,81,
SKU-B-1,82,
SKU-B-1,83,
SKU-B-1,84,
SKU-B-1,85,
SKU-B-1,86,
SKU-B-1,87,
SKU-B-1,88,
SKU-B-1,89,
SKU-B-1,90,
SKU-B-1,91,
SKU-B-1,92,
SKU-B-1,93,
SKU-B-1,94,
SKU-B-1,95,
SKU-B-1,96,
SKU-B-1,97,
SKU-B-1,98,
SKU-B-1,99,
SKU-B-1,100,
SKU-B-1,101,
SKU-B-1,102,
SKU-B-1,103,
SKU-B-1,104,
SKU-B-1,105,
SKU-B-1,106,
SKU-B-1,107,
SKU-B-1,108,
SKU-B-1,109,
SKU-B-1,110,
SKU-B-1,111,
SKU-B-1,112,
SKU-B-1,113,
SKU-B-1,114,
SKU-B-1,115,
SKU-B-1,116,
SKU-B-1,117,
SKU-B-1,118,
SKU-B-1,119,
SKU-B-1,120,
SKU-B-1,121,
SKU-B-1,122,
SKU-B-1,123,
SKU-B-1,124,
SKU-B-1,125,
SKU-B-1,126,
SKU-B-1,127,
SKU-B-1,128,
SKU-B-1,129,
SKU-B-1,130,
SKU-B-1,131,
SKU-B-1,132,
SKU-B-1,133,
SKU-B-1,134,
SKU-B-1,135,
SKU-B-1,136,
SKU-B-1,137,
SKU-B-1,138,
SKU-B-1,139,
SKU-B-1,140,
SKU-B-1,141,
SKU-B-1,142,
SKU-B-1,143,
SKU-B-1,144,
SKU-B-1,145,
SKU-B-1,146,
SKU-B-1,147,
SKU-B-1,148,
SKU-B-1,149,
SKU-B-1,150,
SKU-B-1,151,
SKU-B-1,152,
SKU-B-1,153,
SKU-B-1,154,
SKU-B-1,155,
SKU-B-1,156,
SKU-B-1,157,
SKU-B-1,158,
SKU-B-1,159,
SKU-B-1,160,
SKU-B-1,161,
SKU-B-1,162,
SKU-B-1,163,
SKU-B-1,164,
SKU-B-1,165,
SKU-B-1,166,
SKU-B-1,167,
SKU-B-1,168,
SKU-B-1,169,
SKU-B-1,170,
SKU-B-1,171,
SKU-B-1,172,
SKU-B-1,173,
SKU-B-1,174,
SKU-B-1,175,
SKU-B-1,176,
SKU-B-1,177,
SKU-B-1,178,
SKU-B-1,179,
SKU-B-1,180,
SKU-B-1,181,
SKU-B-1,182,
SKU-B-1,183,
SKU-B-1,184,
SKU-B-1,185,
SKU-B-1,186,
SKU-B-1,187,
SKU-B-2,1,118312.0
SKU-B-2,2,155573.0
SKU-B-2,3,242675.0
SKU-B-2,4,222930.0
SKU-B-2,5,260351.0
SKU-B-2,6,145700.0
SKU-B-2,7,194587.0
SKU-B-2,8,161624.0
SKU-B-2,9,317834.0
SKU-B-2,10,175478.0
SKU-B-2,11,159235.0
SKU-B-2,12,281688.0
SKU-B-2,13,266640.0
SKU-B-2,14,119905.0
SKU-B-2,15,216721.0
SKU-B-2,16,227388.0
SKU-B-2,17,197452.0
SKU-B-2,18,297500.0
SKU-B-2,19,140924.0
SKU-B-2,20,121003.0
SKU-B-2,21,140765.0
SKU-B-2,22,131528.0
SKU-B-2,23,82644.0
SKU-B-2,24,56210.0
SKU-B-2,25,165780.0
SKU-B-2,26,134554.0
SKU-B-2,27,102228.0
SKU-B-2,28,165127.0
SKU-B-2,29,116401.0
SKU-B-2,30,132006.0
SKU-B-2,31,219506.0
SKU-B-2,32,194856.0
SKU-B-2,33,110668.0
SKU-B-2,34,86306.0
SKU-B-2,35,99364.0
SKU-B-2,36,162262.0
SKU-B-2,37,138376.0
SKU-B-2,38,170542.0
SKU-B-2,39,83041.0
SKU-B-2,40,66880.0
SKU-B-2,41,71019.0
SKU-B-2,42,120702.0
SKU-B-2,43,104618.0
SKU-B-2,44,64888.0
SKU-B-2,45,64969.0
SKU-B-2,46,75478.0
SKU-B-2,47,81688.0
SKU-B-2,48,87580.0
SKU-B-2,49,75319.0
SKU-B-2,50,77866.0
SKU-B-2,51,107643.0
SKU-B-2,52,77071.0
SKU-B-2,53,63854.0
SKU-B-2,54,56689.0
SKU-B-2,55,64332.0
SKU-B-2,56,47611.0
SKU-B-2,57,60031.0
SKU-B-2,58,39969.0
SKU-B-2,59,52547.0
SKU-B-2,60,64809.0
SKU-B-2,61,62421.0
SKU-B-2,62,65446.0
SKU-B-2,63,53058.0
SKU-B-2,64,41449.0
SKU-B-2,65,70287.0
SKU-B-2,66,61496.0
SKU-B-2,67,61018.0
SKU-B-2,68,48566.0
SKU-B-2,69,45542.0
SKU-B-2,70,55335.0
SKU-B-2,71,29475.0
SKU-B-2,72,38360.0
SKU-B-2,73,49458.0
SKU-B-2,74,29410.0
SKU-B-2,75,23775.0
SKU-B-2,76,23822.0
SKU-B-2,77,24204.0
SKU-B-2,78,18694.0
SKU-B-2,79,20223.0
SKU-B-2,80,24650.0
SKU-B-2,81,27070.0
SKU-B-2,82,30796.0
SKU-B-2,83,28265.0
SKU-B-2,84,21592.0
SKU-B-2,85,32675.0
SKU-B-2,86,35908.0
SKU-B-2,87,31943.0
SKU-B-2,88,20366.0
SKU-B-2,89,32994.0
SKU-B-2,90,46353.0
SKU-B-2,91,11465.0
SKU-B-2,92,27070.0
SKU-B-2,93,11305.0
SKU-B-2,94,23631.0
SKU-B-2,95,13200.0
SKU-B-2,96,22946.0
SKU-B-2,97,16846.0
SKU-B-2,98,19985.0
SKU-B-2,99,9315.0
SKU-B-2,100,17373.0
SKU-B-2,101,20398.0
SKU-B-2,102,18073.0
SKU-B-2,103,22516.0
SKU-B-2,104,24808.0
SKU-B-2,105,8503.0
SKU-B-2,106,14697.0
SKU-B-2,107,10717.0
SKU-B-2,108,6513.0
SKU-B-2,109,1784.0
SKU-B-2,110,605.0
SKU-B-2,111,
SKU-B-2,112,
SKU-B-2,113,
SKU-B-2,114,
SKU-B-2,115,
SKU-B-2,116,
SKU-B-2,117,
SKU-B-2,118,
SKU-B-2,119,
SKU-B-2,120,
SKU-B-2,121,
SKU-B-2,122,
SKU-B-2,123,
SKU-B-2,124,
SKU-B-2,125,
SKU-B-2,126,
SKU-B-2,127,
SKU-B-2,128,
SKU-B-2,129,
SKU-B-2,130,
SKU-B-2,131,
SKU-B-2,132,
SKU-B-2,133,
SKU-B-2,134,
SKU-B-2,135,
SKU-B-2,136,
SKU-B-2,137,
SKU-B-2,138,
SKU-B-2,139,
SKU-B-2,140,
SKU-B-2,141,
SKU-B-2,142,
SKU-B-2,143,
SKU-B-2,144,
SKU-B-2,145,
SKU-B-2,146,
SKU-B-2,147,
SKU-B-2,148,
SKU-B-2,149,
SKU-B-2,150,
SKU-B-2,151,
SKU-B-2,152,
SKU-B-2,153,
SKU-B-2,154,
SKU-B-2,155,
SKU-B-2,156,
SKU-B-2,157,
SKU-B-2,158,
SKU-B-2,159,
SKU-B-2,160,
SKU-B-2,161,
SKU-B-2,162,
SKU-B-2,163,
SKU-B-2,164,
SKU-B-2,165,
SKU-B-2,166,
SKU-B-2,167,
SKU-B-2,168,
SKU-B-2,169,
SKU-B-2,170,
SKU-B-2,171,
SKU-B-2,172,
SKU-B-2,173,
SKU-B-2,174,
SKU-B-2,175,
SKU-B-2,176,
SKU-B-2,177,
SKU-B-2,178,
SKU-B-2,179,
SKU-B-2,180,
SKU-B-2,181,
SKU-B-2,182,
SKU-B-2,183,
SKU-B-2,184,
SKU-B-2,185,
SKU-B-2,186,
SKU-B-2,187,
SKU-B-3,1,
SKU-B-3,2,
SKU-B-3,3,
SKU-B-3,4,
SKU-B-3,5,
SKU-B-3,6,
SKU-B-3,7,
SKU-B-3,8,
SKU-B-3,9,
SKU-B-3,10,
SKU-B-3,11,
SKU-B-3,12,
SKU-B-3,13,
SKU-B-3,14,
SKU-B-3,15,
SKU-B-3,16,
SKU-B-3,17,
SKU-B-3,18,
SKU-B-3,19,
SKU-B-3,20,
SKU-B-3,21,318.0
SKU-B-3,22,796.0
SKU-B-3,23,3773.0
SKU-B-3,24,1911.0
SKU-B-3,25,3503.0
SKU-B-3,26,20621.0
SKU-B-3,27,4140.0
SKU-B-3,28,6210.0
SKU-B-3,29,37022.0
SKU-B-3,30,32803.0
SKU-B-3,31,66800.0
SKU-B-3,32,44188.0
SKU-B-3,33,40239.0
SKU-B-3,34,51990.0
SKU-B-3,35,67038.0
SKU-B-3,36,95701.0
SKU-B-3,37,76193.0
SKU-B-3,38,150637.0
SKU-B-3,39,53025.0
SKU-B-3,40,96338.0
SKU-B-3,41,40922.0
SKU-B-3,42,76912.0
SKU-B-3,43,79061.0
SKU-B-3,44,90924.0
SKU-B-3,45,59713.0
SKU-B-3,46,37102.0
SKU-B-3,47,51115.0
SKU-B-3,48,89490.0
SKU-B-3,49,98567.0
SKU-B-3,50,95382.0
SKU-B-3,51,142516.0
SKU-B-3,52,147133.0
SKU-B-3,53,95541.0
SKU-B-3,54,141163.0
SKU-B-3,55,111307.0
SKU-B-3,56,149045.0
SKU-B-3,57,103264.0
SKU-B-3,58,80733.0
SKU-B-3,59,77309.0
SKU-B-3,60,157006.0
SKU-B-3,61,95637.0
SKU-B-3,62,107914.0
SKU-B-3,63,151209.0
SKU-B-3,64,93758.0
SKU-B-3,65,112325.0
SKU-B-3,66,122293.0
SKU-B-3,67,127069.0
SKU-B-3,68,165288.0
SKU-B-3,69,105095.0
SKU-B-3,70,104635.0
SKU-B-3,71,95381.0
SKU-B-3,72,121019.0
SKU-B-3,73,121338.0
SKU-B-3,74,113344.0
SKU-B-3,75,146974.0
SKU-B-3,76,97357.0
SKU-B-3,77,168806.0
SKU-B-3,78,104125.0
SKU-B-3,79,99841.0
SKU-B-3,80,85907.0
SKU-B-3,81,97612.0
SKU-B-3,82,180016.0
SKU-B-3,83,124841.0
SKU-B-3,84,109873.0
SKU-B-3,85,83441.0
SKU-B-3,86,140287.0
SKU-B-3,87,109396.0
SKU-B-3,88,141879.0
SKU-B-3,89,88535.0
SKU-B-3,90,105733.0
SKU-B-3,91,79618.0
SKU-B-3,92,59952.0
SKU-B-3,93,49841.0
SKU-B-3,94,100732.0
SKU-B-3,95,30079.0
SKU-B-3,96,54920.0
SKU-B-3,97,75652.0
SKU-B-3,98,62674.0
SKU-B-3,99,34140.0
SKU-B-3,100,53105.0
SKU-B-3,101,56370.0
SKU-B-3,102,57484.0
SKU-B-3,103,57674.0
SKU-B-3,104,46752.0
SKU-B-3,105,30510.0
SKU-B-3,106,21656.0
SKU-B-3,107,21273.0
SKU-B-3,108,38615.0
SKU-B-3,109,30606.0
SKU-B-3,110,31418.0
SKU-B-3,111,21784.0
SKU-B-3,112,29331.0
SKU-B-3,113,23757.0
SKU-B-3,114,26974.0
SKU-B-3,115,19219.0
SKU-B-3,116,42914.0
SKU-B-3,117,36434.0
SKU-B-3,118,21785.0
SKU-B-3,119,20271.0
SKU-B-3,120,35048.0
SKU-B-3,121,25956.0
SKU-B-3,122,2595.0
SKU-B-3,123,17197.0
SKU-B-3,124,17516.0
SKU-B-3,125,41879.0
SKU-B-3,126,26115.0
SKU-B-3,127,21991.0
SKU-B-3,128,2867.0
SKU-B-3,129,35032.0
SKU-B-3,130,37660.0
SKU-B-3,131,9012.0
SKU-B-3,132,6162.0
SKU-B-3,133,5732.0
SKU-B-3,134,5781.0
SKU-B-3,135,22230.0
SKU-B-3,136,25318.0
SKU-B-3,137,14650.0
SKU-B-3,138,23503.0
SKU-B-3,139,12739.0
SKU-B-3,140,4777.0
SKU-B-3,141,11146.0
SKU-B-3,142,22451.0
SKU-B-3,143,18152.0
SKU-B-3,144,1592.0
SKU-B-3,145,956.0
SKU-B-3,146,796.0
SKU-B-3,147,637.0
SKU-B-3,148,2070.0
SKU-B-3,149,2150.0
SKU-B-3,150,1115.0
SKU-B-3,151,3822.0
SKU-B-3,152,7038.0
SKU-B-3,153,3344.0
SKU-B-3,154,4936.0
SKU-B-3,155,1592.0
SKU-B-3,156,0.0
SKU-B-3,157,1752.0
SKU-B-3,158,1433.0
SKU-B-3,159,159.0
SKU-B-3,160,1274.0
SKU-B-3,161,1273.0
SKU-B-3,162,318.0
SKU-B-3,163,159.0
SKU-B-3,164,0.0
SKU-B-3,165,0.0
SKU-B-3,166,955.0
SKU-B-3,167,0.0
SKU-B-3,168,478.0
SKU-B-3,169,796.0
SKU-B-3,170,637.0
SKU-B-3,171,0.0
SKU-B-3,172,1592.0
SKU-B-3,173,5573.0
SKU-B-3,174,0.0
SKU-B-3,175,0.0
SKU-B-3,176,2389.0
SKU-B-3,177,318.0
SKU-B-3,178,159.0
SKU-B-3,179,159.0
SKU-B-3,180,
SKU-B-3,181,
SKU-B-3,182,
SKU-B-3,183,
SKU-B-3,184,
SKU-B-3,185,
SKU-B-3,186,
SKU-B-3,187,
SKU-B-4,1,
SKU-B-4,2,
SKU-B-4,3,
SKU-B-4,4,
SKU-B-4,5,
SKU-B-4,6,
SKU-B-4,7,
SKU-B-4,8,
SKU-B-4,9,
SKU-B-4,10,
SKU-B-4,11,
SKU-B-4,12,
SKU-B-4,13,
SKU-B-4,14,
SKU-B-4,15,
SKU-B-4,16,
SKU-B-4,17,
SKU-B-4,18,
SKU-B-4,19,
SKU-B-4,20,
SKU-B-4,21,
SKU-B-4,22,
SKU-B-4,23,
SKU-B-4,24,
SKU-B-4,25,
SKU-B-4,26,
SKU-B-4,27,
SKU-B-4,28,
SKU-B-4,29,
SKU-B-4,30,
SKU-B-4,31,
SKU-B-4,32,
SKU-B-4,33,
SKU-B-4,34,
SKU-B-4,35,
SKU-B-4,36,
SKU-B-4,37,
SKU-B-4,38,
SKU-B-4,39,
SKU-B-4,40,
SKU-B-4,41,
SKU-B-4,42,
SKU-B-4,43,
SKU-B-4,44,
SKU-B-4,45,
SKU-B-4,46,
SKU-B-4,47,
SKU-B-4,48,
SKU-B-4,49,
SKU-B-4,50,
SKU-B-4,51,
SKU-B-4,52,
SKU-B-4,53,
SKU-B-4,54,
SKU-B-4,55,
SKU-B-4,56,
SKU-B-4,57,
SKU-B-4,58,
SKU-B-4,59,
SKU-B-4,60,
SKU-B-4,61,
SKU-B-4,62,
SKU-B-4,63,
SKU-B-4,64,
SKU-B-4,65,
SKU-B-4,66,
SKU-B-4,67,
SKU-B-4,68,
SKU-B-4,69,
SKU-B-4,70,
SKU-B-4,71,
SKU-B-4,72,
SKU-B-4,73,
SKU-B-4,74,478.0
SKU-B-4,75,477.0
SKU-B-4,76,2388.0
SKU-B-4,77,12738.0
SKU-B-4,78,15923.0
SKU-B-4,79,8519.0
SKU-B-4,80,12181.0
SKU-B-4,81,22690.0
SKU-B-4,82,32166.0
SKU-B-4,83,9427.0
SKU-B-4,84,12340.0
SKU-B-4,85,11305.0
SKU-B-4,86,15763.0
SKU-B-4,87,18312.0
SKU-B-4,88,33678.0
SKU-B-4,89,63056.0
SKU-B-4,90,56528.0
SKU-B-4,91,30891.0
SKU-B-4,92,27070.0
SKU-B-4,93,35191.0
SKU-B-4,94,35748.0
SKU-B-4,95,23407.0
SKU-B-4,96,39586.0
SKU-B-4,97,21608.0
SKU-B-4,98,21337.0
SKU-B-4,99,27945.0
SKU-B-4,100,37213.0
SKU-B-4,101,37453.0
SKU-B-4,102,58695.0
SKU-B-4,103,79156.0
SKU-B-4,104,61513.0
SKU-B-4,105,39029.0
SKU-B-4,106,44379.0
SKU-B-4,107,74044.0
SKU-B-4,108,102086.0
SKU-B-4,109,60016.0
SKU-B-4,110,56400.0
SKU-B-4,111,52324.0
SKU-B-4,112,70749.0
SKU-B-4,113,55223.0
SKU-B-4,114,101688.0
SKU-B-4,115,88009.0
SKU-B-4,116,101306.0
SKU-B-4,117,57930.0
SKU-B-4,118,76895.0
SKU-B-4,119,77962.0
SKU-B-4,120,138327.0
SKU-B-4,121,72229.0
SKU-B-4,122,44746.0
SKU-B-4,123,54299.0
SKU-B-4,124,68949.0
SKU-B-4,125,76911.0
SKU-B-4,126,71975.0
SKU-B-4,127,60222.0
SKU-B-4,128,64665.0
SKU-B-4,129,150797.0
SKU-B-4,130,119076.0
SKU-B-4,131,52517.0
SKU-B-4,132,39522.0
SKU-B-4,133,75127.0
SKU-B-4,134,34617.0
SKU-B-4,135,71703.0
SKU-B-4,136,80016.0
SKU-B-4,137,46466.0
SKU-B-4,138,67309.0
SKU-B-4,139,67039.0
SKU-B-4,140,96911.0
SKU-B-4,141,94714.0
SKU-B-4,142,192357.0
SKU-B-4,143,85015.0
SKU-B-4,144,39649.0
SKU-B-4,145,8567.0
SKU-B-4,146,56752.0
SKU-B-4,147,56082.0
SKU-B-4,148,81576.0
SKU-B-4,149,37054.0
SKU-B-4,150,28153.0
SKU-B-4,151,62627.0
SKU-B-4,152,61847.0
SKU-B-4,153,99650.0
SKU-B-4,154,90941.0
SKU-B-4,155,60079.0
SKU-B-4,156,96656.0
SKU-B-4,157,83997.0
SKU-B-4,158,31687.0
SKU-B-4,159,40765.0
SKU-B-4,160,63997.0
SKU-B-4,161,51114.0
SKU-B-4,162,46274.0
SKU-B-4,163,42898.0
SKU-B-4,164,74077.0
SKU-B-4,165,62978.0
SKU-B-4,166,61416.0
SKU-B-4,167,55302.0
SKU-B-4,168,66179.0
SKU-B-4,169,79235.0
SKU-B-4,170,53933.0
SKU-B-4,171,50541.0
SKU-B-4,172,55048.0
SKU-B-4,173,40844.0
SKU-B-4,174,57707.0
SKU-B-4,175,35414.0
SKU-B-4,176,34330.0
SKU-B-4,177,48948.0
SKU-B-4,178,36226.0
SKU-B-4,179,31019.0
SKU-B-4,180,60239.0
SKU-B-4,181,24840.0
SKU-B-4,182,36529.0
SKU-B-4,183,41052.0
SKU-B-4,184,15845.0
SKU-B-4,185,20509.0
SKU-B-4,186,23105.0
SKU-B-4,187,31560.0
SKU-B-5,1,
SKU-B-5,2,
SKU-B-5,3,
SKU-B-5,4,
SKU-B-5,5,
SKU-B-5,6,
SKU-B-5,7,
SKU-B-5,8,
SKU-B-5,9,
SKU-B-5,10,
SKU-B-5,11,
SKU-B-5,12,
SKU-B-5,13,
SKU-B-5,14,
SKU-B-5,15,
SKU-B-5,16,
SKU-B-5,17,
SKU-B-5,18,
SKU-B-5,19,
SKU-B-5,20,
SKU-B-5,21,
SKU-B-5,22,
SKU-B-5,23,
SKU-B-5,24,
SKU-B-5,25,
SKU-B-5,26,
SKU-B-5,27,
SKU-B-5,28,
SKU-B-5,29,
SKU-B-5,30,
SKU-B-5,31,
SKU-B-5,32,
SKU-B-5,33,
SKU-B-5,34,
SKU-B-5,35,
SKU-B-5,36,
SKU-B-5,37,
SKU-B-5,38,
SKU-B-5,39,
SKU-B-5,40,
SKU-B-5,41,
SKU-B-5,42,
SKU-B-5,43,
SKU-B-5,44,
SKU-B-5,45,
SKU-B-5,46,
SKU-B-5,47,
SKU-B-5,48,
SKU-B-5,49,
SKU-B-5,50,
SKU-B-5,51,
SKU-B-5,52,
SKU-B-5,53,
SKU-B-5,54,
SKU-B-5,55,
SKU-B-5,56,
SKU-B-5,57,
SKU-B-5,58,
SKU-B-5,59,
SKU-B-5,60,
SKU-B-5,61,
SKU-B-5,62,
SKU-B-5,63,
SKU-B-5,64,
SKU-B-5,65,
SKU-B-5,66,
SKU-B-5,67,
SKU-B-5,68,
SKU-B-5,69,
SKU-B-5,70,
SKU-B-5,71,
SKU-B-5,72,
SKU-B-5,73,
SKU-B-5,74,
SKU-B-5,75,
SKU-B-5,76,
SKU-B-5,77,
SKU-B-5,78,
SKU-B-5,79,
SKU-B-5,80,
SKU-B-5,81,
SKU-B-5,82,
SKU-B-5,83,
SKU-B-5,84,
SKU-B-5,85,
SKU-B-5,86,
SKU-B-5,87,
SKU-B-5,88,
SKU-B-5,89,
SKU-B-5,90,
SKU-B-5,91,
SKU-B-5,92,
SKU-B-5,93,
SKU-B-5,94,
SKU-B-5,95,
SKU-B-5,96,
SKU-B-5,97,
SKU-B-5,98,
SKU-B-5,99,
SKU-B-5,100,
SKU-B-5,101,
SKU-B-5,102,
SKU-B-5,103,
SKU-B-5,104,
SKU-B-5,105,
SKU-B-5,106,
SKU-B-5,107,
SKU-B-5,108,
SKU-B-5,109,
SKU-B-5,110,
SKU-B-5,111,
SKU-B-5,112,
SKU-B-5,113,
SKU-B-5,114,
SKU-B-5,115,
SKU-B-5,116,
SKU-B-5,117,
SKU-B-5,118,
SKU-B-5,119,
SKU-B-5,120,
SKU-B-5,121,
SKU-B-5,122,
SKU-B-5,123,
SKU-B-5,124,
SKU-B-5,125,
SKU-B-5,126,
SKU-B-5,127,
SKU-B-5,128,
SKU-B-5,129,
SKU-B-5,130,
SKU-B-5,131,
SKU-B-5,132,
SKU-B-5,133,
SKU-B-5,134,
SKU-B-5,135,
SKU-B-5,136,
SKU-B-5,137,
SKU-B-5,138,
SKU-B-5,139,
SKU-B-5,140,
SKU-B-5,141,
SKU-B-5,142,
SKU-B-5,143,
SKU-B-5,144,
SKU-B-5,145,
SKU-B-5,146,
SKU-B-5,147,
SKU-B-5,148,
SKU-B-5,149,
SKU-B-5,150,
SKU-B-5,151,
SKU-B-5,152,
SKU-B-5,153,
SKU-B-5,154,
SKU-B-5,155,
SKU-B-5,156,
SKU-B-5,157,
SKU-B-5,158,
SKU-B-5,159,
SKU-B-5,160,3344.0
SKU-B-5,161,2389.0
SKU-B-5,162,2707.0
SKU-B-5,163,1115.0
SKU-B-5,164,1433.0
SKU-B-5,165,11306.0
SKU-B-5,166,6433.0
SKU-B-5,167,2548.0
SKU-B-5,168,34921.0
SKU-B-5,169,8440.0
SKU-B-5,170,9746.0
SKU-B-5,171,15940.0
SKU-B-5,172,15271.0
SKU-B-5,173,26671.0
SKU-B-5,174,29522.0
SKU-B-5,175,14634.0
SKU-B-5,176,13694.0
SKU-B-5,177,18916.0
SKU-B-5,178,20542.0
SKU-B-5,179,47437.0
SKU-B-5,180,33630.0
SKU-B-5,181,28710.0
SKU-B-5,182,61895.0
SKU-B-5,183,51466.0
SKU-B-5,184,27660.0
SKU-B-5,185,24411.0
SKU-B-5,186,45318.0
SKU-B-5,187,50063.0
SKU-C-1,1,55542.0
SKU-C-1,2,50478.0
SKU-C-1,3,44427.0
SKU-C-1,4,18790.0
SKU-C-1,5,68153.0
SKU-C-1,6,45605.0
SKU-C-1,7,27866.0
SKU-C-1,8,49681.0
SKU-C-1,9,17038.0
SKU-C-1,10,35350.0
SKU-C-1,11,42675.0
SKU-C-1,12,66879.0
SKU-C-1,13,42436.0
SKU-C-1,14,4937.0
SKU-C-1,15,14809.0
SKU-C-1,16,48408.0
SKU-C-1,17,16083.0
SKU-C-1,18,41560.0
SKU-C-1,19,22292.0
SKU-C-1,20,39172.0
SKU-C-1,21,17516.0
SKU-C-1,22,23885.0
SKU-C-1,23,28503.0
SKU-C-1,24,18153.0
SKU-C-1,25,42834.0
SKU-C-1,26,28662.0
SKU-C-1,27,14331.0
SKU-C-1,28,13535.0
SKU-C-1,29,25637.0
SKU-C-1,30,12419.0
SKU-C-1,31,9714.0
SKU-C-1,32,46975.0
SKU-C-1,33,29140.0
SKU-C-1,34,13376.0
SKU-C-1,35,3264.0
SKU-C-1,36,17324.0
SKU-C-1,37,7803.0
SKU-C-1,38,637.0
SKU-C-1,39,1768.0
SKU-C-1,40,3025.0
SKU-C-1,41,5478.0
SKU-C-1,42,6735.0
SKU-C-1,43,7086.0
SKU-C-1,44,1752.0
SKU-C-1,45,1290.0
SKU-C-1,46,
SKU-C-1,47,
SKU-C-1,48,
SKU-C-1,49,
SKU-C-1,50,
SKU-C-1,51,
SKU-C-1,52,
SKU-C-1,53,
SKU-C-1,54,
SKU-C-1,55,
SKU-C-1,56,
SKU-C-1,57,
SKU-C-1,58,
SKU-C-1,59,
SKU-C-1,60,
SKU-C-1,61,
SKU-C-1,62,
SKU-C-1,63,
SKU-C-1,64,
SKU-C-1,65,
SKU-C-1,66,
SKU-C-1,67,
SKU-C-1,68,
SKU-C-1,69,
SKU-C-1,70,
SKU-C-1,71,
SKU-C-1,72,
SKU-C-1,73,
SKU-C-1,74,
SKU-C-1,75,
SKU-C-1,76,
SKU-C-1,77,
SKU-C-1,78,
SKU-C-1,79,
SKU-C-1,80,
SKU-C-1,81,
SKU-C-1,82,
SKU-C-1,83,
SKU-C-1,84,
SKU-C-1,85,
SKU-C-1,86,
SKU-C-1,87,
SKU-C-1,88,
SKU-C-1,89,
SKU-C-1,90,
SKU-C-1,91,
SKU-C-1,92,
SKU-C-1,93,
SKU-C-1,94,
SKU-C-1,95,
SKU-C-1,96,
SKU-C-1,97,
SKU-C-1,98,
SKU-C-1,99,
SKU-C-1,100,
SKU-C-1,101,
SKU-C-1,102,
SKU-C-1,103,
SKU-C-1,104,
SKU-C-1,105,
SKU-C-1,106,
SKU-C-1,107,
SKU-C-1,108,
SKU-C-1,109,
SKU-C-1,110,
SKU-C-1,111,
SKU-C-1,112,
SKU-C-1,113,
SKU-C-1,114,
SKU-C-1,115,
SKU-C-1,116,
SKU-C-1,117,
SKU-C-1,118,
SKU-C-1,119,
SKU-C-1,120,
SKU-C-1,121,
SKU-C-1,122,
SKU-C-1,123,
SKU-C-1,124,
SKU-C-1,125,
SKU-C-1,126,
SKU-C-1,127,
SKU-C-1,128,
SKU-C-1,129,
SKU-C-1,130,
SKU-C-1,131,
SKU-C-1,132,
SKU-C-1,133,
SKU-C-1,134,
SKU-C-1,135,
SKU-C-1,136,
SKU-C-1,137,
SKU-C-1,138,
SKU-C-1,139,
SKU-C-1,140,
SKU-C-1,141,
SKU-C-1,142,
SKU-C-1,143,
SKU-C-1,144,
SKU-C-1,145,
SKU-C-1,146,
SKU-C-1,147,
SKU-C-1,148,
SKU-C-1,149,
SKU-C-1,150,
SKU-C-1,151,
SKU-C-1,152,
SKU-C-1,153,
SKU-C-1,154,
SKU-C-1,155,
SKU-C-1,156,
SKU-C-1,157,
SKU-C-1,158,
SKU-C-1,159,
SKU-C-1,160,
SKU-C-1,161,
SKU-C-1,162,
SKU-C-1,163,
SKU-C-1,164,
SKU-C-1,165,
SKU-C-1,166,
SKU-C-1,167,
SKU-C-1,168,
SKU-C-1,169,
SKU-C-1,170,
SKU-C-1,171,
SKU-C-1,172,
SKU-C-1,173,
SKU-C-1,174,
SKU-C-1,175,
SKU-C-1,176,
SKU-C-1,177,
SKU-C-1,178,
SKU-C-1,179,
SKU-C-1,180,
SKU-C-1,181,
SKU-C-1,182,
SKU-C-1,183,
SKU-C-1,184,
SKU-C-1,185,
SKU-C-1,186,
SKU-C-1,187,
SKU-C-2,1,161943.0
SKU-C-2,2,156689.0
SKU-C-2,3,203344.0
SKU-C-2,4,228025.0
SKU-C-2,5,397134.0
SKU-C-2,6,150000.0
SKU-C-2,7,200955.0
SKU-C-2,8,311131.0
SKU-C-2,9,350796.0
SKU-C-2,10,247133.0
SKU-C-2,11,231051.0
SKU-C-2,12,358121.0
SKU-C-2,13,397771.0
SKU-C-2,14,211147.0
SKU-C-2,15,192358.0
SKU-C-2,16,311305.0
SKU-C-2,17,200159.0
SKU-C-2,18,229840.0
SKU-C-2,19,145971.0
SKU-C-2,20,161735.0
SKU-C-2,21,114443.0
SKU-C-2,22,174043.0
SKU-C-2,23,91241.0
SKU-C-2,24,140127.0
SKU-C-2,25,163534.0
SKU-C-2,26,272771.0
SKU-C-2,27,153025.0
SKU-C-2,28,208758.0
SKU-C-2,29,200796.0
SKU-C-2,30,251911.0
SKU-C-2,31,313854.0
SKU-C-2,32,297628.0
SKU-C-2,33,201911.0
SKU-C-2,34,190445.0
SKU-C-2,35,150159.0
SKU-C-2,36,196816.0
SKU-C-2,37,237260.0
SKU-C-2,38,291879.0
SKU-C-2,39,199204.0
SKU-C-2,40,110192.0
SKU-C-2,41,115604.0
SKU-C-2,42,146496.0
SKU-C-2,43,109236.0
SKU-C-2,44,174125.0
SKU-C-2,45,160510.0
SKU-C-2,46,118629.0
SKU-C-2,47,154140.0
SKU-C-2,48,196497.0
SKU-C-2,49,161624.0
SKU-C-2,50,168471.0
SKU-C-2,51,228662.0
SKU-C-2,52,142515.0
SKU-C-2,53,108757.0
SKU-C-2,54,78982.0
SKU-C-2,55,201862.0
SKU-C-2,56,99045.0
SKU-C-2,57,75796.0
SKU-C-2,58,41719.0
SKU-C-2,59,55175.0
SKU-C-2,60,109379.0
SKU-C-2,61,52070.0
SKU-C-2,62,80971.0
SKU-C-2,63,87898.0
SKU-C-2,64,104792.0
SKU-C-2,65,78471.0
SKU-C-2,66,75446.0
SKU-C-2,67,92198.0
SKU-C-2,68,60876.0
SKU-C-2,69,77915.0
SKU-C-2,70,71242.0
SKU-C-2,71,60939.0
SKU-C-2,72,42087.0
SKU-C-2,73,71018.0
SKU-C-2,74,115446.0
SKU-C-2,75,73248.0
SKU-C-2,76,64968.0
SKU-C-2,77,45399.0
SKU-C-2,78,88599.0
SKU-C-2,79,68790.0
SKU-C-2,80,68392.0
SKU-C-2,81,78821.0
SKU-C-2,82,76433.0
SKU-C-2,83,51321.0
SKU-C-2,84,39967.0
SKU-C-2,85,51433.0
SKU-C-2,86,33121.0
SKU-C-2,87,85828.0
SKU-C-2,88,49999.0
SKU-C-2,89,43472.0
SKU-C-2,90,74920.0
SKU-C-2,91,46178.0
SKU-C-2,92,23806.0
SKU-C-2,93,29459.0
SKU-C-2,94,35924.0
SKU-C-2,95,39395.0
SKU-C-2,96,27882.0
SKU-C-2,97,51544.0
SKU-C-2,98,18614.0
SKU-C-2,99,37787.0
SKU-C-2,100,21513.0
SKU-C-2,101,32007.0
SKU-C-2,102,34888.0
SKU-C-2,103,44634.0
SKU-C-2,104,33058.0
SKU-C-2,105,32388.0
SKU-C-2,106,36593.0
SKU-C-2,107,31083.0
SKU-C-2,108,22771.0
SKU-C-2,109,22978.0
SKU-C-2,110,30000.0
SKU-C-2,111,12260.0
SKU-C-2,112,18471.0
SKU-C-2,113,16560.0
SKU-C-2,114,18312.0
SKU-C-2,115,5541.0
SKU-C-2,116,1751.0
SKU-C-2,117,
SKU-C-2,118,
SKU-C-2,119,
SKU-C-2,120,
SKU-C-2,121,
SKU-C-2,122,
SKU-C-2,123,
SKU-C-2,124,
SKU-C-2,125,
SKU-C-2,126,
SKU-C-2,127,
SKU-C-2,128,
SKU-C-2,129,
SKU-C-2,130,
SKU-C-2,131,
SKU-C-2,132,
SKU-C-2,133,
SKU-C-2,134,
SKU-C-2,135,
SKU-C-2,136,
SKU-C-2,137,
SKU-C-2,138,
SKU-C-2,139,
SKU-C-2,140,
SKU-C-2,141,
SKU-C-2,142,
SKU-C-2,143,
SKU-C-2,144,
SKU-C-2,145,
SKU-C-2,146,
SKU-C-2,147,
SKU-C-2,148,
SKU-C-2,149,
SKU-C-2,150,
SKU-C-2,151,
SKU-C-2,152,
SKU-C-2,153,
SKU-C-2,154,
SKU-C-2,155,
SKU-C-2,156,
SKU-C-2,157,
SKU-C-2,158,
SKU-C-2,159,
SKU-C-2,160,
SKU-C-2,161,
SKU-C-2,162,
SKU-C-2,163,
SKU-C-2,164,
SKU-C-2,165,
SKU-C-2,166,
SKU-C-2,167,
SKU-C-2,168,
SKU-C-2,169,
SKU-C-2,170,
SKU-C-2,171,
SKU-C-2,172,
SKU-C-2,173,
SKU-C-2,174,
SKU-C-2,175,
SKU-C-2,176,
SKU-C-2,177,
SKU-C-2,178,
SKU-C-2,179,
SKU-C-2,180,
SKU-C-2,181,
SKU-C-2,182,
SKU-C-2,183,
SKU-C-2,184,
SKU-C-2,185,
SKU-C-2,186,
SKU-C-2,187,
SKU-C-3,1,
SKU-C-3,2,
SKU-C-3,3,
SKU-C-3,4,
SKU-C-3,5,
SKU-C-3,6,
SKU-C-3,7,
SKU-C-3,8,
SKU-C-3,9,
SKU-C-3,10,
SKU-C-3,11,
SKU-C-3,12,
SKU-C-3,13,
SKU-C-3,14,
SKU-C-3,15,
SKU-C-3,16,
SKU-C-3,17,
SKU-C-3,18,
SKU-C-3,19,
SKU-C-3,20,159.0
SKU-C-3,21,0.0
SKU-C-3,22,796.0
SKU-C-3,23,6974.0
SKU-C-3,24,3981.0
SKU-C-3,25,5732.0
SKU-C-3,26,28503.0
SKU-C-3,27,12738.0
SKU-C-3,28,39332.0
SKU-C-3,29,83758.0
SKU-C-3,30,57166.0
SKU-C-3,31,111943.0
SKU-C-3,32,86465.0
SKU-C-3,33,60509.0
SKU-C-3,34,42834.0
SKU-C-3,35,65923.0
SKU-C-3,36,112102.0
SKU-C-3,37,80096.0
SKU-C-3,38,167197.0
SKU-C-3,39,63376.0
SKU-C-3,40,100956.0
SKU-C-3,41,80095.0
SKU-C-3,42,104060.0
SKU-C-3,43,75319.0
SKU-C-3,44,173407.0
SKU-C-3,45,58120.0
SKU-C-3,46,62102.0
SKU-C-3,47,87738.0
SKU-C-3,48,116083.0
SKU-C-3,49,127548.0
SKU-C-3,50,170064.0
SKU-C-3,51,150159.0
SKU-C-3,52,158121.0
SKU-C-3,53,158280.0
SKU-C-3,54,187262.0
SKU-C-3,55,231687.0
SKU-C-3,56,121975.0
SKU-C-3,57,174203.0
SKU-C-3,58,106051.0
SKU-C-3,59,130732.0
SKU-C-3,60,181687.0
SKU-C-3,61,180572.0
SKU-C-3,62,231846.0
SKU-C-3,63,199363.0
SKU-C-3,64,174029.0
SKU-C-3,65,221831.0
SKU-C-3,66,143471.0
SKU-C-3,67,159554.0
SKU-C-3,68,189379.0
SKU-C-3,69,215382.0
SKU-C-3,70,184760.0
SKU-C-3,71,176258.0
SKU-C-3,72,180366.0
SKU-C-3,73,197547.0
SKU-C-3,74,215478.0
SKU-C-3,75,250175.0
SKU-C-3,76,149873.0
SKU-C-3,77,250541.0
SKU-C-3,78,185908.0
SKU-C-3,79,209873.0
SKU-C-3,80,160191.0
SKU-C-3,81,138534.0
SKU-C-3,82,239968.0
SKU-C-3,83,176831.0
SKU-C-3,84,156687.0
SKU-C-3,85,184395.0
SKU-C-3,86,206688.0
SKU-C-3,87,216321.0
SKU-C-3,88,190191.0
SKU-C-3,89,159554.0
SKU-C-3,90,233120.0
SKU-C-3,91,126592.0
SKU-C-3,92,88376.0
SKU-C-3,93,95063.0
SKU-C-3,94,113121.0
SKU-C-3,95,41910.0
SKU-C-3,96,113710.0
SKU-C-3,97,78217.0
SKU-C-3,98,91591.0
SKU-C-3,99,45637.0
SKU-C-3,100,57707.0
SKU-C-3,101,82166.0
SKU-C-3,102,90780.0
SKU-C-3,103,69585.0
SKU-C-3,104,63966.0
SKU-C-3,105,77118.0
SKU-C-3,106,42675.0
SKU-C-3,107,40924.0
SKU-C-3,108,69125.0
SKU-C-3,109,53407.0
SKU-C-3,110,65239.0
SKU-C-3,111,44044.0
SKU-C-3,112,45541.0
SKU-C-3,113,58439.0
SKU-C-3,114,71784.0
SKU-C-3,115,82866.0
SKU-C-3,116,95398.0
SKU-C-3,117,79077.0
SKU-C-3,118,36401.0
SKU-C-3,119,76258.0
SKU-C-3,120,70684.0
SKU-C-3,121,43488.0
SKU-C-3,122,16035.0
SKU-C-3,123,41417.0
SKU-C-3,124,38694.0
SKU-C-3,125,84538.0
SKU-C-3,126,62420.0
SKU-C-3,127,20637.0
SKU-C-3,128,32006.0
SKU-C-3,129,54458.0
SKU-C-3,130,33487.0
SKU-C-3,131,25701.0
SKU-C-3,132,38504.0
SKU-C-3,133,15286.0
SKU-C-3,134,34872.0
SKU-C-3,135,35525.0
SKU-C-3,136,41561.0
SKU-C-3,137,40924.0
SKU-C-3,138,39810.0
SKU-C-3,139,44268.0
SKU-C-3,140,10191.0
SKU-C-3,141,7006.0
SKU-C-3,142,9235.0
SKU-C-3,143,2070.0
SKU-C-3,144,796.0
SKU-C-3,145,3503.0
SKU-C-3,146,2388.0
SKU-C-3,147,2229.0
SKU-C-3,148,7882.0
SKU-C-3,149,2596.0
SKU-C-3,150,3073.0
SKU-C-3,151,4459.0
SKU-C-3,152,4267.0
SKU-C-3,153,3025.0
SKU-C-3,154,4299.0
SKU-C-3,155,3184.0
SKU-C-3,156,3026.0
SKU-C-3,157,3503.0
SKU-C-3,158,1751.0
SKU-C-3,159,6529.0
SKU-C-3,160,10669.0
SKU-C-3,161,5000.0
SKU-C-3,162,1274.0
SKU-C-3,163,2102.0
SKU-C-3,164,3662.0
SKU-C-3,165,637.0
SKU-C-3,166,1592.0
SKU-C-3,167,1592.0
SKU-C-3,168,2070.0
SKU-C-3,169,1115.0
SKU-C-3,170,2229.0
SKU-C-3,171,4618.0
SKU-C-3,172,1592.0
SKU-C-3,173,955.0
SKU-C-3,174,796.0
SKU-C-3,175,796.0
SKU-C-3,176,3201.0
SKU-C-3,177,2245.0
SKU-C-3,178,1592.0
SKU-C-3,179,32.0
SKU-C-3,180,0.0
SKU-C-3,181,0.0
SKU-C-3,182,0.0
SKU-C-3,183,16.0
SKU-C-3,184,0.0
SKU-C-3,185,16.0
SKU-C-3,186,32.0
SKU-C-3,187,
SKU-C-4,1,
SKU-C-4,2,
SKU-C-4,3,
SKU-C-4,4,
SKU-C-4,5,
SKU-C-4,6,
SKU-C-4,7,
SKU-C-4,8,
SKU-C-4,9,
SKU-C-4,10,
SKU-C-4,11,
SKU-C-4,12,
SKU-C-4,13,
SKU-C-4,14,
SKU-C-4,15,
SKU-C-4,16,
SKU-C-4,17,
SKU-C-4,18,
SKU-C-4,19,
SKU-C-4,20,
SKU-C-4,21,
SKU-C-4,22,
SKU-C-4,23,
SKU-C-4,24,
SKU-C-4,25,
SKU-C-4,26,
SKU-C-4,27,
SKU-C-4,28,
SKU-C-4,29,
SKU-C-4,30,
SKU-C-4,31,
SKU-C-4,32,
SKU-C-4,33,
SKU-C-4,34,
SKU-C-4,35,
SKU-C-4,36,
SKU-C-4,37,
SKU-C-4,38,
SKU-C-4,39,
SKU-C-4,40,
SKU-C-4,41,
SKU-C-4,42,
SKU-C-4,43,
SKU-C-4,44,
SKU-C-4,45,
SKU-C-4,46,
SKU-C-4,47,
SKU-C-4,48,
SKU-C-4,49,
SKU-C-4,50,
SKU-C-4,51,
SKU-C-4,52,
SKU-C-4,53,
SKU-C-4,54,
SKU-C-4,55,
SKU-C-4,56,
SKU-C-4,57,
SKU-C-4,58,
SKU-C-4,59,
SKU-C-4,60,
SKU-C-4,61,
SKU-C-4,62,
SKU-C-4,63,
SKU-C-4,64,
SKU-C-4,65,
SKU-C-4,66,
SKU-C-4,67,
SKU-C-4,68,
SKU-C-4,69,
SKU-C-4,70,
SKU-C-4,71,
SKU-C-4,72,
SKU-C-4,73,
SKU-C-4,74,
SKU-C-4,75,955.0
SKU-C-4,76,2070.0
SKU-C-4,77,19426.0
SKU-C-4,78,13598.0
SKU-C-4,79,16561.0
SKU-C-4,80,21496.0
SKU-C-4,81,28058.0
SKU-C-4,82,29220.0
SKU-C-4,83,58073.0
SKU-C-4,84,32006.0
SKU-C-4,85,37580.0
SKU-C-4,86,61942.0
SKU-C-4,87,77548.0
SKU-C-4,88,62580.0
SKU-C-4,89,113709.0
SKU-C-4,90,111306.0
SKU-C-4,91,55255.0
SKU-C-4,92,47611.0
SKU-C-4,93,117421.0
SKU-C-4,94,106353.0
SKU-C-4,95,77214.0
SKU-C-4,96,89570.0
SKU-C-4,97,106481.0
SKU-C-4,98,63885.0
SKU-C-4,99,82945.0
SKU-C-4,100,152851.0
SKU-C-4,101,133869.0
SKU-C-4,102,193551.0
SKU-C-4,103,194713.0
SKU-C-4,104,193472.0
SKU-C-4,105,151911.0
SKU-C-4,106,185573.0
SKU-C-4,107,220048.0
SKU-C-4,108,217914.0
SKU-C-4,109,277771.0
SKU-C-4,110,317213.0
SKU-C-4,111,206226.0
SKU-C-4,112,266116.0
SKU-C-4,113,276194.0
SKU-C-4,114,336816.0
SKU-C-4,115,318885.0
SKU-C-4,116,411100.0
SKU-C-4,117,168806.0
SKU-C-4,118,332739.0
SKU-C-4,119,383057.0
SKU-C-4,120,400158.0
SKU-C-4,121,311465.0
SKU-C-4,122,210223.0
SKU-C-4,123,386831.0
SKU-C-4,124,308918.0
SKU-C-4,125,242787.0
SKU-C-4,126,385000.0
SKU-C-4,127,202389.0
SKU-C-4,128,239268.0
SKU-C-4,129,292835.0
SKU-C-4,130,326703.0
SKU-C-4,131,290096.0
SKU-C-4,132,202405.0
SKU-C-4,133,440909.0
SKU-C-4,134,288631.0
SKU-C-4,135,528869.0
SKU-C-4,136,313376.0
SKU-C-4,137,186163.0
SKU-C-4,138,285876.0
SKU-C-4,139,253520.0
SKU-C-4,140,341194.0
SKU-C-4,141,361179.0
SKU-C-4,142,664203.0
SKU-C-4,143,171273.0
SKU-C-4,144,80573.0
SKU-C-4,145,160795.0
SKU-C-4,146,240892.0
SKU-C-4,147,326688.0
SKU-C-4,148,276179.0
SKU-C-4,149,171307.0
SKU-C-4,150,142770.0
SKU-C-4,151,225986.0
SKU-C-4,152,255001.0
SKU-C-4,153,382596.0
SKU-C-4,154,350335.0
SKU-C-4,155,316911.0
SKU-C-4,156,370366.0
SKU-C-4,157,255558.0
SKU-C-4,158,100796.0
SKU-C-4,159,250780.0
SKU-C-4,160,289219.0
SKU-C-4,161,213854.0
SKU-C-4,162,303869.0
SKU-C-4,163,247038.0
SKU-C-4,164,277740.0
SKU-C-4,165,154076.0
SKU-C-4,166,313789.0
SKU-C-4,167,210780.0
SKU-C-4,168,232644.0
SKU-C-4,169,291401.0
SKU-C-4,170,249697.0
SKU-C-4,171,167691.0
SKU-C-4,172,237054.0
SKU-C-4,173,286050.0
SKU-C-4,174,181306.0
SKU-C-4,175,175000.0
SKU-C-4,176,113263.0
SKU-C-4,177,135813.0
SKU-C-4,178,113884.0
SKU-C-4,179,142262.0
SKU-C-4,180,293408.0
SKU-C-4,181,132978.0
SKU-C-4,182,138423.0
SKU-C-4,183,151225.0
SKU-C-4,184,96514.0
SKU-C-4,185,120048.0
SKU-C-4,186,85748.0
SKU-C-4,187,84570.0
SKU-C-5,1,
SKU-C-5,2,
SKU-C-5,3,
SKU-C-5,4,
SKU-C-5,5,
SKU-C-5,6,
SKU-C-5,7,
SKU-C-5,8,
SKU-C-5,9,
SKU-C-5,10,
SKU-C-5,11,
SKU-C-5,12,
SKU-C-5,13,
SKU-C-5,14,
SKU-C-5,15,
SKU-C-5,16,
SKU-C-5,17,
SKU-C-5,18,
SKU-C-5,19,
SKU-C-5,20,
SKU-C-5,21,
SKU-C-5,22,
SKU-C-5,23,
SKU-C-5,24,
SKU-C-5,25,
SKU-C-5,26,
SKU-C-5,27,
SKU-C-5,28,
SKU-C-5,29,
SKU-C-5,30,
SKU-C-5,31,
SKU-C-5,32,
SKU-C-5,33,
SKU-C-5,34,
SKU-C-5,35,
SKU-C-5,36,
SKU-C-5,37,
SKU-C-5,38,
SKU-C-5,39,
SKU-C-5,40,
SKU-C-5,41,
SKU-C-5,42,
SKU-C-5,43,
SKU-C-5,44,
SKU-C-5,45,
SKU-C-5,46,
SKU-C-5,47,
SKU-C-5,48,
SKU-C-5,49,
SKU-C-5,50,
SKU-C-5,51,
SKU-C-5,52,
SKU-C-5,53,
SKU-C-5,54,
SKU-C-5,55,
SKU-C-5,56,
SKU-C-5,57,
SKU-C-5,58,
SKU-C-5,59,
SKU-C-5,60,
SKU-C-5,61,
SKU-C-5,62,
SKU-C-5,63,
SKU-C-5,64,
SKU-C-5,65,
SKU-C-5,66,
SKU-C-5,67,
SKU-C-5,68,
SKU-C-5,69,
SKU-C-5,70,
SKU-C-5,71,
SKU-C-5,72,
SKU-C-5,73,
SKU-C-5,74,
SKU-C-5,75,
SKU-C-5,76,
SKU-C-5,77,
SKU-C-5,78,
SKU-C-5,79,
SKU-C-5,80,
SKU-C-5,81,
SKU-C-5,82,
SKU-C-5,83,
SKU-C-5,84,
SKU-C-5,85,
SKU-C-5,86,
SKU-C-5,87,
SKU-C-5,88,
SKU-C-5,89,
SKU-C-5,90,
SKU-C-5,91,
SKU-C-5,92,
SKU-C-5,93,
SKU-C-5,94,
SKU-C-5,95,
SKU-C-5,96,
SKU-C-5,97,
SKU-C-5,98,
SKU-C-5,99,
SKU-C-5,100,
SKU-C-5,101,
SKU-C-5,102,
SKU-C-5,103,
SKU-C-5,104,
SKU-C-5,105,
SKU-C-5,106,
SKU-C-5,107,
SKU-C-5,108,
SKU-C-5,109,
SKU-C-5,110,
SKU-C-5,111,
SKU-C-5,112,
SKU-C-5,113,
SKU-C-5,114,
SKU-C-5,115,
SKU-C-5,116,
SKU-C-5,117,
SKU-C-5,118,
SKU-C-5,119,
SKU-C-5,120,
SKU-C-5,121,
SKU-C-5,122,
SKU-C-5,123,
SKU-C-5,124,
SKU-C-5,125,
SKU-C-5,126,
SKU-C-5,127,
SKU-C-5,128,
SKU-C-5,129,
SKU-C-5,130,
SKU-C-5,131,
SKU-C-5,132,
SKU-C-5,133,
SKU-C-5,134,
SKU-C-5,135,
SKU-C-5,136,
SKU-C-5,137,
SKU-C-5,138,
SKU-C-5,139,
SKU-C-5,140,
SKU-C-5,141,
SKU-C-5,142,
SKU-C-5,143,
SKU-C-5,144,
SKU-C-5,145,
SKU-C-5,146,
SKU-C-5,147,
SKU-C-5,148,
SKU-C-5,149,
SKU-C-5,150,
SKU-C-5,151,
SKU-C-5,152,
SKU-C-5,153,
SKU-C-5,154,
SKU-C-5,155,
SKU-C-5,156,
SKU-C-5,157,
SKU-C-5,158,
SKU-C-5,159,159.0
SKU-C-5,160,1433.0
SKU-C-5,161,1273.0
SKU-C-5,162,12898.0
SKU-C-5,163,8918.0
SKU-C-5,164,16163.0
SKU-C-5,165,32897.0
SKU-C-5,166,6115.0
SKU-C-5,167,2166.0
SKU-C-5,168,2389.0
SKU-C-5,169,0.0
SKU-C-5,170,4761.0
SKU-C-5,171,15127.0
SKU-C-5,172,29395.0
SKU-C-5,173,51799.0
SKU-C-5,174,6274.0
SKU-C-5,175,56545.0
SKU-C-5,176,39729.0
SKU-C-5,177,84283.0
SKU-C-5,178,106656.0
SKU-C-5,179,80828.0
SKU-C-5,180,125287.0
SKU-C-5,181,129554.0
SKU-C-5,182,143009.0
SKU-C-5,183,151401.0
SKU-C-5,184,161370.0
SKU-C-5,185,233471.0
SKU-C-5,186,228248.0
SKU-C-5,187,188694.0
SKU-D-4,1,
SKU-D-4,2,
SKU-D-4,3,
SKU-D-4,4,
SKU-D-4,5,
SKU-D-4,6,
SKU-D-4,7,
SKU-D-4,8,
SKU-D-4,9,
SKU-D-4,10,
SKU-D-4,11,
SKU-D-4,12,
SKU-D-4,13,
SKU-D-4,14,
SKU-D-4,15,
SKU-D-4,16,
SKU-D-4,17,
SKU-D-4,18,
SKU-D-4,19,
SKU-D-4,20,
SKU-D-4,21,
SKU-D-4,22,
SKU-D-4,23,
SKU-D-4,24,
SKU-D-4,25,
SKU-D-4,26,
SKU-D-4,27,
SKU-D-4,28,
SKU-D-4,29,
SKU-D-4,30,
SKU-D-4,31,
SKU-D-4,32,
SKU-D-4,33,
SKU-D-4,34,
SKU-D-4,35,
SKU-D-4,36,
SKU-D-4,37,
SKU-D-4,38,
SKU-D-4,39,
SKU-D-4,40,
SKU-D-4,41,
SKU-D-4,42,
SKU-D-4,43,
SKU-D-4,44,
SKU-D-4,45,
SKU-D-4,46,
SKU-D-4,47,
SKU-D-4,48,
SKU-D-4,49,
SKU-D-4,50,
SKU-D-4,51,
SKU-D-4,52,
SKU-D-4,53,
SKU-D-4,54,
SKU-D-4,55,
SKU-D-4,56,
SKU-D-4,57,
SKU-D-4,58,
SKU-D-4,59,
SKU-D-4,60,
SKU-D-4,61,
SKU-D-4,62,
SKU-D-4,63,
SKU-D-4,64,
SKU-D-4,65,
SKU-D-4,66,
SKU-D-4,67,
SKU-D-4,68,
SKU-D-4,69,
SKU-D-4,70,
SKU-D-4,71,
SKU-D-4,72,
SKU-D-4,73,
SKU-D-4,74,
SKU-D-4,75,
SKU-D-4,76,
SKU-D-4,77,
SKU-D-4,78,
SKU-D-4,79,207.0
SKU-D-4,80,159.0
SKU-D-4,81,892.0
SKU-D-4,82,2962.0
SKU-D-4,83,5143.0
SKU-D-4,84,5016.0
SKU-D-4,85,2930.0
SKU-D-4,86,6290.0
SKU-D-4,87,6926.0
SKU-D-4,88,8646.0
SKU-D-4,89,10112.0
SKU-D-4,90,11783.0
SKU-D-4,91,9394.0
SKU-D-4,92,5334.0
SKU-D-4,93,8996.0
SKU-D-4,94,10397.0
SKU-D-4,95,10367.0
SKU-D-4,96,12883.0
SKU-D-4,97,10000.0
SKU-D-4,98,10828.0
SKU-D-4,99,9952.0
SKU-D-4,100,18918.0
SKU-D-4,101,10987.0
SKU-D-4,102,28583.0
SKU-D-4,103,25399.0
SKU-D-4,104,20222.0
SKU-D-4,105,24443.0
SKU-D-4,106,24522.0
SKU-D-4,107,17516.0
SKU-D-4,108,32500.0
SKU-D-4,109,43472.0
SKU-D-4,110,24808.0
SKU-D-4,111,36991.0
SKU-D-4,112,46003.0
SKU-D-4,113,27341.0
SKU-D-4,114,27437.0
SKU-D-4,115,41241.0
SKU-D-4,116,36560.0
SKU-D-4,117,28344.0
SKU-D-4,118,36480.0
SKU-D-4,119,43821.0
SKU-D-4,120,49999.0
SKU-D-4,121,48120.0
SKU-D-4,122,28297.0
SKU-D-4,123,40351.0
SKU-D-4,124,32358.0
SKU-D-4,125,33981.0
SKU-D-4,126,33917.0
SKU-D-4,127,45398.0
SKU-D-4,128,19444.0
SKU-D-4,129,45701.0
SKU-D-4,130,43472.0
SKU-D-4,131,14203.0
SKU-D-4,132,41116.0
SKU-D-4,133,37214.0
SKU-D-4,134,31003.0
SKU-D-4,135,43137.0
SKU-D-4,136,30733.0
SKU-D-4,137,34331.0
SKU-D-4,138,31719.0
SKU-D-4,139,36783.0
SKU-D-4,140,39283.0
SKU-D-4,141,42738.0
SKU-D-4,142,43073.0
SKU-D-4,143,24443.0
SKU-D-4,144,23981.0
SKU-D-4,145,19841.0
SKU-D-4,146,30287.0
SKU-D-4,147,32994.0
SKU-D-4,148,43233.0
SKU-D-4,149,30940.0
SKU-D-4,150,29395.0
SKU-D-4,151,24378.0
SKU-D-4,152,36767.0
SKU-D-4,153,35621.0
SKU-D-4,154,39011.0
SKU-D-4,155,32294.0
SKU-D-4,156,32389.0
SKU-D-4,157,24141.0
SKU-D-4,158,45111.0
SKU-D-4,159,38997.0
SKU-D-4,160,43630.0
SKU-D-4,161,38232.0
SKU-D-4,162,29077.0
SKU-D-4,163,28343.0
SKU-D-4,164,30891.0
SKU-D-4,165,39363.0
SKU-D-4,166,30542.0
SKU-D-4,167,36130.0
SKU-D-4,168,37134.0
SKU-D-4,169,32612.0
SKU-D-4,170,48838.0
SKU-D-4,171,50876.0
SKU-D-4,172,37499.0
SKU-D-4,173,22580.0
SKU-D-4,174,33041.0
SKU-D-4,175,27627.0
SKU-D-4,176,25398.0
SKU-D-4,177,42133.0
SKU-D-4,178,14346.0
SKU-D-4,179,18566.0
SKU-D-4,180,24967.0
SKU-D-4,181,20430.0
SKU-D-4,182,20048.0
SKU-D-4,183,26863.0
SKU-D-4,184,19442.0
SKU-D-4,185,21321.0
SKU-D-4,186,30351.0
SKU-D-4,187,21497.0
SKU-D-5,1,
SKU-D-5,2,
SKU-D-5,3,
SKU-D-5,4,
SKU-D-5,5,
SKU-D-5,6,
SKU-D-5,7,
SKU-D-5,8,
SKU-D-5,9,
SKU-D-5,10,
SKU-D-5,11,
SKU-D-5,12,
SKU-D-5,13,
SKU-D-5,14,
SKU-D-5,15,
SKU-D-5,16,
SKU-D-5,17,
SKU-D-5,18,
SKU-D-5,19,
SKU-D-5,20,
SKU-D-5,21,
SKU-D-5,22,
SKU-D-5,23,
SKU-D-5,24,
SKU-D-5,25,
SKU-D-5,26,
SKU-D-5,27,
SKU-D-5,28,
SKU-D-5,29,
SKU-D-5,30,
SKU-D-5,31,
SKU-D-5,32,
SKU-D-5,33,
SKU-D-5,34,
SKU-D-5,35,
SKU-D-5,36,
SKU-D-5,37,
SKU-D-5,38,
SKU-D-5,39,
SKU-D-5,40,
SKU-D-5,41,
SKU-D-5,42,
SKU-D-5,43,
SKU-D-5,44,
SKU-D-5,45,
SKU-D-5,46,
SKU-D-5,47,
SKU-D-5,48,
SKU-D-5,49,
SKU-D-5,50,
SKU-D-5,51,
SKU-D-5,52,
SKU-D-5,53,
SKU-D-5,54,
SKU-D-5,55,
SKU-D-5,56,
SKU-D-5,57,
SKU-D-5,58,
SKU-D-5,59,
SKU-D-5,60,
SKU-D-5,61,
SKU-D-5,62,
SKU-D-5,63,
SKU-D-5,64,
SKU-D-5,65,
SKU-D-5,66,
SKU-D-5,67,
SKU-D-5,68,
SKU-D-5,69,
SKU-D-5,70,
SKU-D-5,71,
SKU-D-5,72,
SKU-D-5,73,
SKU-D-5,74,
SKU-D-5,75,
SKU-D-5,76,
SKU-D-5,77,
SKU-D-5,78,
SKU-D-5,79,
SKU-D-5,80,
SKU-D-5,81,
SKU-D-5,82,
SKU-D-5,83,
SKU-D-5,84,
SKU-D-5,85,
SKU-D-5,86,
SKU-D-5,87,
SKU-D-5,88,
SKU-D-5,89,
SKU-D-5,90,
SKU-D-5,91,
SKU-D-5,92,
SKU-D-5,93,
SKU-D-5,94,
SKU-D-5,95,
SKU-D-5,96,
SKU-D-5,97,
SKU-D-5,98,
SKU-D-5,99,
SKU-D-5,100,
SKU-D-5,101,
SKU-D-5,102,
SKU-D-5,103,
SKU-D-5,104,
SKU-D-5,105,
SKU-D-5,106,
SKU-D-5,107,
SKU-D-5,108,
SKU-D-5,109,
SKU-D-5,110,
SKU-D-5,111,
SKU-D-5,112,
SKU-D-5,113,
SKU-D-5,114,
SKU-D-5,115,
SKU-D-5,116,
SKU-D-5,117,
SKU-D-5,118,
SKU-D-5,119,
SKU-D-5,120,
SKU-D-5,121,
SKU-D-5,122,
SKU-D-5,123,
SKU-D-5,124,
SKU-D-5,125,
SKU-D-5,126,
SKU-D-5,127,
SKU-D-5,128,
SKU-D-5,129,
SKU-D-5,130,
SKU-D-5,131,
SKU-D-5,132,
SKU-D-5,133,
SKU-D-5,134,
SKU-D-5,135,
SKU-D-5,136,
SKU-D-5,137,
SKU-D-5,138,
SKU-D-5,139,
SKU-D-5,140,
SKU-D-5,141,
SKU-D-5,142,
SKU-D-5,143,
SKU-D-5,144,
SKU-D-5,145,
SKU-D-5,146,
SKU-D-5,147,
SKU-D-5,148,
SKU-D-5,149,
SKU-D-5,150,
SKU-D-5,151,
SKU-D-5,152,
SKU-D-5,153,
SKU-D-5,154,
SKU-D-5,155,
SKU-D-5,156,
SKU-D-5,157,
SKU-D-5,158,159.0
SKU-D-5,159,0.0
SKU-D-5,160,0.0
SKU-D-5,161,2866.0
SKU-D-5,162,478.0
SKU-D-5,163,159.0
SKU-D-5,164,2707.0
SKU-D-5,165,796.0
SKU-D-5,166,1289.0
SKU-D-5,167,0.0
SKU-D-5,168,318.0
SKU-D-5,169,0.0
SKU-D-5,170,701.0
SKU-D-5,171,3822.0
SKU-D-5,172,6036.0
SKU-D-5,173,5510.0
SKU-D-5,174,5748.0
SKU-D-5,175,4124.0
SKU-D-5,176,5732.0
SKU-D-5,177,14714.0
SKU-D-5,178,8567.0
SKU-D-5,179,6895.0
SKU-D-5,180,20302.0
SKU-D-5,181,9602.0
SKU-D-5,182,11895.0
SKU-D-5,183,16752.0
SKU-D-5,184,17579.0
SKU-D-5,185,22277.0
SKU-D-5,186,17850.0
SKU-D-5,187,14888.0
SKU-E-2,1,16878.0
SKU-E-2,2,42038.0
SKU-E-2,3,62419.0
SKU-E-2,4,14013.0
SKU-E-2,5,67834.0
SKU-E-2,6,58503.0
SKU-E-2,7,27387.0
SKU-E-2,8,90462.0
SKU-E-2,9,75637.0
SKU-E-2,10,50319.0
SKU-E-2,11,21337.0
SKU-E-2,12,32005.0
SKU-E-2,13,35509.0
SKU-E-2,14,27548.0
SKU-E-2,15,14172.0
SKU-E-2,16,22453.0
SKU-E-2,17,18472.0
SKU-E-2,18,62103.0
SKU-E-2,19,21003.0
SKU-E-2,20,11306.0
SKU-E-2,21,4936.0
SKU-E-2,22,14012.0
SKU-E-2,23,14808.0
SKU-E-2,24,10478.0
SKU-E-2,25,7531.0
SKU-E-2,26,28232.0
SKU-E-2,27,4139.0
SKU-E-2,28,7324.0
SKU-E-2,29,8439.0
SKU-E-2,30,7005.0
SKU-E-2,31,32962.0
SKU-E-2,32,62373.0
SKU-E-2,33,20223.0
SKU-E-2,34,17197.0
SKU-E-2,35,15446.0
SKU-E-2,36,8758.0
SKU-E-2,37,12897.0
SKU-E-2,38,48408.0
SKU-E-2,39,9395.0
SKU-E-2,40,37260.0
SKU-E-2,41,17913.0
SKU-E-2,42,6688.0
SKU-E-2,43,17835.0
SKU-E-2,44,10827.0
SKU-E-2,45,13377.0
SKU-E-2,46,10191.0
SKU-E-2,47,6369.0
SKU-E-2,48,4697.0
SKU-E-2,49,21336.0
SKU-E-2,50,22628.0
SKU-E-2,51,28009.0
SKU-E-2,52,28104.0
SKU-E-2,53,13773.0
SKU-E-2,54,8439.0
SKU-E-2,55,10032.0
SKU-E-2,56,7006.0
SKU-E-2,57,4140.0
SKU-E-2,58,955.0
SKU-E-2,59,31482.0
SKU-E-2,60,9300.0
SKU-E-2,61,8759.0
SKU-E-2,62,7469.0
SKU-E-2,63,15318.0
SKU-E-2,64,6241.0
SKU-E-2,65,2548.0
SKU-E-2,66,3535.0
SKU-E-2,67,1751.0
SKU-E-2,68,1911.0
SKU-E-2,69,3711.0
SKU-E-2,70,8216.0
SKU-E-2,71,1592.0
SKU-E-2,72,1991.0
SKU-E-2,73,2547.0
SKU-E-2,74,7819.0
SKU-E-2,75,2070.0
SKU-E-2,76,5063.0
SKU-E-2,77,876.0
SKU-E-2,78,4889.0
SKU-E-2,79,5383.0
SKU-E-2,80,5414.0
SKU-E-2,81,461.0
SKU-E-2,82,5255.0
SKU-E-2,83,5175.0
SKU-E-2,84,3264.0
SKU-E-2,85,1194.0
SKU-E-2,86,4141.0
SKU-E-2,87,4061.0
SKU-E-2,88,1401.0
SKU-E-2,89,7325.0
SKU-E-2,90,1751.0
SKU-E-2,91,3790.0
SKU-E-2,92,1099.0
SKU-E-2,93,6656.0
SKU-E-2,94,1194.0
SKU-E-2,95,955.0
SKU-E-2,96,637.0
SKU-E-2,97,430.0
SKU-E-2,98,159.0
SKU-E-2,99,318.0
SKU-E-2,100,2117.0
SKU-E-2,101,478.0
SKU-E-2,102,477.0
SKU-E-2,103,1130.0
SKU-E-2,104,318.0
SKU-E-2,105,2834.0
SKU-E-2,106,318.0
SKU-E-2,107,0.0
SKU-E-2,108,159.0
SKU-E-2,109,0.0
SKU-E-2,110,0.0
SKU-E-2,111,239.0
SKU-E-2,112,0.0
SKU-E-2,113,0.0
SKU-E-2,114,0.0
SKU-E-2,115,318.0
SKU-E-2,116,
SKU-E-2,117,
SKU-E-2,118,
SKU-E-2,119,
SKU-E-2,120,
SKU-E-2,121,
SKU-E-2,122,
SKU-E-2,123,
SKU-E-2,124,
SKU-E-2,125,
SKU-E-2,126,
SKU-E-2,127,
SKU-E-2,128,
SKU-E-2,129,
SKU-E-2,130,
SKU-E-2,131,
SKU-E-2,132,
SKU-E-2,133,
SKU-E-2,134,
SKU-E-2,135,
SKU-E-2,136,
SKU-E-2,137,
SKU-E-2,138,
SKU-E-2,139,
SKU-E-2,140,
SKU-E-2,141,
SKU-E-2,142,
SKU-E-2,143,
SKU-E-2,144,
SKU-E-2,145,
SKU-E-2,146,
SKU-E-2,147,
SKU-E-2,148,
SKU-E-2,149,
SKU-E-2,150,
SKU-E-2,151,
SKU-E-2,152,
SKU-E-2,153,
SKU-E-2,154,
SKU-E-2,155,
SKU-E-2,156,
SKU-E-2,157,
SKU-E-2,158,
SKU-E-2,159,
SKU-E-2,160,
SKU-E-2,161,
SKU-E-2,162,
SKU-E-2,163,
SKU-E-2,164,
SKU-E-2,165,
SKU-E-2,166,
SKU-E-2,167,
SKU-E-2,168,
SKU-E-2,169,
SKU-E-2,170,
SKU-E-2,171,
SKU-E-2,172,
SKU-E-2,173,
SKU-E-2,174,
SKU-E-2,175,
SKU-E-2,176,
SKU-E-2,177,
SKU-E-2,178,
SKU-E-2,179,
SKU-E-2,180,
SKU-E-2,181,
SKU-E-2,182,
SKU-E-2,183,
SKU-E-2,184,
SKU-E-2,185,
SKU-E-2,186,
SKU-E-2,187,
SKU-E-3,1,
SKU-E-3,2,
SKU-E-3,3,
SKU-E-3,4,
SKU-E-3,5,
SKU-E-3,6,
SKU-E-3,7,
SKU-E-3,8,
SKU-E-3,9,
SKU-E-3,10,
SKU-E-3,11,
SKU-E-3,12,
SKU-E-3,13,
SKU-E-3,14,
SKU-E-3,15,
SKU-E-3,16,
SKU-E-3,17,
SKU-E-3,18,
SKU-E-3,19,
SKU-E-3,20,
SKU-E-3,21,
SKU-E-3,22,159.0
SKU-E-3,23,0.0
SKU-E-3,24,477.0
SKU-E-3,25,0.0
SKU-E-3,26,1751.0
SKU-E-3,27,637.0
SKU-E-3,28,955.0
SKU-E-3,29,955.0
SKU-E-3,30,3662.0
SKU-E-3,31,4188.0
SKU-E-3,32,9235.0
SKU-E-3,33,9873.0
SKU-E-3,34,5892.0
SKU-E-3,35,2547.0
SKU-E-3,36,18790.0
SKU-E-3,37,10986.0
SKU-E-3,38,6655.0
SKU-E-3,39,828.0
SKU-E-3,40,2325.0
SKU-E-3,41,3502.0
SKU-E-3,42,7006.0
SKU-E-3,43,14967.0
SKU-E-3,44,17197.0
SKU-E-3,45,8598.0
SKU-E-3,46,10812.0
SKU-E-3,47,18869.0
SKU-E-3,48,37261.0
SKU-E-3,49,6926.0
SKU-E-3,50,24761.0
SKU-E-3,51,20860.0
SKU-E-3,52,10509.0
SKU-E-3,53,26752.0
SKU-E-3,54,15128.0
SKU-E-3,55,26592.0
SKU-E-3,56,26482.0
SKU-E-3,57,14173.0
SKU-E-3,58,19107.0
SKU-E-3,59,18790.0
SKU-E-3,60,21338.0
SKU-E-3,61,24858.0
SKU-E-3,62,8758.0
SKU-E-3,63,26577.0
SKU-E-3,64,33870.0
SKU-E-3,65,21496.0
SKU-E-3,66,36306.0
SKU-E-3,67,40605.0
SKU-E-3,68,43122.0
SKU-E-3,69,29888.0
SKU-E-3,70,58280.0
SKU-E-3,71,17372.0
SKU-E-3,72,14953.0
SKU-E-3,73,17325.0
SKU-E-3,74,45588.0
SKU-E-3,75,19905.0
SKU-E-3,76,59395.0
SKU-E-3,77,64267.0
SKU-E-3,78,15684.0
SKU-E-3,79,25158.0
SKU-E-3,80,13535.0
SKU-E-3,81,20541.0
SKU-E-3,82,17532.0
SKU-E-3,83,40923.0
SKU-E-3,84,21655.0
SKU-E-3,85,35509.0
SKU-E-3,86,14283.0
SKU-E-3,87,32181.0
SKU-E-3,88,8057.0
SKU-E-3,89,13615.0
SKU-E-3,90,9314.0
SKU-E-3,91,14330.0
SKU-E-3,92,9363.0
SKU-E-3,93,3901.0
SKU-E-3,94,5494.0
SKU-E-3,95,5541.0
SKU-E-3,96,13090.0
SKU-E-3,97,22850.0
SKU-E-3,98,25000.0
SKU-E-3,99,7324.0
SKU-E-3,100,20669.0
SKU-E-3,101,16592.0
SKU-E-3,102,27547.0
SKU-E-3,103,29060.0
SKU-E-3,104,16242.0
SKU-E-3,105,7484.0
SKU-E-3,106,5573.0
SKU-E-3,107,21735.0
SKU-E-3,108,1974.0
SKU-E-3,109,11322.0
SKU-E-3,110,9873.0
SKU-E-3,111,19220.0
SKU-E-3,112,15812.0
SKU-E-3,113,2228.0
SKU-E-3,114,8248.0
SKU-E-3,115,4840.0
SKU-E-3,116,2707.0
SKU-E-3,117,4586.0
SKU-E-3,118,17133.0
SKU-E-3,119,2213.0
SKU-E-3,120,2229.0
SKU-E-3,121,14428.0
SKU-E-3,122,8201.0
SKU-E-3,123,4777.0
SKU-E-3,124,3185.0
SKU-E-3,125,1911.0
SKU-E-3,126,2181.0
SKU-E-3,127,955.0
SKU-E-3,128,0.0
SKU-E-3,129,796.0
SKU-E-3,130,796.0
SKU-E-3,131,2628.0
SKU-E-3,132,1911.0
SKU-E-3,133,0.0
SKU-E-3,134,2007.0
SKU-E-3,135,159.0
SKU-E-3,136,4299.0
SKU-E-3,137,0.0
SKU-E-3,138,0.0
SKU-E-3,139,0.0
SKU-E-3,140,0.0
SKU-E-3,141,334.0
SKU-E-3,142,318.0
SKU-E-3,143,0.0
SKU-E-3,144,796.0
SKU-E-3,145,3822.0
SKU-E-3,146,0.0
SKU-E-3,147,0.0
SKU-E-3,148,0.0
SKU-E-3,149,0.0
SKU-E-3,150,159.0
SKU-E-3,151,1592.0
SKU-E-3,152,1274.0
SKU-E-3,153,637.0
SKU-E-3,154,318.0
SKU-E-3,155,955.0
SKU-E-3,156,0.0
SKU-E-3,157,0.0
SKU-E-3,158,0.0
SKU-E-3,159,0.0
SKU-E-3,160,0.0
SKU-E-3,161,0.0
SKU-E-3,162,318.0
SKU-E-3,163,3185.0
SKU-E-3,164,1433.0
SKU-E-3,165,478.0
SKU-E-3,166,955.0
SKU-E-3,167,
SKU-E-3,168,
SKU-E-3,169,
SKU-E-3,170,
SKU-E-3,171,
SKU-E-3,172,
SKU-E-3,173,
SKU-E-3,174,
SKU-E-3,175,
SKU-E-3,176,
SKU-E-3,177,
SKU-E-3,178,
SKU-E-3,179,
SKU-E-3,180,
SKU-E-3,181,
SKU-E-3,182,
SKU-E-3,183,
SKU-E-3,184,
SKU-E-3,185,
SKU-E-3,186,
SKU-E-3,187,
SKU-E-4,1,
SKU-E-4,2,
SKU-E-4,3,
SKU-E-4,4,
SKU-E-4,5,
SKU-E-4,6,
SKU-E-4,7,
SKU-E-4,8,
SKU-E-4,9,
SKU-E-4,10,
SKU-E-4,11,
SKU-E-4,12,
SKU-E-4,13,
SKU-E-4,14,
SKU-E-4,15,
SKU-E-4,16,
SKU-E-4,17,
SKU-E-4,18,
SKU-E-4,19,
SKU-E-4,20,
SKU-E-4,21,
SKU-E-4,22,
SKU-E-4,23,
SKU-E-4,24,
SKU-E-4,25,
SKU-E-4,26,
SKU-E-4,27,
SKU-E-4,28,
SKU-E-4,29,
SKU-E-4,30,
SKU-E-4,31,
SKU-E-4,32,
SKU-E-4,33,
SKU-E-4,34,
SKU-E-4,35,
SKU-E-4,36,
SKU-E-4,37,
SKU-E-4,38,
SKU-E-4,39,
SKU-E-4,40,
SKU-E-4,41,
SKU-E-4,42,
SKU-E-4,43,
SKU-E-4,44,
SKU-E-4,45,
SKU-E-4,46,
SKU-E-4,47,
SKU-E-4,48,
SKU-E-4,49,
SKU-E-4,50,
SKU-E-4,51,
SKU-E-4,52,
SKU-E-4,53,
SKU-E-4,54,
SKU-E-4,55,
SKU-E-4,56,
SKU-E-4,57,
SKU-E-4,58,
SKU-E-4,59,
SKU-E-4,60,
SKU-E-4,61,
SKU-E-4,62,
SKU-E-4,63,
SKU-E-4,64,
SKU-E-4,65,
SKU-E-4,66,
SKU-E-4,67,
SKU-E-4,68,
SKU-E-4,69,
SKU-E-4,70,
SKU-E-4,71,
SKU-E-4,72,
SKU-E-4,73,
SKU-E-4,74,
SKU-E-4,75,
SKU-E-4,76,
SKU-E-4,77,
SKU-E-4,78,
SKU-E-4,79,
SKU-E-4,80,
SKU-E-4,81,
SKU-E-4,82,
SKU-E-4,83,
SKU-E-4,84,558.0
SKU-E-4,85,318.0
SKU-E-4,86,1513.0
SKU-E-4,87,1114.0
SKU-E-4,88,1990.0
SKU-E-4,89,1433.0
SKU-E-4,90,1752.0
SKU-E-4,91,2229.0
SKU-E-4,92,318.0
SKU-E-4,93,0.0
SKU-E-4,94,1194.0
SKU-E-4,95,478.0
SKU-E-4,96,3343.0
SKU-E-4,97,636.0
SKU-E-4,98,1273.0
SKU-E-4,99,2547.0
SKU-E-4,100,2038.0
SKU-E-4,101,7245.0
SKU-E-4,102,5812.0
SKU-E-4,103,5032.0
SKU-E-4,104,3503.0
SKU-E-4,105,14490.0
SKU-E-4,106,6448.0
SKU-E-4,107,13567.0
SKU-E-4,108,10032.0
SKU-E-4,109,23408.0
SKU-E-4,110,3821.0
SKU-E-4,111,4936.0
SKU-E-4,112,14808.0
SKU-E-4,113,12102.0
SKU-E-4,114,6289.0
SKU-E-4,115,10190.0
SKU-E-4,116,22182.0
SKU-E-4,117,26815.0
SKU-E-4,118,19442.0
SKU-E-4,119,9235.0
SKU-E-4,120,15127.0
SKU-E-4,121,9713.0
SKU-E-4,122,17993.0
SKU-E-4,123,22023.0
SKU-E-4,124,30892.0
SKU-E-4,125,7324.0
SKU-E-4,126,27389.0
SKU-E-4,127,9076.0
SKU-E-4,128,26067.0
SKU-E-4,129,7962.0
SKU-E-4,130,13057.0
SKU-E-4,131,15127.0
SKU-E-4,132,14219.0
SKU-E-4,133,12420.0
SKU-E-4,134,11704.0
SKU-E-4,135,11783.0
SKU-E-4,136,11464.0
SKU-E-4,137,11273.0
SKU-E-4,138,30733.0
SKU-E-4,139,27706.0
SKU-E-4,140,11385.0
SKU-E-4,141,49713.0
SKU-E-4,142,21242.0
SKU-E-4,143,11624.0
SKU-E-4,144,3981.0
SKU-E-4,145,15606.0
SKU-E-4,146,38439.0
SKU-E-4,147,6513.0
SKU-E-4,148,14649.0
SKU-E-4,149,36099.0
SKU-E-4,150,24490.0
SKU-E-4,151,16178.0
SKU-E-4,152,6385.0
SKU-E-4,153,10987.0
SKU-E-4,154,5414.0
SKU-E-4,155,5892.0
SKU-E-4,156,11337.0
SKU-E-4,157,4060.0
SKU-E-4,158,5174.0
SKU-E-4,159,5096.0
SKU-E-4,160,4617.0
SKU-E-4,161,7484.0
SKU-E-4,162,5446.0
SKU-E-4,163,8216.0
SKU-E-4,164,6687.0
SKU-E-4,165,14649.0
SKU-E-4,166,26592.0
SKU-E-4,167,23726.0
SKU-E-4,168,6210.0
SKU-E-4,169,5350.0
SKU-E-4,170,21051.0
SKU-E-4,171,19028.0
SKU-E-4,172,3026.0
SKU-E-4,173,23233.0
SKU-E-4,174,12595.0
SKU-E-4,175,5733.0
SKU-E-4,176,11464.0
SKU-E-4,177,22770.0
SKU-E-4,178,5096.0
SKU-E-4,179,955.0
SKU-E-4,180,955.0
SKU-E-4,181,159.0
SKU-E-4,182,796.0
SKU-E-4,183,14904.0
SKU-E-4,184,29236.0
SKU-E-4,185,17484.0
SKU-E-4,186,2229.0
SKU-E-4,187,159.0
SKU-E-5,1,
SKU-E-5,2,
SKU-E-5,3,
SKU-E-5,4,
SKU-E-5,5,
SKU-E-5,6,
SKU-E-5,7,
SKU-E-5,8,
SKU-E-5,9,
SKU-E-5,10,
SKU-E-5,11,
SKU-E-5,12,
SKU-E-5,13,
SKU-E-5,14,
SKU-E-5,15,
SKU-E-5,16,
SKU-E-5,17,
SKU-E-5,18,
SKU-E-5,19,
SKU-E-5,20,
SKU-E-5,21,
SKU-E-5,22,
SKU-E-5,23,
SKU-E-5,24,
SKU-E-5,25,
SKU-E-5,26,
SKU-E-5,27,
SKU-E-5,28,
SKU-E-5,29,
SKU-E-5,30,
SKU-E-5,31,
SKU-E-5,32,
SKU-E-5,33,
SKU-E-5,34,
SKU-E-5,35,
SKU-E-5,36,
SKU-E-5,37,
SKU-E-5,38,
SKU-E-5,39,
SKU-E-5,40,
SKU-E-5,41,
SKU-E-5,42,
SKU-E-5,43,
SKU-E-5,44,
SKU-E-5,45,
SKU-E-5,46,
SKU-E-5,47,
SKU-E-5,48,
SKU-E-5,49,
SKU-E-5,50,
SKU-E-5,51,
SKU-E-5,52,
SKU-E-5,53,
SKU-E-5,54,
SKU-E-5,55,
SKU-E-5,56,
SKU-E-5,57,
SKU-E-5,58,
SKU-E-5,59,
SKU-E-5,60,
SKU-E-5,61,
SKU-E-5,62,
SKU-E-5,63,
SKU-E-5,64,
SKU-E-5,65,
SKU-E-5,66,
SKU-E-5,67,
SKU-E-5,68,
SKU-E-5,69,
SKU-E-5,70,
SKU-E-5,71,
SKU-E-5,72,
SKU-E-5,73,
SKU-E-5,74,
SKU-E-5,75,
SKU-E-5,76,
SKU-E-5,77,
SKU-E-5,78,
SKU-E-5,79,
SKU-E-5,80,
SKU-E-5,81,
SKU-E-5,82,
SKU-E-5,83,
SKU-E-5,84,
SKU-E-5,85,
SKU-E-5,86,
SKU-E-5,87,
SKU-E-5,88,
SKU-E-5,89,
SKU-E-5,90,
SKU-E-5,91,
SKU-E-5,92,
SKU-E-5,93,
SKU-E-5,94,
SKU-E-5,95,
SKU-E-5,96,
SKU-E-5,97,
SKU-E-5,98,
SKU-E-5,99,
SKU-E-5,100,
SKU-E-5,101,
SKU-E-5,102,
SKU-E-5,103,
SKU-E-5,104,
SKU-E-5,105,
SKU-E-5,106,
SKU-E-5,107,
SKU-E-5,108,
SKU-E-5,109,
SKU-E-5,110,
SKU-E-5,111,
SKU-E-5,112,
SKU-E-5,113,
SKU-E-5,114,
SKU-E-5,115,
SKU-E-5,116,
SKU-E-5,117,
SKU-E-5,118,
SKU-E-5,119,
SKU-E-5,120,
SKU-E-5,121,
SKU-E-5,122,
SKU-E-5,123,
SKU-E-5,124,
SKU-E-5,125,
SKU-E-5,126,
SKU-E-5,127,
SKU-E-5,128,
SKU-E-5,129,
SKU-E-5,130,
SKU-E-5,131,
SKU-E-5,132,
SKU-E-5,133,
SKU-E-5,134,
SKU-E-5,135,
SKU-E-5,136,
SKU-E-5,137,
SKU-E-5,138,
SKU-E-5,139,
SKU-E-5,140,
SKU-E-5,141,
SKU-E-5,142,
SKU-E-5,143,
SKU-E-5,144,
SKU-E-5,145,
SKU-E-5,146,
SKU-E-5,147,
SKU-E-5,148,
SKU-E-5,149,
SKU-E-5,150,
SKU-E-5,151,
SKU-E-5,152,
SKU-E-5,153,
SKU-E-5,154,
SKU-E-5,155,
SKU-E-5,156,
SKU-E-5,157,
SKU-E-5,158,
SKU-E-5,159,
SKU-E-5,160,
SKU-E-5,161,
SKU-E-5,162,
SKU-E-5,163,
SKU-E-5,164,
SKU-E-5,165,
SKU-E-5,166,
SKU-E-5,167,
SKU-E-5,168,
SKU-E-5,169,
SKU-E-5,170,
SKU-E-5,171,159.0
SKU-E-5,172,477.0
SKU-E-5,173,0.0
SKU-E-5,174,1433.0
SKU-E-5,175,637.0
SKU-E-5,176,4777.0
SKU-E-5,177,4379.0
SKU-E-5,178,7086.0
SKU-E-5,179,1433.0
SKU-E-5,180,2387.0
SKU-E-5,181,3185.0
SKU-E-5,182,4459.0
SKU-E-5,183,636.0
SKU-E-5,184,3502.0
SKU-E-5,185,2707.0
SKU-E-5,186,1592.0
SKU-E-5,187,637.0
SKU-F-1,1,31625.0
SKU-F-1,2,33041.0
SKU-F-1,3,20143.0
SKU-F-1,4,25795.0
SKU-F-1,5,18312.0
SKU-F-1,6,16083.0
SKU-F-1,7,21879.0
SKU-F-1,8,52754.0
SKU-F-1,9,12739.0
SKU-F-1,10,33121.0
SKU-F-1,11,29458.0
SKU-F-1,12,15446.0
SKU-F-1,13,23774.0
SKU-F-1,14,26910.0
SKU-F-1,15,29522.0
SKU-F-1,16,33758.0
SKU-F-1,17,3423.0
SKU-F-1,18,15605.0
SKU-F-1,19,34394.0
SKU-F-1,20,31273.0
SKU-F-1,21,5032.0
SKU-F-1,22,15207.0
SKU-F-1,23,9650.0
SKU-F-1,24,9506.0
SKU-F-1,25,7691.0
SKU-F-1,26,17946.0
SKU-F-1,27,8917.0
SKU-F-1,28,14617.0
SKU-F-1,29,5048.0
SKU-F-1,30,4013.0
SKU-F-1,31,3025.0
SKU-F-1,32,10844.0
SKU-F-1,33,9061.0
SKU-F-1,34,11178.0
SKU-F-1,35,4570.0
SKU-F-1,36,5796.0
SKU-F-1,37,7819.0
SKU-F-1,38,573.0
SKU-F-1,39,239.0
SKU-F-1,40,0.0
SKU-F-1,41,0.0
SKU-F-1,42,493.0
SKU-F-1,43,0.0
SKU-F-1,44,159.0
SKU-F-1,45,2548.0
SKU-F-1,46,
SKU-F-1,47,
SKU-F-1,48,
SKU-F-1,49,
SKU-F-1,50,
SKU-F-1,51,
SKU-F-1,52,
SKU-F-1,53,
SKU-F-1,54,
SKU-F-1,55,
SKU-F-1,56,
SKU-F-1,57,
SKU-F-1,58,
SKU-F-1,59,
SKU-F-1,60,
SKU-F-1,61,
SKU-F-1,62,
SKU-F-1,63,
SKU-F-1,64,
SKU-F-1,65,
SKU-F-1,66,
SKU-F-1,67,
SKU-F-1,68,
SKU-F-1,69,
SKU-F-1,70,
SKU-F-1,71,
SKU-F-1,72,
SKU-F-1,73,
SKU-F-1,74,
SKU-F-1,75,
SKU-F-1,76,
SKU-F-1,77,
SKU-F-1,78,
SKU-F-1,79,
SKU-F-1,80,
SKU-F-1,81,
SKU-F-1,82,
SKU-F-1,83,
SKU-F-1,84,
SKU-F-1,85,
SKU-F-1,86,
SKU-F-1,87,
SKU-F-1,88,
SKU-F-1,89,
SKU-F-1,90,
SKU-F-1,91,
SKU-F-1,92,
SKU-F-1,93,
SKU-F-1,94,
SKU-F-1,95,
SKU-F-1,96,
SKU-F-1,97,
SKU-F-1,98,
SKU-F-1,99,
SKU-F-1,100,
SKU-F-1,101,
SKU-F-1,102,
SKU-F-1,103,
SKU-F-1,104,
SKU-F-1,105,
SKU-F-1,106,
SKU-F-1,107,
SKU-F-1,108,
SKU-F-1,109,
SKU-F-1,110,
SKU-F-1,111,
SKU-F-1,112,
SKU-F-1,113,
SKU-F-1,114,
SKU-F-1,115,
SKU-F-1,116,
SKU-F-1,117,
SKU-F-1,118,
SKU-F-1,119,
SKU-F-1,120,
SKU-F-1,121,
SKU-F-1,122,
SKU-F-1,123,
SKU-F-1,124,
SKU-F-1,125,
SKU-F-1,126,
SKU-F-1,127,
SKU-F-1,128,
SKU-F-1,129,
SKU-F-1,130,
SKU-F-1,131,
SKU-F-1,132,
SKU-F-1,133,
SKU-F-1,134,
SKU-F-1,135,
SKU-F-1,136,
SKU-F-1,137,
SKU-F-1,138,
SKU-F-1,139,
SKU-F-1,140,
SKU-F-1,141,
SKU-F-1,142,
SKU-F-1,143,
SKU-F-1,144,
SKU-F-1,145,
SKU-F-1,146,
SKU-F-1,147,
SKU-F-1,148,
SKU-F-1,149,
SKU-F-1,150,
SKU-F-1,151,
SKU-F-1,152,
SKU-F-1,153,
SKU-F-1,154,
SKU-F-1,155,
SKU-F-1,156,
SKU-F-1,157,
SKU-F-1,158,
SKU-F-1,159,
SKU-F-1,160,
SKU-F-1,161,
SKU-F-1,162,
SKU-F-1,163,
SKU-F-1,164,
SKU-F-1,165,
SKU-F-1,166,
SKU-F-1,167,
SKU-F-1,168,
SKU-F-1,169,
SKU-F-1,170,
SKU-F-1,171,
SKU-F-1,172,
SKU-F-1,173,
SKU-F-1,174,
SKU-F-1,175,
SKU-F-1,176,
SKU-F-1,177,
SKU-F-1,178,
SKU-F-1,179,
SKU-F-1,180,
SKU-F-1,181,
SKU-F-1,182,
SKU-F-1,183,
SKU-F-1,184,
SKU-F-1,185,
SKU-F-1,186,
SKU-F-1,187,
SKU-F-2,1,120064.0
SKU-F-2,2,101911.0
SKU-F-2,3,117198.0
SKU-F-2,4,96656.0
SKU-F-2,5,178185.0
SKU-F-2,6,150318.0
SKU-F-2,7,81370.0
SKU-F-2,8,156720.0
SKU-F-2,9,196498.0
SKU-F-2,10,139649.0
SKU-F-2,11,115924.0
SKU-F-2,12,143631.0
SKU-F-2,13,160191.0
SKU-F-2,14,94426.0
SKU-F-2,15,135669.0
SKU-F-2,16,100955.0
SKU-F-2,17,139490.0
SKU-F-2,18,161465.0
SKU-F-2,19,99617.0
SKU-F-2,20,58089.0
SKU-F-2,21,97453.0
SKU-F-2,22,67515.0
SKU-F-2,23,26624.0
SKU-F-2,24,30222.0
SKU-F-2,25,66879.0
SKU-F-2,26,94586.0
SKU-F-2,27,39012.0
SKU-F-2,28,80095.0
SKU-F-2,29,69427.0
SKU-F-2,30,161465.0
SKU-F-2,31,135192.0
SKU-F-2,32,125956.0
SKU-F-2,33,88216.0
SKU-F-2,34,101114.0
SKU-F-2,35,81370.0
SKU-F-2,36,61624.0
SKU-F-2,37,100160.0
SKU-F-2,38,233598.0
SKU-F-2,39,65923.0
SKU-F-2,40,28822.0
SKU-F-2,41,74363.0
SKU-F-2,42,46338.0
SKU-F-2,43,48806.0
SKU-F-2,44,88534.0
SKU-F-2,45,29936.0
SKU-F-2,46,37580.0
SKU-F-2,47,73726.0
SKU-F-2,48,60987.0
SKU-F-2,49,22771.0
SKU-F-2,50,35351.0
SKU-F-2,51,62596.0
SKU-F-2,52,18630.0
SKU-F-2,53,25000.0
SKU-F-2,54,43630.0
SKU-F-2,55,46338.0
SKU-F-2,56,19109.0
SKU-F-2,57,9554.0
SKU-F-2,58,39013.0
SKU-F-2,59,32643.0
SKU-F-2,60,25971.0
SKU-F-2,61,15430.0
SKU-F-2,62,27501.0
SKU-F-2,63,13790.0
SKU-F-2,64,14489.0
SKU-F-2,65,18233.0
SKU-F-2,66,34093.0
SKU-F-2,67,20063.0
SKU-F-2,68,49523.0
SKU-F-2,69,16720.0
SKU-F-2,70,31370.0
SKU-F-2,71,24841.0
SKU-F-2,72,41943.0
SKU-F-2,73,39809.0
SKU-F-2,74,13980.0
SKU-F-2,75,16688.0
SKU-F-2,76,21592.0
SKU-F-2,77,32564.0
SKU-F-2,78,41273.0
SKU-F-2,79,13822.0
SKU-F-2,80,16242.0
SKU-F-2,81,22451.0
SKU-F-2,82,10191.0
SKU-F-2,83,8917.0
SKU-F-2,84,8439.0
SKU-F-2,85,17197.0
SKU-F-2,86,16131.0
SKU-F-2,87,9713.0
SKU-F-2,88,8439.0
SKU-F-2,89,7165.0
SKU-F-2,90,13057.0
SKU-F-2,91,2229.0
SKU-F-2,92,6609.0
SKU-F-2,93,23408.0
SKU-F-2,94,28297.0
SKU-F-2,95,2388.0
SKU-F-2,96,6719.0
SKU-F-2,97,7165.0
SKU-F-2,98,3981.0
SKU-F-2,99,8137.0
SKU-F-2,100,3806.0
SKU-F-2,101,15653.0
SKU-F-2,102,14108.0
SKU-F-2,103,13694.0
SKU-F-2,104,2707.0
SKU-F-2,105,2707.0
SKU-F-2,106,10064.0
SKU-F-2,107,14092.0
SKU-F-2,108,3265.0
SKU-F-2,109,10590.0
SKU-F-2,110,8822.0
SKU-F-2,111,2739.0
SKU-F-2,112,4904.0
SKU-F-2,113,3662.0
SKU-F-2,114,1974.0
SKU-F-2,115,7006.0
SKU-F-2,116,1751.0
SKU-F-2,117,
SKU-F-2,118,
SKU-F-2,119,
SKU-F-2,120,
SKU-F-2,121,
SKU-F-2,122,
SKU-F-2,123,
SKU-F-2,124,
SKU-F-2,125,
SKU-F-2,126,
SKU-F-2,127,
SKU-F-2,128,
SKU-F-2,129,
SKU-F-2,130,
SKU-F-2,131,
SKU-F-2,132,
SKU-F-2,133,
SKU-F-2,134,
SKU-F-2,135,
SKU-F-2,136,
SKU-F-2,137,
SKU-F-2,138,
SKU-F-2,139,
SKU-F-2,140,
SKU-F-2,141,
SKU-F-2,142,
SKU-F-2,143,
SKU-F-2,144,
SKU-F-2,145,
SKU-F-2,146,
SKU-F-2,147,
SKU-F-2,148,
SKU-F-2,149,
SKU-F-2,150,
SKU-F-2,151,
SKU-F-2,152,
SKU-F-2,153,
SKU-F-2,154,
SKU-F-2,155,
SKU-F-2,156,
SKU-F-2,157,
SKU-F-2,158,
SKU-F-2,159,
SKU-F-2,160,
SKU-F-2,161,
SKU-F-2,162,
SKU-F-2,163,
SKU-F-2,164,
SKU-F-2,165,
SKU-F-2,166,
SKU-F-2,167,
SKU-F-2,168,
SKU-F-2,169,
SKU-F-2,170,
SKU-F-2,171,
SKU-F-2,172,
SKU-F-2,173,
SKU-F-2,174,
SKU-F-2,175,
SKU-F-2,176,
SKU-F-2,177,
SKU-F-2,178,
SKU-F-2,179,
SKU-F-2,180,
SKU-F-2,181,
SKU-F-2,182,
SKU-F-2,183,
SKU-F-2,184,
SKU-F-2,185,
SKU-F-2,186,
SKU-F-2,187,
SKU-F-3,1,
SKU-F-3,2,
SKU-F-3,3,
SKU-F-3,4,
SKU-F-3,5,
SKU-F-3,6,
SKU-F-3,7,
SKU-F-3,8,
SKU-F-3,9,
SKU-F-3,10,
SKU-F-3,11,
SKU-F-3,12,
SKU-F-3,13,
SKU-F-3,14,
SKU-F-3,15,
SKU-F-3,16,
SKU-F-3,17,
SKU-F-3,18,
SKU-F-3,19,
SKU-F-3,20,430.0
SKU-F-3,21,16.0
SKU-F-3,22,318.0
SKU-F-3,23,2245.0
SKU-F-3,24,10048.0
SKU-F-3,25,12897.0
SKU-F-3,26,18154.0
SKU-F-3,27,7325.0
SKU-F-3,28,19666.0
SKU-F-3,29,31528.0
SKU-F-3,30,15128.0
SKU-F-3,31,66002.0
SKU-F-3,32,46974.0
SKU-F-3,33,69108.0
SKU-F-3,34,91241.0
SKU-F-3,35,45382.0
SKU-F-3,36,87262.0
SKU-F-3,37,61465.0
SKU-F-3,38,104298.0
SKU-F-3,39,65765.0
SKU-F-3,40,53344.0
SKU-F-3,41,85509.0
SKU-F-3,42,102867.0
SKU-F-3,43,61306.0
SKU-F-3,44,102150.0
SKU-F-3,45,92356.0
SKU-F-3,46,77070.0
SKU-F-3,47,85988.0
SKU-F-3,48,112739.0
SKU-F-3,49,149841.0
SKU-F-3,50,210826.0
SKU-F-3,51,137579.0
SKU-F-3,52,136305.0
SKU-F-3,53,145859.0
SKU-F-3,54,220063.0
SKU-F-3,55,186306.0
SKU-F-3,56,181210.0
SKU-F-3,57,154937.0
SKU-F-3,58,126991.0
SKU-F-3,59,102310.0
SKU-F-3,60,194825.0
SKU-F-3,61,214649.0
SKU-F-3,62,125382.0
SKU-F-3,63,157071.0
SKU-F-3,64,210828.0
SKU-F-3,65,140015.0
SKU-F-3,66,140876.0
SKU-F-3,67,183917.0
SKU-F-3,68,153185.0
SKU-F-3,69,191672.0
SKU-F-3,70,198663.0
SKU-F-3,71,169904.0
SKU-F-3,72,185860.0
SKU-F-3,73,121417.0
SKU-F-3,74,196338.0
SKU-F-3,75,247930.0
SKU-F-3,76,117197.0
SKU-F-3,77,181322.0
SKU-F-3,78,243853.0
SKU-F-3,79,167038.0
SKU-F-3,80,106688.0
SKU-F-3,81,116879.0
SKU-F-3,82,122612.0
SKU-F-3,83,117038.0
SKU-F-3,84,159395.0
SKU-F-3,85,129299.0
SKU-F-3,86,178025.0
SKU-F-3,87,160511.0
SKU-F-3,88,143949.0
SKU-F-3,89,104299.0
SKU-F-3,90,139810.0
SKU-F-3,91,137898.0
SKU-F-3,92,85987.0
SKU-F-3,93,49521.0
SKU-F-3,94,135206.0
SKU-F-3,95,62182.0
SKU-F-3,96,82420.0
SKU-F-3,97,132914.0
SKU-F-3,98,74522.0
SKU-F-3,99,49379.0
SKU-F-3,100,114856.0
SKU-F-3,101,68486.0
SKU-F-3,102,72039.0
SKU-F-3,103,39489.0
SKU-F-3,104,111147.0
SKU-F-3,105,41704.0
SKU-F-3,106,35670.0
SKU-F-3,107,52659.0
SKU-F-3,108,49634.0
SKU-F-3,109,38981.0
SKU-F-3,110,42882.0
SKU-F-3,111,56687.0
SKU-F-3,112,30094.0
SKU-F-3,113,35080.0
SKU-F-3,114,73042.0
SKU-F-3,115,78917.0
SKU-F-3,116,66417.0
SKU-F-3,117,61576.0
SKU-F-3,118,59188.0
SKU-F-3,119,38600.0
SKU-F-3,120,59810.0
SKU-F-3,121,39474.0
SKU-F-3,122,23073.0
SKU-F-3,123,27706.0
SKU-F-3,124,28343.0
SKU-F-3,125,26592.0
SKU-F-3,126,33599.0
SKU-F-3,127,16162.0
SKU-F-3,128,23566.0
SKU-F-3,129,47134.0
SKU-F-3,130,25795.0
SKU-F-3,131,18949.0
SKU-F-3,132,16401.0
SKU-F-3,133,19442.0
SKU-F-3,134,18041.0
SKU-F-3,135,36704.0
SKU-F-3,136,14649.0
SKU-F-3,137,3152.0
SKU-F-3,138,4777.0
SKU-F-3,139,27149.0
SKU-F-3,140,16417.0
SKU-F-3,141,10350.0
SKU-F-3,142,25095.0
SKU-F-3,143,10031.0
SKU-F-3,144,2469.0
SKU-F-3,145,4220.0
SKU-F-3,146,7802.0
SKU-F-3,147,2150.0
SKU-F-3,148,9315.0
SKU-F-3,149,3853.0
SKU-F-3,150,1369.0
SKU-F-3,151,3280.0
SKU-F-3,152,3487.0
SKU-F-3,153,1751.0
SKU-F-3,154,4140.0
SKU-F-3,155,2739.0
SKU-F-3,156,7962.0
SKU-F-3,157,2102.0
SKU-F-3,158,4618.0
SKU-F-3,159,478.0
SKU-F-3,160,10701.0
SKU-F-3,161,7166.0
SKU-F-3,162,2453.0
SKU-F-3,163,3343.0
SKU-F-3,164,477.0
SKU-F-3,165,3344.0
SKU-F-3,166,8726.0
SKU-F-3,167,6051.0
SKU-F-3,168,4204.0
SKU-F-3,169,4729.0
SKU-F-3,170,5095.0
SKU-F-3,171,2070.0
SKU-F-3,172,2356.0
SKU-F-3,173,2771.0
SKU-F-3,174,3233.0
SKU-F-3,175,2388.0
SKU-F-3,176,3583.0
SKU-F-3,177,1195.0
SKU-F-3,178,1592.0
SKU-F-3,179,2389.0
SKU-F-3,180,2628.0
SKU-F-3,181,1592.0
SKU-F-3,182,1720.0
SKU-F-3,183,7006.0
SKU-F-3,184,334.0
SKU-F-3,185,908.0
SKU-F-3,186,1545.0
SKU-F-3,187,
SKU-F-4,1,
SKU-F-4,2,
SKU-F-4,3,
SKU-F-4,4,
SKU-F-4,5,
SKU-F-4,6,
SKU-F-4,7,
SKU-F-4,8,
SKU-F-4,9,
SKU-F-4,10,
SKU-F-4,11,
SKU-F-4,12,
SKU-F-4,13,
SKU-F-4,14,
SKU-F-4,15,
SKU-F-4,16,
SKU-F-4,17,
SKU-F-4,18,
SKU-F-4,19,
SKU-F-4,20,
SKU-F-4,21,
SKU-F-4,22,
SKU-F-4,23,
SKU-F-4,24,
SKU-F-4,25,
SKU-F-4,26,
SKU-F-4,27,
SKU-F-4,28,
SKU-F-4,29,
SKU-F-4,30,
SKU-F-4,31,
SKU-F-4,32,
SKU-F-4,33,
SKU-F-4,34,
SKU-F-4,35,
SKU-F-4,36,
SKU-F-4,37,
SKU-F-4,38,
SKU-F-4,39,
SKU-F-4,40,
SKU-F-4,41,
SKU-F-4,42,
SKU-F-4,43,
SKU-F-4,44,
SKU-F-4,45,
SKU-F-4,46,
SKU-F-4,47,
SKU-F-4,48,
SKU-F-4,49,
SKU-F-4,50,
SKU-F-4,51,
SKU-F-4,52,
SKU-F-4,53,
SKU-F-4,54,
SKU-F-4,55,
SKU-F-4,56,
SKU-F-4,57,
SKU-F-4,58,
SKU-F-4,59,
SKU-F-4,60,
SKU-F-4,61,
SKU-F-4,62,
SKU-F-4,63,
SKU-F-4,64,
SKU-F-4,65,
SKU-F-4,66,
SKU-F-4,67,
SKU-F-4,68,
SKU-F-4,69,
SKU-F-4,70,
SKU-F-4,71,
SKU-F-4,72,
SKU-F-4,73,
SKU-F-4,74,
SKU-F-4,75,
SKU-F-4,76,
SKU-F-4,77,
SKU-F-4,78,
SKU-F-4,79,5191.0
SKU-F-4,80,15829.0
SKU-F-4,81,17675.0
SKU-F-4,82,15764.0
SKU-F-4,83,42436.0
SKU-F-4,84,46656.0
SKU-F-4,85,38678.0
SKU-F-4,86,76990.0
SKU-F-4,87,81527.0
SKU-F-4,88,61146.0
SKU-F-4,89,55255.0
SKU-F-4,90,66146.0
SKU-F-4,91,36322.0
SKU-F-4,92,55000.0
SKU-F-4,93,41847.0
SKU-F-4,94,114538.0
SKU-F-4,95,52548.0
SKU-F-4,96,65047.0
SKU-F-4,97,107914.0
SKU-F-4,98,100477.0
SKU-F-4,99,53725.0
SKU-F-4,100,148965.0
SKU-F-4,101,93790.0
SKU-F-4,102,71624.0
SKU-F-4,103,138566.0
SKU-F-4,104,120174.0
SKU-F-4,105,92628.0
SKU-F-4,106,99045.0
SKU-F-4,107,98057.0
SKU-F-4,108,207786.0
SKU-F-4,109,233360.0
SKU-F-4,110,118678.0
SKU-F-4,111,175780.0
SKU-F-4,112,225111.0
SKU-F-4,113,135016.0
SKU-F-4,114,170000.0
SKU-F-4,115,173886.0
SKU-F-4,116,228821.0
SKU-F-4,117,137500.0
SKU-F-4,118,158408.0
SKU-F-4,119,205747.0
SKU-F-4,120,324968.0
SKU-F-4,121,174315.0
SKU-F-4,122,154889.0
SKU-F-4,123,225557.0
SKU-F-4,124,162086.0
SKU-F-4,125,177214.0
SKU-F-4,126,216338.0
SKU-F-4,127,144362.0
SKU-F-4,128,207564.0
SKU-F-4,129,238057.0
SKU-F-4,130,258360.0
SKU-F-4,131,161894.0
SKU-F-4,132,113456.0
SKU-F-4,133,239028.0
SKU-F-4,134,142675.0
SKU-F-4,135,331863.0
SKU-F-4,136,176769.0
SKU-F-4,137,135127.0
SKU-F-4,138,178630.0
SKU-F-4,139,181306.0
SKU-F-4,140,168726.0
SKU-F-4,141,238822.0
SKU-F-4,142,484235.0
SKU-F-4,143,129729.0
SKU-F-4,144,107007.0
SKU-F-4,145,132420.0
SKU-F-4,146,174554.0
SKU-F-4,147,244506.0
SKU-F-4,148,295606.0
SKU-F-4,149,146799.0
SKU-F-4,150,114267.0
SKU-F-4,151,125510.0
SKU-F-4,152,147087.0
SKU-F-4,153,247086.0
SKU-F-4,154,172277.0
SKU-F-4,155,186943.0
SKU-F-4,156,216816.0
SKU-F-4,157,181608.0
SKU-F-4,158,170064.0
SKU-F-4,159,198997.0
SKU-F-4,160,241640.0
SKU-F-4,161,153518.0
SKU-F-4,162,181720.0
SKU-F-4,163,177006.0
SKU-F-4,164,155923.0
SKU-F-4,165,149776.0
SKU-F-4,166,221386.0
SKU-F-4,167,104825.0
SKU-F-4,168,116799.0
SKU-F-4,169,169172.0
SKU-F-4,170,197103.0
SKU-F-4,171,118216.0
SKU-F-4,172,141226.0
SKU-F-4,173,89460.0
SKU-F-4,174,121991.0
SKU-F-4,175,85827.0
SKU-F-4,176,84076.0
SKU-F-4,177,109013.0
SKU-F-4,178,113645.0
SKU-F-4,179,83646.0
SKU-F-4,180,116545.0
SKU-F-4,181,68869.0
SKU-F-4,182,70063.0
SKU-F-4,183,62373.0
SKU-F-4,184,48456.0
SKU-F-4,185,56003.0
SKU-F-4,186,47101.0
SKU-F-4,187,43472.0
SKU-F-5,1,
SKU-F-5,2,
SKU-F-5,3,
SKU-F-5,4,
SKU-F-5,5,
SKU-F-5,6,
SKU-F-5,7,
SKU-F-5,8,
SKU-F-5,9,
SKU-F-5,10,
SKU-F-5,11,
SKU-F-5,12,
SKU-F-5,13,
SKU-F-5,14,
SKU-F-5,15,
SKU-F-5,16,
SKU-F-5,17,
SKU-F-5,18,
SKU-F-5,19,
SKU-F-5,20,
SKU-F-5,21,
SKU-F-5,22,
SKU-F-5,23,
SKU-F-5,24,
SKU-F-5,25,
SKU-F-5,26,
SKU-F-5,27,
SKU-F-5,28,
SKU-F-5,29,
SKU-F-5,30,
SKU-F-5,31,
SKU-F-5,32,
SKU-F-5,33,
SKU-F-5,34,
SKU-F-5,35,
SKU-F-5,36,
SKU-F-5,37,
SKU-F-5,38,
SKU-F-5,39,
SKU-F-5,40,
SKU-F-5,41,
SKU-F-5,42,
SKU-F-5,43,
SKU-F-5,44,
SKU-F-5,45,
SKU-F-5,46,
SKU-F-5,47,
SKU-F-5,48,
SKU-F-5,49,
SKU-F-5,50,
SKU-F-5,51,
SKU-F-5,52,
SKU-F-5,53,
SKU-F-5,54,
SKU-F-5,55,
SKU-F-5,56,
SKU-F-5,57,
SKU-F-5,58,
SKU-F-5,59,
SKU-F-5,60,
SKU-F-5,61,
SKU-F-5,62,
SKU-F-5,63,
SKU-F-5,64,
SKU-F-5,65,
SKU-F-5,66,
SKU-F-5,67,
SKU-F-5,68,
SKU-F-5,69,
SKU-F-5,70,
SKU-F-5,71,
SKU-F-5,72,
SKU-F-5,73,
SKU-F-5,74,
SKU-F-5,75,
SKU-F-5,76,
SKU-F-5,77,
SKU-F-5,78,
SKU-F-5,79,
SKU-F-5,80,
SKU-F-5,81,
SKU-F-5,82,
SKU-F-5,83,
SKU-F-5,84,
SKU-F-5,85,
SKU-F-5,86,
SKU-F-5,87,
SKU-F-5,88,
SKU-F-5,89,
SKU-F-5,90,
SKU-F-5,91,
SKU-F-5,92,
SKU-F-5,93,
SKU-F-5,94,
SKU-F-5,95,
SKU-F-5,96,
SKU-F-5,97,
SKU-F-5,98,
SKU-F-5,99,
SKU-F-5,100,
SKU-F-5,101,
SKU-F-5,102,
SKU-F-5,103,
SKU-F-5,104,
SKU-F-5,105,
SKU-F-5,106,
SKU-F-5,107,
SKU-F-5,108,
SKU-F-5,109,
SKU-F-5,110,
SKU-F-5,111,
SKU-F-5,112,
SKU-F-5,113,
SKU-F-5,114,
SKU-F-5,115,
SKU-F-5,116,
SKU-F-5,117,
SKU-F-5,118,
SKU-F-5,119,
SKU-F-5,120,
SKU-F-5,121,
SKU-F-5,122,
SKU-F-5,123,
SKU-F-5,124,
SKU-F-5,125,
SKU-F-5,126,
SKU-F-5,127,
SKU-F-5,128,
SKU-F-5,129,
SKU-F-5,130,
SKU-F-5,131,
SKU-F-5,132,
SKU-F-5,133,
SKU-F-5,134,
SKU-F-5,135,
SKU-F-5,136,
SKU-F-5,137,
SKU-F-5,138,
SKU-F-5,139,
SKU-F-5,140,
SKU-F-5,141,
SKU-F-5,142,
SKU-F-5,143,
SKU-F-5,144,
SKU-F-5,145,
SKU-F-5,146,
SKU-F-5,147,
SKU-F-5,148,
SKU-F-5,149,
SKU-F-5,150,
SKU-F-5,151,
SKU-F-5,152,
SKU-F-5,153,
SKU-F-5,154,
SKU-F-5,155,
SKU-F-5,156,
SKU-F-5,157,
SKU-F-5,158,
SKU-F-5,159,
SKU-F-5,160,
SKU-F-5,161,
SKU-F-5,162,
SKU-F-5,163,
SKU-F-5,164,
SKU-F-5,165,
SKU-F-5,166,
SKU-F-5,167,
SKU-F-5,168,
SKU-F-5,169,
SKU-F-5,170,
SKU-F-5,171,
SKU-F-5,172,
SKU-F-5,173,
SKU-F-5,174,478.0
SKU-F-5,175,28471.0
SKU-F-5,176,34363.0
SKU-F-5,177,94506.0
SKU-F-5,178,49045.0
SKU-F-5,179,68520.0
SKU-F-5,180,110096.0
SKU-F-5,181,83566.0
SKU-F-5,182,68328.0
SKU-F-5,183,61322.0
SKU-F-5,184,36672.0
SKU-F-5,185,69937.0
SKU-F-5,186,92071.0
SKU-F-5,187,120859.0
SKU-G-2,1,2930.0
SKU-G-2,2,3343.0
SKU-G-2,3,3981.0
SKU-G-2,4,4776.0
SKU-G-2,5,8121.0
SKU-G-2,6,1831.0
SKU-G-2,7,6688.0
SKU-G-2,8,2467.0
SKU-G-2,9,14172.0
SKU-G-2,10,7675.0
SKU-G-2,11,12435.0
SKU-G-2,12,2468.0
SKU-G-2,13,1911.0
SKU-G-2,14,5891.0
SKU-G-2,15,1273.0
SKU-G-2,16,3980.0
SKU-G-2,17,3662.0
SKU-G-2,18,10254.0
SKU-G-2,19,8120.0
SKU-G-2,20,3026.0
SKU-G-2,21,1751.0
SKU-G-2,22,1114.0
SKU-G-2,23,3041.0
SKU-G-2,24,1592.0
SKU-G-2,25,2309.0
SKU-G-2,26,2818.0
SKU-G-2,27,1274.0
SKU-G-2,28,1464.0
SKU-G-2,29,1910.0
SKU-G-2,30,1274.0
SKU-G-2,31,4314.0
SKU-G-2,32,3981.0
SKU-G-2,33,5971.0
SKU-G-2,34,6848.0
SKU-G-2,35,1830.0
SKU-G-2,36,3263.0
SKU-G-2,37,1672.0
SKU-G-2,38,4697.0
SKU-G-2,39,1432.0
SKU-G-2,40,2707.0
SKU-G-2,41,1194.0
SKU-G-2,42,1432.0
SKU-G-2,43,1943.0
SKU-G-2,44,1210.0
SKU-G-2,45,1353.0
SKU-G-2,46,2469.0
SKU-G-2,47,9554.0
SKU-G-2,48,8041.0
SKU-G-2,49,6688.0
SKU-G-2,50,2946.0
SKU-G-2,51,0.0
SKU-G-2,52,1639.0
SKU-G-2,53,3949.0
SKU-G-2,54,2150.0
SKU-G-2,55,2467.0
SKU-G-2,56,2611.0
SKU-G-2,57,955.0
SKU-G-2,58,2866.0
SKU-G-2,59,1592.0
SKU-G-2,60,159.0
SKU-G-2,61,1735.0
SKU-G-2,62,1163.0
SKU-G-2,63,1990.0
SKU-G-2,64,987.0
SKU-G-2,65,955.0
SKU-G-2,66,1290.0
SKU-G-2,67,1751.0
SKU-G-2,68,733.0
SKU-G-2,69,2293.0
SKU-G-2,70,2341.0
SKU-G-2,71,541.0
SKU-G-2,72,159.0
SKU-G-2,73,1593.0
SKU-G-2,74,605.0
SKU-G-2,75,
SKU-G-2,76,
SKU-G-2,77,
SKU-G-2,78,
SKU-G-2,79,
SKU-G-2,80,
SKU-G-2,81,
SKU-G-2,82,
SKU-G-2,83,
SKU-G-2,84,
SKU-G-2,85,
SKU-G-2,86,
SKU-G-2,87,
SKU-G-2,88,
SKU-G-2,89,
SKU-G-2,90,
SKU-G-2,91,
SKU-G-2,92,
SKU-G-2,93,
SKU-G-2,94,
SKU-G-2,95,
SKU-G-2,96,
SKU-G-2,97,
SKU-G-2,98,
SKU-G-2,99,
SKU-G-2,100,
SKU-G-2,101,
SKU-G-2,102,
SKU-G-2,103,
SKU-G-2,104,
SKU-G-2,105,
SKU-G-2,106,
SKU-G-2,107,
SKU-G-2,108,
SKU-G-2,109,
SKU-G-2,110,
SKU-G-2,111,
SKU-G-2,112,
SKU-G-2,113,
SKU-G-2,114,
SKU-G-2,115,
SKU-G-2,116,
SKU-G-2,117,
SKU-G-2,118,
SKU-G-2,119,
SKU-G-2,120,
SKU-G-2,121,
SKU-G-2,122,
SKU-G-2,123,
SKU-G-2,124,
SKU-G-2,125,
SKU-G-2,126,
SKU-G-2,127,
SKU-G-2,128,
SKU-G-2,129,
SKU-G-2,130,
SKU-G-2,131,
SKU-G-2,132,
SKU-G-2,133,
SKU-G-2,134,
SKU-G-2,135,
SKU-G-2,136,
SKU-G-2,137,
SKU-G-2,138,
SKU-G-2,139,
SKU-G-2,140,
SKU-G-2,141,
SKU-G-2,142,
SKU-G-2,143,
SKU-G-2,144,
SKU-G-2,145,
SKU-G-2,146,
SKU-G-2,147,
SKU-G-2,148,
SKU-G-2,149,
SKU-G-2,150,
SKU-G-2,151,
SKU-G-2,152,
SKU-G-2,153,
SKU-G-2,154,
SKU-G-2,155,
SKU-G-2,156,
SKU-G-2,157,
SKU-G-2,158,
SKU-G-2,159,
SKU-G-2,160,
SKU-G-2,161,
SKU-G-2,162,
SKU-G-2,163,
SKU-G-2,164,
SKU-G-2,165,
SKU-G-2,166,
SKU-G-2,167,
SKU-G-2,168,
SKU-G-2,169,
SKU-G-2,170,
SKU-G-2,171,
SKU-G-2,172,
SKU-G-2,173,
SKU-G-2,174,
SKU-G-2,175,
SKU-G-2,176,
SKU-G-2,177,
SKU-G-2,178,
SKU-G-2,179,
SKU-G-2,180,
SKU-G-2,181,
SKU-G-2,182,
SKU-G-2,183,
SKU-G-2,184,
SKU-G-2,185,
SKU-G-2,186,
SKU-G-2,187,
SKU-G-3,1,
SKU-G-3,2,
SKU-G-3,3,
SKU-G-3,4,
SKU-G-3,5,
SKU-G-3,6,
SKU-G-3,7,
SKU-G-3,8,
SKU-G-3,9,
SKU-G-3,10,
SKU-G-3,11,
SKU-G-3,12,
SKU-G-3,13,
SKU-G-3,14,
SKU-G-3,15,
SKU-G-3,16,
SKU-G-3,17,
SKU-G-3,18,
SKU-G-3,19,
SKU-G-3,20,
SKU-G-3,21,80.0
SKU-G-3,22,318.0
SKU-G-3,23,0.0
SKU-G-3,24,478.0
SKU-G-3,25,0.0
SKU-G-3,26,477.0
SKU-G-3,27,159.0
SKU-G-3,28,1115.0
SKU-G-3,29,4300.0
SKU-G-3,30,4617.0
SKU-G-3,31,10732.0
SKU-G-3,32,13503.0
SKU-G-3,33,14968.0
SKU-G-3,34,14697.0
SKU-G-3,35,6894.0
SKU-G-3,36,11226.0
SKU-G-3,37,10987.0
SKU-G-3,38,16959.0
SKU-G-3,39,10907.0
SKU-G-3,40,10192.0
SKU-G-3,41,5335.0
SKU-G-3,42,8599.0
SKU-G-3,43,8201.0
SKU-G-3,44,22930.0
SKU-G-3,45,13853.0
SKU-G-3,46,12341.0
SKU-G-3,47,12533.0
SKU-G-3,48,17038.0
SKU-G-3,49,21019.0
SKU-G-3,50,27389.0
SKU-G-3,51,12102.0
SKU-G-3,52,27866.0
SKU-G-3,53,27468.0
SKU-G-3,54,39649.0
SKU-G-3,55,16401.0
SKU-G-3,56,21975.0
SKU-G-3,57,18789.0
SKU-G-3,58,15924.0
SKU-G-3,59,26991.0
SKU-G-3,60,33185.0
SKU-G-3,61,35350.0
SKU-G-3,62,19252.0
SKU-G-3,63,37531.0
SKU-G-3,64,30829.0
SKU-G-3,65,28090.0
SKU-G-3,66,30859.0
SKU-G-3,67,27261.0
SKU-G-3,68,20860.0
SKU-G-3,69,22643.0
SKU-G-3,70,28120.0
SKU-G-3,71,28584.0
SKU-G-3,72,28948.0
SKU-G-3,73,26433.0
SKU-G-3,74,29856.0
SKU-G-3,75,22771.0
SKU-G-3,76,24299.0
SKU-G-3,77,21497.0
SKU-G-3,78,18472.0
SKU-G-3,79,33695.0
SKU-G-3,80,38949.0
SKU-G-3,81,33774.0
SKU-G-3,82,28774.0
SKU-G-3,83,43503.0
SKU-G-3,84,19362.0
SKU-G-3,85,22007.0
SKU-G-3,86,22229.0
SKU-G-3,87,20333.0
SKU-G-3,88,22930.0
SKU-G-3,89,33121.0
SKU-G-3,90,27070.0
SKU-G-3,91,4299.0
SKU-G-3,92,3901.0
SKU-G-3,93,3550.0
SKU-G-3,94,6846.0
SKU-G-3,95,4616.0
SKU-G-3,96,8534.0
SKU-G-3,97,13089.0
SKU-G-3,98,4379.0
SKU-G-3,99,11560.0
SKU-G-3,100,13376.0
SKU-G-3,101,3790.0
SKU-G-3,102,11146.0
SKU-G-3,103,17835.0
SKU-G-3,104,9474.0
SKU-G-3,105,4140.0
SKU-G-3,106,8408.0
SKU-G-3,107,4220.0
SKU-G-3,108,4745.0
SKU-G-3,109,2770.0
SKU-G-3,110,4299.0
SKU-G-3,111,2388.0
SKU-G-3,112,6432.0
SKU-G-3,113,509.0
SKU-G-3,114,3057.0
SKU-G-3,115,2835.0
SKU-G-3,116,1544.0
SKU-G-3,117,5971.0
SKU-G-3,118,3743.0
SKU-G-3,119,4410.0
SKU-G-3,120,2436.0
SKU-G-3,121,3121.0
SKU-G-3,122,1545.0
SKU-G-3,123,2866.0
SKU-G-3,124,2914.0
SKU-G-3,125,3201.0
SKU-G-3,126,2548.0
SKU-G-3,127,1114.0
SKU-G-3,128,159.0
SKU-G-3,129,350.0
SKU-G-3,130,2547.0
SKU-G-3,131,350.0
SKU-G-3,132,207.0
SKU-G-3,133,3057.0
SKU-G-3,134,525.0
SKU-G-3,135,0.0
SKU-G-3,136,239.0
SKU-G-3,137,637.0
SKU-G-3,138,796.0
SKU-G-3,139,159.0
SKU-G-3,140,2707.0
SKU-G-3,141,318.0
SKU-G-3,142,1433.0
SKU-G-3,143,0.0
SKU-G-3,144,0.0
SKU-G-3,145,159.0
SKU-G-3,146,2898.0
SKU-G-3,147,0.0
SKU-G-3,148,637.0
SKU-G-3,149,0.0
SKU-G-3,150,64.0
SKU-G-3,151,0.0
SKU-G-3,152,0.0
SKU-G-3,153,2197.0
SKU-G-3,154,318.0
SKU-G-3,155,32.0
SKU-G-3,156,334.0
SKU-G-3,157,0.0
SKU-G-3,158,96.0
SKU-G-3,159,96.0
SKU-G-3,160,2389.0
SKU-G-3,161,637.0
SKU-G-3,162,828.0
SKU-G-3,163,318.0
SKU-G-3,164,0.0
SKU-G-3,165,478.0
SKU-G-3,166,207.0
SKU-G-3,167,0.0
SKU-G-3,168,175.0
SKU-G-3,169,478.0
SKU-G-3,170,796.0
SKU-G-3,171,159.0
SKU-G-3,172,828.0
SKU-G-3,173,0.0
SKU-G-3,174,318.0
SKU-G-3,175,159.0
SKU-G-3,176,0.0
SKU-G-3,177,64.0
SKU-G-3,178,0.0
SKU-G-3,179,0.0
SKU-G-3,180,0.0
SKU-G-3,181,318.0
SKU-G-3,182,159.0
SKU-G-3,183,318.0
SKU-G-3,184,0.0
SKU-G-3,185,955.0
SKU-G-3,186,0.0
SKU-G-3,187,318.0
SKU-G-4,1,
SKU-G-4,2,
SKU-G-4,3,
SKU-G-4,4,
SKU-G-4,5,
SKU-G-4,6,
SKU-G-4,7,
SKU-G-4,8,
SKU-G-4,9,
SKU-G-4,10,
SKU-G-4,11,
SKU-G-4,12,
SKU-G-4,13,
SKU-G-4,14,
SKU-G-4,15,
SKU-G-4,16,
SKU-G-4,17,
SKU-G-4,18,
SKU-G-4,19,
SKU-G-4,20,
SKU-G-4,21,
SKU-G-4,22,
SKU-G-4,23,
SKU-G-4,24,
SKU-G-4,25,
SKU-G-4,26,
SKU-G-4,27,
SKU-G-4,28,
SKU-G-4,29,
SKU-G-4,30,
SKU-G-4,31,
SKU-G-4,32,
SKU-G-4,33,
SKU-G-4,34,
SKU-G-4,35,
SKU-G-4,36,
SKU-G-4,37,
SKU-G-4,38,
SKU-G-4,39,
SKU-G-4,40,
SKU-G-4,41,
SKU-G-4,42,
SKU-G-4,43,
SKU-G-4,44,
SKU-G-4,45,
SKU-G-4,46,
SKU-G-4,47,
SKU-G-4,48,
SKU-G-4,49,
SKU-G-4,50,
SKU-G-4,51,
SKU-G-4,52,
SKU-G-4,53,
SKU-G-4,54,
SKU-G-4,55,
SKU-G-4,56,
SKU-G-4,57,
SKU-G-4,58,
SKU-G-4,59,
SKU-G-4,60,
SKU-G-4,61,
SKU-G-4,62,
SKU-G-4,63,
SKU-G-4,64,
SKU-G-4,65,
SKU-G-4,66,
SKU-G-4,67,
SKU-G-4,68,
SKU-G-4,69,
SKU-G-4,70,
SKU-G-4,71,
SKU-G-4,72,
SKU-G-4,73,
SKU-G-4,74,
SKU-G-4,75,
SKU-G-4,76,
SKU-G-4,77,
SKU-G-4,78,
SKU-G-4,79,318.0
SKU-G-4,80,80.0
SKU-G-4,81,2102.0
SKU-G-4,82,2070.0
SKU-G-4,83,7086.0
SKU-G-4,84,3662.0
SKU-G-4,85,5064.0
SKU-G-4,86,8790.0
SKU-G-4,87,11162.0
SKU-G-4,88,12182.0
SKU-G-4,89,11655.0
SKU-G-4,90,6529.0
SKU-G-4,91,10510.0
SKU-G-4,92,6449.0
SKU-G-4,93,5335.0
SKU-G-4,94,12818.0
SKU-G-4,95,7165.0
SKU-G-4,96,17755.0
SKU-G-4,97,10588.0
SKU-G-4,98,9060.0
SKU-G-4,99,10111.0
SKU-G-4,100,15526.0
SKU-G-4,101,14633.0
SKU-G-4,102,13042.0
SKU-G-4,103,21099.0
SKU-G-4,104,23455.0
SKU-G-4,105,16879.0
SKU-G-4,106,10222.0
SKU-G-4,107,19188.0
SKU-G-4,108,20477.0
SKU-G-4,109,37388.0
SKU-G-4,110,20271.0
SKU-G-4,111,18455.0
SKU-G-4,112,16162.0
SKU-G-4,113,13534.0
SKU-G-4,114,34713.0
SKU-G-4,115,21576.0
SKU-G-4,116,27977.0
SKU-G-4,117,24203.0
SKU-G-4,118,18472.0
SKU-G-4,119,33217.0
SKU-G-4,120,33360.0
SKU-G-4,121,20222.0
SKU-G-4,122,26959.0
SKU-G-4,123,26528.0
SKU-G-4,124,29936.0
SKU-G-4,125,17994.0
SKU-G-4,126,39650.0
SKU-G-4,127,17499.0
SKU-G-4,128,26592.0
SKU-G-4,129,26592.0
SKU-G-4,130,21974.0
SKU-G-4,131,11783.0
SKU-G-4,132,18041.0
SKU-G-4,133,19904.0
SKU-G-4,134,16958.0
SKU-G-4,135,27866.0
SKU-G-4,136,27451.0
SKU-G-4,137,28629.0
SKU-G-4,138,18535.0
SKU-G-4,139,21831.0
SKU-G-4,140,22309.0
SKU-G-4,141,26736.0
SKU-G-4,142,24139.0
SKU-G-4,143,25717.0
SKU-G-4,144,16432.0
SKU-G-4,145,23615.0
SKU-G-4,146,21003.0
SKU-G-4,147,20382.0
SKU-G-4,148,20780.0
SKU-G-4,149,24840.0
SKU-G-4,150,14555.0
SKU-G-4,151,14665.0
SKU-G-4,152,15143.0
SKU-G-4,153,19554.0
SKU-G-4,154,18773.0
SKU-G-4,155,26258.0
SKU-G-4,156,29857.0
SKU-G-4,157,21353.0
SKU-G-4,158,16561.0
SKU-G-4,159,19156.0
SKU-G-4,160,22389.0
SKU-G-4,161,11560.0
SKU-G-4,162,13695.0
SKU-G-4,163,14347.0
SKU-G-4,164,21098.0
SKU-G-4,165,14808.0
SKU-G-4,166,16814.0
SKU-G-4,167,17038.0
SKU-G-4,168,15940.0
SKU-G-4,169,14857.0
SKU-G-4,170,12723.0
SKU-G-4,171,12437.0
SKU-G-4,172,9920.0
SKU-G-4,173,15604.0
SKU-G-4,174,16673.0
SKU-G-4,175,10827.0
SKU-G-4,176,13741.0
SKU-G-4,177,13169.0
SKU-G-4,178,6958.0
SKU-G-4,179,11703.0
SKU-G-4,180,13280.0
SKU-G-4,181,12897.0
SKU-G-4,182,10366.0
SKU-G-4,183,5413.0
SKU-G-4,184,5478.0
SKU-G-4,185,8360.0
SKU-G-4,186,9076.0
SKU-G-4,187,6130.0
SKU-G-5,1,
SKU-G-5,2,
SKU-G-5,3,
SKU-G-5,4,
SKU-G-5,5,
SKU-G-5,6,
SKU-G-5,7,
SKU-G-5,8,
SKU-G-5,9,
SKU-G-5,10,
SKU-G-5,11,
SKU-G-5,12,
SKU-G-5,13,
SKU-G-5,14,
SKU-G-5,15,
SKU-G-5,16,
SKU-G-5,17,
SKU-G-5,18,
SKU-G-5,19,
SKU-G-5,20,
SKU-G-5,21,
SKU-G-5,22,
SKU-G-5,23,
SKU-G-5,24,
SKU-G-5,25,
SKU-G-5,26,
SKU-G-5,27,
SKU-G-5,28,
SKU-G-5,29,
SKU-G-5,30,
SKU-G-5,31,
SKU-G-5,32,
SKU-G-5,33,
SKU-G-5,34,
SKU-G-5,35,
SKU-G-5,36,
SKU-G-5,37,
SKU-G-5,38,
SKU-G-5,39,
SKU-G-5,40,
SKU-G-5,41,
SKU-G-5,42,
SKU-G-5,43,
SKU-G-5,44,
SKU-G-5,45,
SKU-G-5,46,
SKU-G-5,47,
SKU-G-5,48,
SKU-G-5,49,
SKU-G-5,50,
SKU-G-5,51,
SKU-G-5,52,
SKU-G-5,53,
SKU-G-5,54,
SKU-G-5,55,
SKU-G-5,56,
SKU-G-5,57,
SKU-G-5,58,
SKU-G-5,59,
SKU-G-5,60,
SKU-G-5,61,
SKU-G-5,62,
SKU-G-5,63,
SKU-G-5,64,
SKU-G-5,65,
SKU-G-5,66,
SKU-G-5,67,
SKU-G-5,68,
SKU-G-5,69,
SKU-G-5,70,
SKU-G-5,71,
SKU-G-5,72,
SKU-G-5,73,
SKU-G-5,74,
SKU-G-5,75,
SKU-G-5,76,
SKU-G-5,77,
SKU-G-5,78,
SKU-G-5,79,
SKU-G-5,80,
SKU-G-5,81,
SKU-G-5,82,
SKU-G-5,83,
SKU-G-5,84,
SKU-G-5,85,
SKU-G-5,86,
SKU-G-5,87,
SKU-G-5,88,
SKU-G-5,89,
SKU-G-5,90,
SKU-G-5,91,
SKU-G-5,92,
SKU-G-5,93,
SKU-G-5,94,
SKU-G-5,95,
SKU-G-5,96,
SKU-G-5,97,
SKU-G-5,98,
SKU-G-5,99,
SKU-G-5,100,
SKU-G-5,101,
SKU-G-5,102,
SKU-G-5,103,
SKU-G-5,104,
SKU-G-5,105,
SKU-G-5,106,
SKU-G-5,107,
SKU-G-5,108,
SKU-G-5,109,
SKU-G-5,110,
SKU-G-5,111,
SKU-G-5,112,
SKU-G-5,113,
SKU-G-5,114,
SKU-G-5,115,
SKU-G-5,116,
SKU-G-5,117,
SKU-G-5,118,
SKU-G-5,119,
SKU-G-5,120,
SKU-G-5,121,
SKU-G-5,122,
SKU-G-5,123,
SKU-G-5,124,
SKU-G-5,125,
SKU-G-5,126,
SKU-G-5,127,
SKU-G-5,128,
SKU-G-5,129,
SKU-G-5,130,
SKU-G-5,131,
SKU-G-5,132,
SKU-G-5,133,
SKU-G-5,134,
SKU-G-5,135,
SKU-G-5,136,
SKU-G-5,137,
SKU-G-5,138,
SKU-G-5,139,
SKU-G-5,140,
SKU-G-5,141,
SKU-G-5,142,
SKU-G-5,143,
SKU-G-5,144,
SKU-G-5,145,
SKU-G-5,146,
SKU-G-5,147,
SKU-G-5,148,
SKU-G-5,149,
SKU-G-5,150,
SKU-G-5,151,
SKU-G-5,152,
SKU-G-5,153,
SKU-G-5,154,
SKU-G-5,155,
SKU-G-5,156,
SKU-G-5,157,
SKU-G-5,158,
SKU-G-5,159,
SKU-G-5,160,
SKU-G-5,161,
SKU-G-5,162,
SKU-G-5,163,
SKU-G-5,164,
SKU-G-5,165,
SKU-G-5,166,
SKU-G-5,167,
SKU-G-5,168,
SKU-G-5,169,
SKU-G-5,170,
SKU-G-5,171,
SKU-G-5,172,
SKU-G-5,173,
SKU-G-5,174,
SKU-G-5,175,
SKU-G-5,176,
SKU-G-5,177,
SKU-G-5,178,
SKU-G-5,179,2453.0
SKU-G-5,180,7261.0
SKU-G-5,181,3662.0
SKU-G-5,182,7913.0
SKU-G-5,183,13153.0
SKU-G-5,184,9650.0
SKU-G-5,185,13359.0
SKU-G-5,186,13885.0
SKU-G-5,187,14140.0
SKU-H-1,1,5494.0
SKU-H-1,2,4633.0
SKU-H-1,3,4332.0
SKU-H-1,4,4140.0
SKU-H-1,5,1066.0
SKU-H-1,6,159.0
SKU-H-1,7,477.0
SKU-H-1,8,1115.0
SKU-H-1,9,1274.0
SKU-H-1,10,2707.0
SKU-H-1,11,4936.0
SKU-H-1,12,1036.0
SKU-H-1,13,2118.0
SKU-H-1,14,478.0
SKU-H-1,15,0.0
SKU-H-1,16,64.0
SKU-H-1,17,318.0
SKU-H-1,18,0.0
SKU-H-1,19,0.0
SKU-H-1,20,955.0
SKU-H-1,21,159.0
SKU-H-1,22,159.0
SKU-H-1,23,159.0
SKU-H-1,24,0.0
SKU-H-1,25,0.0
SKU-H-1,26,159.0
SKU-H-1,27,3185.0
SKU-H-1,28,
SKU-H-1,29,
SKU-H-1,30,
SKU-H-1,31,
SKU-H-1,32,
SKU-H-1,33,
SKU-H-1,34,
SKU-H-1,35,
SKU-H-1,36,
SKU-H-1,37,
SKU-H-1,38,
SKU-H-1,39,
SKU-H-1,40,
SKU-H-1,41,
SKU-H-1,42,
SKU-H-1,43,
SKU-H-1,44,
SKU-H-1,45,
SKU-H-1,46,
SKU-H-1,47,
SKU-H-1,48,
SKU-H-1,49,
SKU-H-1,50,
SKU-H-1,51,
SKU-H-1,52,
SKU-H-1,53,
SKU-H-1,54,
SKU-H-1,55,
SKU-H-1,56,
SKU-H-1,57,
SKU-H-1,58,
SKU-H-1,59,
SKU-H-1,60,
SKU-H-1,61,
SKU-H-1,62,
SKU-H-1,63,
SKU-H-1,64,
SKU-H-1,65,
SKU-H-1,66,
SKU-H-1,67,
SKU-H-1,68,
SKU-H-1,69,
SKU-H-1,70,
SKU-H-1,71,
SKU-H-1,72,
SKU-H-1,73,
SKU-H-1,74,
SKU-H-1,75,
SKU-H-1,76,
SKU-H-1,77,
SKU-H-1,78,
SKU-H-1,79,
SKU-H-1,80,
SKU-H-1,81,
SKU-H-1,82,
SKU-H-1,83,
SKU-H-1,84,
SKU-H-1,85,
SKU-H-1,86,
SKU-H-1,87,
SKU-H-1,88,
SKU-H-1,89,
SKU-H-1,90,
SKU-H-1,91,
SKU-H-1,92,
SKU-H-1,93,
SKU-H-1,94,
SKU-H-1,95,
SKU-H-1,96,
SKU-H-1,97,
SKU-H-1,98,
SKU-H-1,99,
SKU-H-1,100,
SKU-H-1,101,
SKU-H-1,102,
SKU-H-1,103,
SKU-H-1,104,
SKU-H-1,105,
SKU-H-1,106,
SKU-H-1,107,
SKU-H-1,108,
SKU-H-1,109,
SKU-H-1,110,
SKU-H-1,111,
SKU-H-1,112,
SKU-H-1,113,
SKU-H-1,114,
SKU-H-1,115,
SKU-H-1,116,
SKU-H-1,117,
SKU-H-1,118,
SKU-H-1,119,
SKU-H-1,120,
SKU-H-1,121,
SKU-H-1,122,
SKU-H-1,123,
SKU-H-1,124,
SKU-H-1,125,
SKU-H-1,126,
SKU-H-1,127,
SKU-H-1,128,
SKU-H-1,129,
SKU-H-1,130,
SKU-H-1,131,
SKU-H-1,132,
SKU-H-1,133,
SKU-H-1,134,
SKU-H-1,135,
SKU-H-1,136,
SKU-H-1,137,
SKU-H-1,138,
SKU-H-1,139,
SKU-H-1,140,
SKU-H-1,141,
SKU-H-1,142,
SKU-H-1,143,
SKU-H-1,144,
SKU-H-1,145,
SKU-H-1,146,
SKU-H-1,147,
SKU-H-1,148,
SKU-H-1,149,
SKU-H-1,150,
SKU-H-1,151,
SKU-H-1,152,
SKU-H-1,153,
SKU-H-1,154,
SKU-H-1,155,
SKU-H-1,156,
SKU-H-1,157,
SKU-H-1,158,
SKU-H-1,159,
SKU-H-1,160,
SKU-H-1,161,
SKU-H-1,162,
SKU-H-1,163,
SKU-H-1,164,
SKU-H-1,165,
SKU-H-1,166,
SKU-H-1,167,
SKU-H-1,168,
SKU-H-1,169,
SKU-H-1,170,
SKU-H-1,171,
SKU-H-1,172,
SKU-H-1,173,
SKU-H-1,174,
SKU-H-1,175,
SKU-H-1,176,
SKU-H-1,177,
SKU-H-1,178,
SKU-H-1,179,
SKU-H-1,180,
SKU-H-1,181,
SKU-H-1,182,
SKU-H-1,183,
SKU-H-1,184,
SKU-H-1,185,
SKU-H-1,186,
SKU-H-1,187,
SKU-H-2,1,150956.0
SKU-H-2,2,176115.0
SKU-H-2,3,166719.0
SKU-H-2,4,144428.0
SKU-H-2,5,242357.0
SKU-H-2,6,226274.0
SKU-H-2,7,152548.0
SKU-H-2,8,177547.0
SKU-H-2,9,193074.0
SKU-H-2,10,162579.0
SKU-H-2,11,135032.0
SKU-H-2,12,190924.0
SKU-H-2,13,236784.0
SKU-H-2,14,179937.0
SKU-H-2,15,216560.0
SKU-H-2,16,213199.0
SKU-H-2,17,141242.0
SKU-H-2,18,214809.0
SKU-H-2,19,103678.0
SKU-H-2,20,119506.0
SKU-H-2,21,77674.0
SKU-H-2,22,93297.0
SKU-H-2,23,56052.0
SKU-H-2,24,117563.0
SKU-H-2,25,99841.0
SKU-H-2,26,120860.0
SKU-H-2,27,147452.0
SKU-H-2,28,114013.0
SKU-H-2,29,158599.0
SKU-H-2,30,110271.0
SKU-H-2,31,158757.0
SKU-H-2,32,155095.0
SKU-H-2,33,88868.0
SKU-H-2,34,103136.0
SKU-H-2,35,156687.0
SKU-H-2,36,158232.0
SKU-H-2,37,96082.0
SKU-H-2,38,203980.0
SKU-H-2,39,177070.0
SKU-H-2,40,55096.0
SKU-H-2,41,58916.0
SKU-H-2,42,113217.0
SKU-H-2,43,61146.0
SKU-H-2,44,72771.0
SKU-H-2,45,74682.0
SKU-H-2,46,75159.0
SKU-H-2,47,62579.0
SKU-H-2,48,61465.0
SKU-H-2,49,42994.0
SKU-H-2,50,86624.0
SKU-H-2,51,120223.0
SKU-H-2,52,72134.0
SKU-H-2,53,111625.0
SKU-H-2,54,62898.0
SKU-H-2,55,63375.0
SKU-H-2,56,39968.0
SKU-H-2,57,93471.0
SKU-H-2,58,60509.0
SKU-H-2,59,42038.0
SKU-H-2,60,45859.0
SKU-H-2,61,60382.0
SKU-H-2,62,59474.0
SKU-H-2,63,51432.0
SKU-H-2,64,50494.0
SKU-H-2,65,79665.0
SKU-H-2,66,45542.0
SKU-H-2,67,38136.0
SKU-H-2,68,29299.0
SKU-H-2,69,42515.0
SKU-H-2,70,69220.0
SKU-H-2,71,32007.0
SKU-H-2,72,26895.0
SKU-H-2,73,67356.0
SKU-H-2,74,44092.0
SKU-H-2,75,44857.0
SKU-H-2,76,45860.0
SKU-H-2,77,85748.0
SKU-H-2,78,36528.0
SKU-H-2,79,47675.0
SKU-H-2,80,44427.0
SKU-H-2,81,44586.0
SKU-H-2,82,33360.0
SKU-H-2,83,39012.0
SKU-H-2,84,22850.0
SKU-H-2,85,22372.0
SKU-H-2,86,29299.0
SKU-H-2,87,32325.0
SKU-H-2,88,36784.0
SKU-H-2,89,17038.0
SKU-H-2,90,49348.0
SKU-H-2,91,27548.0
SKU-H-2,92,32961.0
SKU-H-2,93,15128.0
SKU-H-2,94,29619.0
SKU-H-2,95,13217.0
SKU-H-2,96,28965.0
SKU-H-2,97,28853.0
SKU-H-2,98,11385.0
SKU-H-2,99,17389.0
SKU-H-2,100,38854.0
SKU-H-2,101,19076.0
SKU-H-2,102,25223.0
SKU-H-2,103,41528.0
SKU-H-2,104,55079.0
SKU-H-2,105,18550.0
SKU-H-2,106,41640.0
SKU-H-2,107,37261.0
SKU-H-2,108,11002.0
SKU-H-2,109,14585.0
SKU-H-2,110,4140.0
SKU-H-2,111,3821.0
SKU-H-2,112,4172.0
SKU-H-2,113,5414.0
SKU-H-2,114,1911.0
SKU-H-2,115,1752.0
SKU-H-2,116,1433.0
SKU-H-2,117,
SKU-H-2,118,
SKU-H-2,119,
SKU-H-2,120,
SKU-H-2,121,
SKU-H-2,122,
SKU-H-2,123,
SKU-H-2,124,
SKU-H-2,125,
SKU-H-2,126,
SKU-H-2,127,
SKU-H-2,128,
SKU-H-2,129,
SKU-H-2,130,
SKU-H-2,131,
SKU-H-2,132,
SKU-H-2,133,
SKU-H-2,134,
SKU-H-2,135,
SKU-H-2,136,
SKU-H-2,137,
SKU-H-2,138,
SKU-H-2,139,
SKU-H-2,140,
SKU-H-2,141,
SKU-H-2,142,
SKU-H-2,143,
SKU-H-2,144,
SKU-H-2,145,
SKU-H-2,146,
SKU-H-2,147,
SKU-H-2,148,
SKU-H-2,149,
SKU-H-2,150,
SKU-H-2,151,
SKU-H-2,152,
SKU-H-2,153,
SKU-H-2,154,
SKU-H-2,155,
SKU-H-2,156,
SKU-H-2,157,
SKU-H-2,158,
SKU-H-2,159,
SKU-H-2,160,
SKU-H-2,161,
SKU-H-2,162,
SKU-H-2,163,
SKU-H-2,164,
SKU-H-2,165,
SKU-H-2,166,
SKU-H-2,167,
SKU-H-2,168,
SKU-H-2,169,
SKU-H-2,170,
SKU-H-2,171,
SKU-H-2,172,
SKU-H-2,173,
SKU-H-2,174,
SKU-H-2,175,
SKU-H-2,176,
SKU-H-2,177,
SKU-H-2,178,
SKU-H-2,179,
SKU-H-2,180,
SKU-H-2,181,
SKU-H-2,182,
SKU-H-2,183,
SKU-H-2,184,
SKU-H-2,185,
SKU-H-2,186,
SKU-H-2,187,
SKU-H-3,1,
SKU-H-3,2,
SKU-H-3,3,
SKU-H-3,4,
SKU-H-3,5,
SKU-H-3,6,
SKU-H-3,7,
SKU-H-3,8,
SKU-H-3,9,
SKU-H-3,10,
SKU-H-3,11,
SKU-H-3,12,
SKU-H-3,13,
SKU-H-3,14,
SKU-H-3,15,
SKU-H-3,16,
SKU-H-3,17,
SKU-H-3,18,
SKU-H-3,19,
SKU-H-3,20,318.0
SKU-H-3,21,159.0
SKU-H-3,22,955.0
SKU-H-3,23,956.0
SKU-H-3,24,10765.0
SKU-H-3,25,4140.0
SKU-H-3,26,13137.0
SKU-H-3,27,2229.0
SKU-H-3,28,5986.0
SKU-H-3,29,13057.0
SKU-H-3,30,10668.0
SKU-H-3,31,41402.0
SKU-H-3,32,21020.0
SKU-H-3,33,30732.0
SKU-H-3,34,38058.0
SKU-H-3,35,28185.0
SKU-H-3,36,62261.0
SKU-H-3,37,53981.0
SKU-H-3,38,33917.0
SKU-H-3,39,52946.0
SKU-H-3,40,17357.0
SKU-H-3,41,40764.0
SKU-H-3,42,100796.0
SKU-H-3,43,21417.0
SKU-H-3,44,52867.0
SKU-H-3,45,40446.0
SKU-H-3,46,45540.0
SKU-H-3,47,43313.0
SKU-H-3,48,56688.0
SKU-H-3,49,55254.0
SKU-H-3,50,95573.0
SKU-H-3,51,84712.0
SKU-H-3,52,114491.0
SKU-H-3,53,55733.0
SKU-H-3,54,73089.0
SKU-H-3,55,105733.0
SKU-H-3,56,55574.0
SKU-H-3,57,68949.0
SKU-H-3,58,71655.0
SKU-H-3,59,49523.0
SKU-H-3,60,78184.0
SKU-H-3,61,93885.0
SKU-H-3,62,93376.0
SKU-H-3,63,91338.0
SKU-H-3,64,59506.0
SKU-H-3,65,80015.0
SKU-H-3,66,76593.0
SKU-H-3,67,56896.0
SKU-H-3,68,77500.0
SKU-H-3,69,92563.0
SKU-H-3,70,64491.0
SKU-H-3,71,55652.0
SKU-H-3,72,60398.0
SKU-H-3,73,71225.0
SKU-H-3,74,57771.0
SKU-H-3,75,60620.0
SKU-H-3,76,57165.0
SKU-H-3,77,78487.0
SKU-H-3,78,73025.0
SKU-H-3,79,127611.0
SKU-H-3,80,80350.0
SKU-H-3,81,57930.0
SKU-H-3,82,60796.0
SKU-H-3,83,65383.0
SKU-H-3,84,33328.0
SKU-H-3,85,60686.0
SKU-H-3,86,51449.0
SKU-H-3,87,160096.0
SKU-H-3,88,126847.0
SKU-H-3,89,68678.0
SKU-H-3,90,71656.0
SKU-H-3,91,53662.0
SKU-H-3,92,14093.0
SKU-H-3,93,27548.0
SKU-H-3,94,20541.0
SKU-H-3,95,28026.0
SKU-H-3,96,47898.0
SKU-H-3,97,36752.0
SKU-H-3,98,31051.0
SKU-H-3,99,19634.0
SKU-H-3,100,26592.0
SKU-H-3,101,29012.0
SKU-H-3,102,19794.0
SKU-H-3,103,20446.0
SKU-H-3,104,12261.0
SKU-H-3,105,14826.0
SKU-H-3,106,9347.0
SKU-H-3,107,10684.0
SKU-H-3,108,14712.0
SKU-H-3,109,39283.0
SKU-H-3,110,11050.0
SKU-H-3,111,6672.0
SKU-H-3,112,14792.0
SKU-H-3,113,17420.0
SKU-H-3,114,14315.0
SKU-H-3,115,17961.0
SKU-H-3,116,30366.0
SKU-H-3,117,12102.0
SKU-H-3,118,4665.0
SKU-H-3,119,14076.0
SKU-H-3,120,12532.0
SKU-H-3,121,13407.0
SKU-H-3,122,14713.0
SKU-H-3,123,17547.0
SKU-H-3,124,9442.0
SKU-H-3,125,10986.0
SKU-H-3,126,5557.0
SKU-H-3,127,637.0
SKU-H-3,128,2549.0
SKU-H-3,129,3980.0
SKU-H-3,130,18949.0
SKU-H-3,131,1752.0
SKU-H-3,132,1911.0
SKU-H-3,133,4458.0
SKU-H-3,134,4873.0
SKU-H-3,135,1385.0
SKU-H-3,136,4235.0
SKU-H-3,137,1019.0
SKU-H-3,138,318.0
SKU-H-3,139,2771.0
SKU-H-3,140,1591.0
SKU-H-3,141,5892.0
SKU-H-3,142,1593.0
SKU-H-3,143,955.0
SKU-H-3,144,955.0
SKU-H-3,145,1194.0
SKU-H-3,146,2611.0
SKU-H-3,147,780.0
SKU-H-3,148,1162.0
SKU-H-3,149,701.0
SKU-H-3,150,781.0
SKU-H-3,151,1671.0
SKU-H-3,152,1162.0
SKU-H-3,153,780.0
SKU-H-3,154,477.0
SKU-H-3,155,717.0
SKU-H-3,156,812.0
SKU-H-3,157,636.0
SKU-H-3,158,684.0
SKU-H-3,159,159.0
SKU-H-3,160,239.0
SKU-H-3,161,96.0
SKU-H-3,162,1592.0
SKU-H-3,163,494.0
SKU-H-3,164,828.0
SKU-H-3,165,971.0
SKU-H-3,166,1194.0
SKU-H-3,167,477.0
SKU-H-3,168,0.0
SKU-H-3,169,478.0
SKU-H-3,170,0.0
SKU-H-3,171,64.0
SKU-H-3,172,876.0
SKU-H-3,173,318.0
SKU-H-3,174,239.0
SKU-H-3,175,96.0
SKU-H-3,176,0.0
SKU-H-3,177,955.0
SKU-H-3,178,669.0
SKU-H-3,179,0.0
SKU-H-3,180,16.0
SKU-H-3,181,0.0
SKU-H-3,182,0.0
SKU-H-3,183,0.0
SKU-H-3,184,0.0
SKU-H-3,185,1035.0
SKU-H-3,186,
SKU-H-3,187,
SKU-H-4,1,
SKU-H-4,2,
SKU-H-4,3,
SKU-H-4,4,
SKU-H-4,5,
SKU-H-4,6,
SKU-H-4,7,
SKU-H-4,8,
SKU-H-4,9,
SKU-H-4,10,
SKU-H-4,11,
SKU-H-4,12,
SKU-H-4,13,
SKU-H-4,14,
SKU-H-4,15,
SKU-H-4,16,
SKU-H-4,17,
SKU-H-4,18,
SKU-H-4,19,
SKU-H-4,20,
SKU-H-4,21,
SKU-H-4,22,
SKU-H-4,23,
SKU-H-4,24,
SKU-H-4,25,
SKU-H-4,26,
SKU-H-4,27,
SKU-H-4,28,
SKU-H-4,29,
SKU-H-4,30,
SKU-H-4,31,
SKU-H-4,32,
SKU-H-4,33,
SKU-H-4,34,
SKU-H-4,35,
SKU-H-4,36,
SKU-H-4,37,
SKU-H-4,38,
SKU-H-4,39,
SKU-H-4,40,
SKU-H-4,41,
SKU-H-4,42,
SKU-H-4,43,
SKU-H-4,44,
SKU-H-4,45,
SKU-H-4,46,
SKU-H-4,47,
SKU-H-4,48,
SKU-H-4,49,
SKU-H-4,50,
SKU-H-4,51,
SKU-H-4,52,
SKU-H-4,53,
SKU-H-4,54,
SKU-H-4,55,
SKU-H-4,56,
SKU-H-4,57,
SKU-H-4,58,
SKU-H-4,59,
SKU-H-4,60,
SKU-H-4,61,
SKU-H-4,62,
SKU-H-4,63,
SKU-H-4,64,
SKU-H-4,65,
SKU-H-4,66,
SKU-H-4,67,
SKU-H-4,68,
SKU-H-4,69,
SKU-H-4,70,
SKU-H-4,71,
SKU-H-4,72,
SKU-H-4,73,
SKU-H-4,74,
SKU-H-4,75,
SKU-H-4,76,
SKU-H-4,77,
SKU-H-4,78,
SKU-H-4,79,4140.0
SKU-H-4,80,4761.0
SKU-H-4,81,11831.0
SKU-H-4,82,9952.0
SKU-H-4,83,20414.0
SKU-H-4,84,20382.0
SKU-H-4,85,30573.0
SKU-H-4,86,35286.0
SKU-H-4,87,37022.0
SKU-H-4,88,41401.0
SKU-H-4,89,39332.0
SKU-H-4,90,28725.0
SKU-H-4,91,33616.0
SKU-H-4,92,12930.0
SKU-H-4,93,26783.0
SKU-H-4,94,70509.0
SKU-H-4,95,19442.0
SKU-H-4,96,53026.0
SKU-H-4,97,41131.0
SKU-H-4,98,38361.0
SKU-H-4,99,39586.0
SKU-H-4,100,46274.0
SKU-H-4,101,50987.0
SKU-H-4,102,61895.0
SKU-H-4,103,48424.0
SKU-H-4,104,55447.0
SKU-H-4,105,152500.0
SKU-H-4,106,79315.0
SKU-H-4,107,60573.0
SKU-H-4,108,84236.0
SKU-H-4,109,124968.0
SKU-H-4,110,38981.0
SKU-H-4,111,64172.0
SKU-H-4,112,102277.0
SKU-H-4,113,54617.0
SKU-H-4,114,115875.0
SKU-H-4,115,155127.0
SKU-H-4,116,139395.0
SKU-H-4,117,56990.0
SKU-H-4,118,106466.0
SKU-H-4,119,187485.0
SKU-H-4,120,151831.0
SKU-H-4,121,98313.0
SKU-H-4,122,122293.0
SKU-H-4,123,101369.0
SKU-H-4,124,104937.0
SKU-H-4,125,178184.0
SKU-H-4,126,141401.0
SKU-H-4,127,102436.0
SKU-H-4,128,88997.0
SKU-H-4,129,101911.0
SKU-H-4,130,145446.0
SKU-H-4,131,65573.0
SKU-H-4,132,100287.0
SKU-H-4,133,158806.0
SKU-H-4,134,103933.0
SKU-H-4,135,174714.0
SKU-H-4,136,115303.0
SKU-H-4,137,77722.0
SKU-H-4,138,124157.0
SKU-H-4,139,106305.0
SKU-H-4,140,144474.0
SKU-H-4,141,129760.0
SKU-H-4,142,359935.0
SKU-H-4,143,44204.0
SKU-H-4,144,11560.0
SKU-H-4,145,52085.0
SKU-H-4,146,65127.0
SKU-H-4,147,70381.0
SKU-H-4,148,167499.0
SKU-H-4,149,85031.0
SKU-H-4,150,62086.0
SKU-H-4,151,148823.0
SKU-H-4,152,110669.0
SKU-H-4,153,168153.0
SKU-H-4,154,69427.0
SKU-H-4,155,160016.0
SKU-H-4,156,126703.0
SKU-H-4,157,136482.0
SKU-H-4,158,61799.0
SKU-H-4,159,112134.0
SKU-H-4,160,156306.0
SKU-H-4,161,111019.0
SKU-H-4,162,105749.0
SKU-H-4,163,62261.0
SKU-H-4,164,116895.0
SKU-H-4,165,63836.0
SKU-H-4,166,107946.0
SKU-H-4,167,102993.0
SKU-H-4,168,78487.0
SKU-H-4,169,95765.0
SKU-H-4,170,85796.0
SKU-H-4,171,66051.0
SKU-H-4,172,130190.0
SKU-H-4,173,92866.0
SKU-H-4,174,69092.0
SKU-H-4,175,51369.0
SKU-H-4,176,52994.0
SKU-H-4,177,87500.0
SKU-H-4,178,85669.0
SKU-H-4,179,63837.0
SKU-H-4,180,96592.0
SKU-H-4,181,52389.0
SKU-H-4,182,90940.0
SKU-H-4,183,53520.0
SKU-H-4,184,47276.0
SKU-H-4,185,56480.0
SKU-H-4,186,42517.0
SKU-H-4,187,67197.0
SKU-H-5,1,
SKU-H-5,2,
SKU-H-5,3,
SKU-H-5,4,
SKU-H-5,5,
SKU-H-5,6,
SKU-H-5,7,
SKU-H-5,8,
SKU-H-5,9,
SKU-H-5,10,
SKU-H-5,11,
SKU-H-5,12,
SKU-H-5,13,
SKU-H-5,14,
SKU-H-5,15,
SKU-H-5,16,
SKU-H-5,17,
SKU-H-5,18,
SKU-H-5,19,
SKU-H-5,20,
SKU-H-5,21,
SKU-H-5,22,
SKU-H-5,23,
SKU-H-5,24,
SKU-H-5,25,
SKU-H-5,26,
SKU-H-5,27,
SKU-H-5,28,
SKU-H-5,29,
SKU-H-5,30,
SKU-H-5,31,
SKU-H-5,32,
SKU-H-5,33,
SKU-H-5,34,
SKU-H-5,35,
SKU-H-5,36,
SKU-H-5,37,
SKU-H-5,38,
SKU-H-5,39,
SKU-H-5,40,
SKU-H-5,41,
SKU-H-5,42,
SKU-H-5,43,
SKU-H-5,44,
SKU-H-5,45,
SKU-H-5,46,
SKU-H-5,47,
SKU-H-5,48,
SKU-H-5,49,
SKU-H-5,50,
SKU-H-5,51,
SKU-H-5,52,
SKU-H-5,53,
SKU-H-5,54,
SKU-H-5,55,
SKU-H-5,56,
SKU-H-5,57,
SKU-H-5,58,
SKU-H-5,59,
SKU-H-5,60,
SKU-H-5,61,
SKU-H-5,62,
SKU-H-5,63,
SKU-H-5,64,
SKU-H-5,65,
SKU-H-5,66,
SKU-H-5,67,
SKU-H-5,68,
SKU-H-5,69,
SKU-H-5,70,
SKU-H-5,71,
SKU-H-5,72,
SKU-H-5,73,
SKU-H-5,74,
SKU-H-5,75,
SKU-H-5,76,
SKU-H-5,77,
SKU-H-5,78,
SKU-H-5,79,
SKU-H-5,80,
SKU-H-5,81,
SKU-H-5,82,
SKU-H-5,83,
SKU-H-5,84,
SKU-H-5,85,
SKU-H-5,86,
SKU-H-5,87,
SKU-H-5,88,
SKU-H-5,89,
SKU-H-5,90,
SKU-H-5,91,
SKU-H-5,92,
SKU-H-5,93,
SKU-H-5,94,
SKU-H-5,95,
SKU-H-5,96,
SKU-H-5,97,
SKU-H-5,98,
SKU-H-5,99,
SKU-H-5,100,
SKU-H-5,101,
SKU-H-5,102,
SKU-H-5,103,
SKU-H-5,104,
SKU-H-5,105,
SKU-H-5,106,
SKU-H-5,107,
SKU-H-5,108,
SKU-H-5,109,
SKU-H-5,110,
SKU-H-5,111,
SKU-H-5,112,
SKU-H-5,113,
SKU-H-5,114,
SKU-H-5,115,
SKU-H-5,116,
SKU-H-5,117,
SKU-H-5,118,
SKU-H-5,119,
SKU-H-5,120,
SKU-H-5,121,
SKU-H-5,122,
SKU-H-5,123,
SKU-H-5,124,
SKU-H-5,125,
SKU-H-5,126,
SKU-H-5,127,
SKU-H-5,128,
SKU-H-5,129,
SKU-H-5,130,
SKU-H-5,131,
SKU-H-5,132,
SKU-H-5,133,
SKU-H-5,134,
SKU-H-5,135,
SKU-H-5,136,
SKU-H-5,137,
SKU-H-5,138,
SKU-H-5,139,
SKU-H-5,140,
SKU-H-5,141,
SKU-H-5,142,
SKU-H-5,143,
SKU-H-5,144,
SKU-H-5,145,
SKU-H-5,146,
SKU-H-5,147,
SKU-H-5,148,
SKU-H-5,149,
SKU-H-5,150,
SKU-H-5,151,
SKU-H-5,152,
SKU-H-5,153,
SKU-H-5,154,
SKU-H-5,155,
SKU-H-5,156,
SKU-H-5,157,
SKU-H-5,158,
SKU-H-5,159,
SKU-H-5,160,
SKU-H-5,161,
SKU-H-5,162,
SKU-H-5,163,
SKU-H-5,164,
SKU-H-5,165,
SKU-H-5,166,
SKU-H-5,167,
SKU-H-5,168,
SKU-H-5,169,
SKU-H-5,170,
SKU-H-5,171,
SKU-H-5,172,
SKU-H-5,173,
SKU-H-5,174,6051.0
SKU-H-5,175,20206.0
SKU-H-5,176,15255.0
SKU-H-5,177,31210.0
SKU-H-5,178,41863.0
SKU-H-5,179,53821.0
SKU-H-5,180,78200.0
SKU-H-5,181,57899.0
SKU-H-5,182,91210.0
SKU-H-5,183,39697.0
SKU-H-5,184,46289.0
SKU-H-5,185,73074.0
SKU-H-5,186,75350.0
SKU-H-5,187,90365.0
SKU-I-2,1,47929.0
SKU-I-2,2,30414.0
SKU-I-2,3,37419.0
SKU-I-2,4,41721.0
SKU-I-2,5,80016.0
SKU-I-2,6,42514.0
SKU-I-2,7,42994.0
SKU-I-2,8,57802.0
SKU-I-2,9,48408.0
SKU-I-2,10,50797.0
SKU-I-2,11,38057.0
SKU-I-2,12,65288.0
SKU-I-2,13,93551.0
SKU-I-2,14,37102.0
SKU-I-2,15,47771.0
SKU-I-2,16,44107.0
SKU-I-2,17,27230.0
SKU-I-2,18,97134.0
SKU-I-2,19,44221.0
SKU-I-2,20,47134.0
SKU-I-2,21,27579.0
SKU-I-2,22,25716.0
SKU-I-2,23,19586.0
SKU-I-2,24,23807.0
SKU-I-2,25,28981.0
SKU-I-2,26,44108.0
SKU-I-2,27,28185.0
SKU-I-2,28,40288.0
SKU-I-2,29,36784.0
SKU-I-2,30,50955.0
SKU-I-2,31,72133.0
SKU-I-2,32,47931.0
SKU-I-2,33,42197.0
SKU-I-2,34,27706.0
SKU-I-2,35,33440.0
SKU-I-2,36,42993.0
SKU-I-2,37,24840.0
SKU-I-2,38,54936.0
SKU-I-2,39,34554.0
SKU-I-2,40,17724.0
SKU-I-2,41,31210.0
SKU-I-2,42,60032.0
SKU-I-2,43,31529.0
SKU-I-2,44,40128.0
SKU-I-2,45,36465.0
SKU-I-2,46,29299.0
SKU-I-2,47,21497.0
SKU-I-2,48,23567.0
SKU-I-2,49,24044.0
SKU-I-2,50,21974.0
SKU-I-2,51,24841.0
SKU-I-2,52,17914.0
SKU-I-2,53,17516.0
SKU-I-2,54,11784.0
SKU-I-2,55,12261.0
SKU-I-2,56,9315.0
SKU-I-2,57,14808.0
SKU-I-2,58,22292.0
SKU-I-2,59,21337.0
SKU-I-2,60,16019.0
SKU-I-2,61,18725.0
SKU-I-2,62,16273.0
SKU-I-2,63,13010.0
SKU-I-2,64,14459.0
SKU-I-2,65,18074.0
SKU-I-2,66,17086.0
SKU-I-2,67,7851.0
SKU-I-2,68,12404.0
SKU-I-2,69,11210.0
SKU-I-2,70,18392.0
SKU-I-2,71,15063.0
SKU-I-2,72,10716.0
SKU-I-2,73,15924.0
SKU-I-2,74,9061.0
SKU-I-2,75,13201.0
SKU-I-2,76,6815.0
SKU-I-2,77,9937.0
SKU-I-2,78,12818.0
SKU-I-2,79,10796.0
SKU-I-2,80,12739.0
SKU-I-2,81,9937.0
SKU-I-2,82,10446.0
SKU-I-2,83,10112.0
SKU-I-2,84,9713.0
SKU-I-2,85,10509.0
SKU-I-2,86,8200.0
SKU-I-2,87,9315.0
SKU-I-2,88,8598.0
SKU-I-2,89,5414.0
SKU-I-2,90,6370.0
SKU-I-2,91,3583.0
SKU-I-2,92,5493.0
SKU-I-2,93,3980.0
SKU-I-2,94,5414.0
SKU-I-2,95,2229.0
SKU-I-2,96,5334.0
SKU-I-2,97,7819.0
SKU-I-2,98,3424.0
SKU-I-2,99,4713.0
SKU-I-2,100,11465.0
SKU-I-2,101,6528.0
SKU-I-2,102,4346.0
SKU-I-2,103,7165.0
SKU-I-2,104,5796.0
SKU-I-2,105,1353.0
SKU-I-2,106,876.0
SKU-I-2,107,1767.0
SKU-I-2,108,2150.0
SKU-I-2,109,
SKU-I-2,110,
SKU-I-2,111,
SKU-I-2,112,
SKU-I-2,113,
SKU-I-2,114,
SKU-I-2,115,
SKU-I-2,116,
SKU-I-2,117,
SKU-I-2,118,
SKU-I-2,119,
SKU-I-2,120,
SKU-I-2,121,
SKU-I-2,122,
SKU-I-2,123,
SKU-I-2,124,
SKU-I-2,125,
SKU-I-2,126,
SKU-I-2,127,
SKU-I-2,128,
SKU-I-2,129,
SKU-I-2,130,
SKU-I-2,131,
SKU-I-2,132,
SKU-I-2,133,
SKU-I-2,134,
SKU-I-2,135,
SKU-I-2,136,
SKU-I-2,137,
SKU-I-2,138,
SKU-I-2,139,
SKU-I-2,140,
SKU-I-2,141,
SKU-I-2,142,
SKU-I-2,143,
SKU-I-2,144,
SKU-I-2,145,
SKU-I-2,146,
SKU-I-2,147,
SKU-I-2,148,
SKU-I-2,149,
SKU-I-2,150,
SKU-I-2,151,
SKU-I-2,152,
SKU-I-2,153,
SKU-I-2,154,
SKU-I-2,155,
SKU-I-2,156,
SKU-I-2,157,
SKU-I-2,158,
SKU-I-2,159,
SKU-I-2,160,
SKU-I-2,161,
SKU-I-2,162,
SKU-I-2,163,
SKU-I-2,164,
SKU-I-2,165,
SKU-I-2,166,
SKU-I-2,167,
SKU-I-2,168,
SKU-I-2,169,
SKU-I-2,170,
SKU-I-2,171,
SKU-I-2,172,
SKU-I-2,173,
SKU-I-2,174,
SKU-I-2,175,
SKU-I-2,176,
SKU-I-2,177,
SKU-I-2,178,
SKU-I-2,179,
SKU-I-2,180,
SKU-I-2,181,
SKU-I-2,182,
SKU-I-2,183,
SKU-I-2,184,
SKU-I-2,185,
SKU-I-2,186,
SKU-I-2,187,
SKU-I-3,1,
SKU-I-3,2,
SKU-I-3,3,
SKU-I-3,4,
SKU-I-3,5,
SKU-I-3,6,
SKU-I-3,7,
SKU-I-3,8,
SKU-I-3,9,
SKU-I-3,10,
SKU-I-3,11,
SKU-I-3,12,
SKU-I-3,13,
SKU-I-3,14,
SKU-I-3,15,
SKU-I-3,16,
SKU-I-3,17,
SKU-I-3,18,
SKU-I-3,19,
SKU-I-3,20,
SKU-I-3,21,
SKU-I-3,22,159.0
SKU-I-3,23,0.0
SKU-I-3,24,159.0
SKU-I-3,25,318.0
SKU-I-3,26,1114.0
SKU-I-3,27,1911.0
SKU-I-3,28,3869.0
SKU-I-3,29,2786.0
SKU-I-3,30,5414.0
SKU-I-3,31,26592.0
SKU-I-3,32,6290.0
SKU-I-3,33,4394.0
SKU-I-3,34,6688.0
SKU-I-3,35,5572.0
SKU-I-3,36,5732.0
SKU-I-3,37,56050.0
SKU-I-3,38,57643.0
SKU-I-3,39,18153.0
SKU-I-3,40,14172.0
SKU-I-3,41,12038.0
SKU-I-3,42,12580.0
SKU-I-3,43,13854.0
SKU-I-3,44,16559.0
SKU-I-3,45,6210.0
SKU-I-3,46,17117.0
SKU-I-3,47,20860.0
SKU-I-3,48,20860.0
SKU-I-3,49,30509.0
SKU-I-3,50,12897.0
SKU-I-3,51,20064.0
SKU-I-3,52,25319.0
SKU-I-3,53,34602.0
SKU-I-3,54,18790.0
SKU-I-3,55,19348.0
SKU-I-3,56,24046.0
SKU-I-3,57,21179.0
SKU-I-3,58,12898.0
SKU-I-3,59,18153.0
SKU-I-3,60,20144.0
SKU-I-3,61,25686.0
SKU-I-3,62,22978.0
SKU-I-3,63,31036.0
SKU-I-3,64,18281.0
SKU-I-3,65,24633.0
SKU-I-3,66,17054.0
SKU-I-3,67,43041.0
SKU-I-3,68,31974.0
SKU-I-3,69,36800.0
SKU-I-3,70,21242.0
SKU-I-3,71,21258.0
SKU-I-3,72,23885.0
SKU-I-3,73,19713.0
SKU-I-3,74,40795.0
SKU-I-3,75,16688.0
SKU-I-3,76,23360.0
SKU-I-3,77,17739.0
SKU-I-3,78,23408.0
SKU-I-3,79,22993.0
SKU-I-3,80,30637.0
SKU-I-3,81,28041.0
SKU-I-3,82,21608.0
SKU-I-3,83,16767.0
SKU-I-3,84,19331.0
SKU-I-3,85,11911.0
SKU-I-3,86,29125.0
SKU-I-3,87,18295.0
SKU-I-3,88,11625.0
SKU-I-3,89,12739.0
SKU-I-3,90,17914.0
SKU-I-3,91,9236.0
SKU-I-3,92,7962.0
SKU-I-3,93,9092.0
SKU-I-3,94,2595.0
SKU-I-3,95,5525.0
SKU-I-3,96,9395.0
SKU-I-3,97,4427.0
SKU-I-3,98,10287.0
SKU-I-3,99,5668.0
SKU-I-3,100,7022.0
SKU-I-3,101,4937.0
SKU-I-3,102,4728.0
SKU-I-3,103,5015.0
SKU-I-3,104,6050.0
SKU-I-3,105,7325.0
SKU-I-3,106,4299.0
SKU-I-3,107,5239.0
SKU-I-3,108,5747.0
SKU-I-3,109,8232.0
SKU-I-3,110,5016.0
SKU-I-3,111,3614.0
SKU-I-3,112,4203.0
SKU-I-3,113,7405.0
SKU-I-3,114,3042.0
SKU-I-3,115,7149.0
SKU-I-3,116,1752.0
SKU-I-3,117,5924.0
SKU-I-3,118,3694.0
SKU-I-3,119,3185.0
SKU-I-3,120,4141.0
SKU-I-3,121,2978.0
SKU-I-3,122,2229.0
SKU-I-3,123,3184.0
SKU-I-3,124,2389.0
SKU-I-3,125,6927.0
SKU-I-3,126,175.0
SKU-I-3,127,1114.0
SKU-I-3,128,796.0
SKU-I-3,129,2070.0
SKU-I-3,130,796.0
SKU-I-3,131,0.0
SKU-I-3,132,0.0
SKU-I-3,133,32.0
SKU-I-3,134,0.0
SKU-I-3,135,796.0
SKU-I-3,136,1433.0
SKU-I-3,137,477.0
SKU-I-3,138,318.0
SKU-I-3,139,0.0
SKU-I-3,140,80.0
SKU-I-3,141,0.0
SKU-I-3,142,318.0
SKU-I-3,143,0.0
SKU-I-3,144,0.0
SKU-I-3,145,478.0
SKU-I-3,146,318.0
SKU-I-3,147,0.0
SKU-I-3,148,159.0
SKU-I-3,149,923.0
SKU-I-3,150,318.0
SKU-I-3,151,668.0
SKU-I-3,152,637.0
SKU-I-3,153,159.0
SKU-I-3,154,318.0
SKU-I-3,155,159.0
SKU-I-3,156,637.0
SKU-I-3,157,318.0
SKU-I-3,158,636.0
SKU-I-3,159,0.0
SKU-I-3,160,0.0
SKU-I-3,161,318.0
SKU-I-3,162,955.0
SKU-I-3,163,191.0
SKU-I-3,164,64.0
SKU-I-3,165,318.0
SKU-I-3,166,955.0
SKU-I-3,167,637.0
SKU-I-3,168,510.0
SKU-I-3,169,159.0
SKU-I-3,170,509.0
SKU-I-3,171,0.0
SKU-I-3,172,48.0
SKU-I-3,173,0.0
SKU-I-3,174,0.0
SKU-I-3,175,0.0
SKU-I-3,176,0.0
SKU-I-3,177,0.0
SKU-I-3,178,0.0
SKU-I-3,179,0.0
SKU-I-3,180,0.0
SKU-I-3,181,0.0
SKU-I-3,182,159.0
SKU-I-3,183,
SKU-I-3,184,
SKU-I-3,185,
SKU-I-3,186,
SKU-I-3,187,
SKU-I-4,1,
SKU-I-4,2,
SKU-I-4,3,
SKU-I-4,4,
SKU-I-4,5,
SKU-I-4,6,
SKU-I-4,7,
SKU-I-4,8,
SKU-I-4,9,
SKU-I-4,10,
SKU-I-4,11,
SKU-I-4,12,
SKU-I-4,13,
SKU-I-4,14,
SKU-I-4,15,
SKU-I-4,16,
SKU-I-4,17,
SKU-I-4,18,
SKU-I-4,19,
SKU-I-4,20,
SKU-I-4,21,
SKU-I-4,22,
SKU-I-4,23,
SKU-I-4,24,
SKU-I-4,25,
SKU-I-4,26,
SKU-I-4,27,
SKU-I-4,28,
SKU-I-4,29,
SKU-I-4,30,
SKU-I-4,31,
SKU-I-4,32,
SKU-I-4,33,
SKU-I-4,34,
SKU-I-4,35,
SKU-I-4,36,
SKU-I-4,37,
SKU-I-4,38,
SKU-I-4,39,
SKU-I-4,40,
SKU-I-4,41,
SKU-I-4,42,
SKU-I-4,43,
SKU-I-4,44,
SKU-I-4,45,
SKU-I-4,46,
SKU-I-4,47,
SKU-I-4,48,
SKU-I-4,49,
SKU-I-4,50,
SKU-I-4,51,
SKU-I-4,52,
SKU-I-4,53,
SKU-I-4,54,
SKU-I-4,55,
SKU-I-4,56,
SKU-I-4,57,
SKU-I-4,58,
SKU-I-4,59,
SKU-I-4,60,
SKU-I-4,61,
SKU-I-4,62,
SKU-I-4,63,
SKU-I-4,64,
SKU-I-4,65,
SKU-I-4,66,
SKU-I-4,67,
SKU-I-4,68,
SKU-I-4,69,
SKU-I-4,70,
SKU-I-4,71,
SKU-I-4,72,
SKU-I-4,73,
SKU-I-4,74,
SKU-I-4,75,
SKU-I-4,76,
SKU-I-4,77,
SKU-I-4,78,
SKU-I-4,79,1752.0
SKU-I-4,80,1433.0
SKU-I-4,81,1592.0
SKU-I-4,82,2389.0
SKU-I-4,83,5892.0
SKU-I-4,84,9793.0
SKU-I-4,85,7007.0
SKU-I-4,86,12198.0
SKU-I-4,87,9236.0
SKU-I-4,88,9585.0
SKU-I-4,89,14808.0
SKU-I-4,90,9394.0
SKU-I-4,91,11464.0
SKU-I-4,92,4841.0
SKU-I-4,93,4936.0
SKU-I-4,94,13057.0
SKU-I-4,95,6290.0
SKU-I-4,96,12897.0
SKU-I-4,97,10540.0
SKU-I-4,98,11115.0
SKU-I-4,99,10031.0
SKU-I-4,100,14411.0
SKU-I-4,101,13535.0
SKU-I-4,102,17118.0
SKU-I-4,103,24125.0
SKU-I-4,104,22403.0
SKU-I-4,105,25637.0
SKU-I-4,106,14968.0
SKU-I-4,107,17293.0
SKU-I-4,108,23041.0
SKU-I-4,109,25317.0
SKU-I-4,110,30494.0
SKU-I-4,111,25477.0
SKU-I-4,112,38710.0
SKU-I-4,113,20065.0
SKU-I-4,114,43312.0
SKU-I-4,115,22548.0
SKU-I-4,116,22692.0
SKU-I-4,117,50303.0
SKU-I-4,118,25159.0
SKU-I-4,119,43869.0
SKU-I-4,120,39395.0
SKU-I-4,121,21624.0
SKU-I-4,122,22260.0
SKU-I-4,123,39809.0
SKU-I-4,124,37898.0
SKU-I-4,125,30255.0
SKU-I-4,126,33408.0
SKU-I-4,127,37086.0
SKU-I-4,128,30270.0
SKU-I-4,129,27707.0
SKU-I-4,130,31194.0
SKU-I-4,131,24188.0
SKU-I-4,132,33296.0
SKU-I-4,133,37118.0
SKU-I-4,134,32850.0
SKU-I-4,135,32117.0
SKU-I-4,136,27244.0
SKU-I-4,137,30079.0
SKU-I-4,138,37547.0
SKU-I-4,139,32165.0
SKU-I-4,140,39889.0
SKU-I-4,141,42038.0
SKU-I-4,142,26688.0
SKU-I-4,143,20080.0
SKU-I-4,144,34857.0
SKU-I-4,145,13439.0
SKU-I-4,146,28264.0
SKU-I-4,147,16305.0
SKU-I-4,148,25859.0
SKU-I-4,149,15653.0
SKU-I-4,150,14745.0
SKU-I-4,151,28487.0
SKU-I-4,152,21339.0
SKU-I-4,153,26211.0
SKU-I-4,154,43168.0
SKU-I-4,155,29602.0
SKU-I-4,156,37134.0
SKU-I-4,157,27388.0
SKU-I-4,158,14172.0
SKU-I-4,159,24458.0
SKU-I-4,160,40254.0
SKU-I-4,161,22993.0
SKU-I-4,162,32292.0
SKU-I-4,163,26434.0
SKU-I-4,164,21593.0
SKU-I-4,165,16082.0
SKU-I-4,166,24044.0
SKU-I-4,167,17739.0
SKU-I-4,168,24379.0
SKU-I-4,169,23933.0
SKU-I-4,170,28185.0
SKU-I-4,171,32770.0
SKU-I-4,172,10493.0
SKU-I-4,173,15685.0
SKU-I-4,174,16274.0
SKU-I-4,175,11624.0
SKU-I-4,176,13137.0
SKU-I-4,177,16704.0
SKU-I-4,178,11943.0
SKU-I-4,179,12420.0
SKU-I-4,180,18710.0
SKU-I-4,181,16099.0
SKU-I-4,182,13710.0
SKU-I-4,183,12738.0
SKU-I-4,184,16592.0
SKU-I-4,185,11417.0
SKU-I-4,186,21227.0
SKU-I-4,187,7992.0
SKU-I-5,1,
SKU-I-5,2,
SKU-I-5,3,
SKU-I-5,4,
SKU-I-5,5,
SKU-I-5,6,
SKU-I-5,7,
SKU-I-5,8,
SKU-I-5,9,
SKU-I-5,10,
SKU-I-5,11,
SKU-I-5,12,
SKU-I-5,13,
SKU-I-5,14,
SKU-I-5,15,
SKU-I-5,16,
SKU-I-5,17,
SKU-I-5,18,
SKU-I-5,19,
SKU-I-5,20,
SKU-I-5,21,
SKU-I-5,22,
SKU-I-5,23,
SKU-I-5,24,
SKU-I-5,25,
SKU-I-5,26,
SKU-I-5,27,
SKU-I-5,28,
SKU-I-5,29,
SKU-I-5,30,
SKU-I-5,31,
SKU-I-5,32,
SKU-I-5,33,
SKU-I-5,34,
SKU-I-5,35,
SKU-I-5,36,
SKU-I-5,37,
SKU-I-5,38,
SKU-I-5,39,
SKU-I-5,40,
SKU-I-5,41,
SKU-I-5,42,
SKU-I-5,43,
SKU-I-5,44,
SKU-I-5,45,
SKU-I-5,46,
SKU-I-5,47,
SKU-I-5,48,
SKU-I-5,49,
SKU-I-5,50,
SKU-I-5,51,
SKU-I-5,52,
SKU-I-5,53,
SKU-I-5,54,
SKU-I-5,55,
SKU-I-5,56,
SKU-I-5,57,
SKU-I-5,58,
SKU-I-5,59,
SKU-I-5,60,
SKU-I-5,61,
SKU-I-5,62,
SKU-I-5,63,
SKU-I-5,64,
SKU-I-5,65,
SKU-I-5,66,
SKU-I-5,67,
SKU-I-5,68,
SKU-I-5,69,
SKU-I-5,70,
SKU-I-5,71,
SKU-I-5,72,
SKU-I-5,73,
SKU-I-5,74,
SKU-I-5,75,
SKU-I-5,76,
SKU-I-5,77,
SKU-I-5,78,
SKU-I-5,79,
SKU-I-5,80,
SKU-I-5,81,
SKU-I-5,82,
SKU-I-5,83,
SKU-I-5,84,
SKU-I-5,85,
SKU-I-5,86,
SKU-I-5,87,
SKU-I-5,88,
SKU-I-5,89,
SKU-I-5,90,
SKU-I-5,91,
SKU-I-5,92,
SKU-I-5,93,
SKU-I-5,94,
SKU-I-5,95,
SKU-I-5,96,
SKU-I-5,97,
SKU-I-5,98,
SKU-I-5,99,
SKU-I-5,100,
SKU-I-5,101,
SKU-I-5,102,
SKU-I-5,103,
SKU-I-5,104,
SKU-I-5,105,
SKU-I-5,106,
SKU-I-5,107,
SKU-I-5,108,
SKU-I-5,109,
SKU-I-5,110,
SKU-I-5,111,
SKU-I-5,112,
SKU-I-5,113,
SKU-I-5,114,
SKU-I-5,115,
SKU-I-5,116,
SKU-I-5,117,
SKU-I-5,118,
SKU-I-5,119,
SKU-I-5,120,
SKU-I-5,121,
SKU-I-5,122,
SKU-I-5,123,
SKU-I-5,124,
SKU-I-5,125,
SKU-I-5,126,
SKU-I-5,127,
SKU-I-5,128,
SKU-I-5,129,
SKU-I-5,130,
SKU-I-5,131,
SKU-I-5,132,
SKU-I-5,133,
SKU-I-5,134,
SKU-I-5,135,
SKU-I-5,136,
SKU-I-5,137,
SKU-I-5,138,
SKU-I-5,139,
SKU-I-5,140,
SKU-I-5,141,
SKU-I-5,142,
SKU-I-5,143,
SKU-I-5,144,
SKU-I-5,145,
SKU-I-5,146,
SKU-I-5,147,
SKU-I-5,148,
SKU-I-5,149,
SKU-I-5,150,
SKU-I-5,151,
SKU-I-5,152,
SKU-I-5,153,
SKU-I-5,154,
SKU-I-5,155,
SKU-I-5,156,
SKU-I-5,157,
SKU-I-5,158,
SKU-I-5,159,
SKU-I-5,160,
SKU-I-5,161,
SKU-I-5,162,
SKU-I-5,163,
SKU-I-5,164,
SKU-I-5,165,
SKU-I-5,166,
SKU-I-5,167,
SKU-I-5,168,
SKU-I-5,169,
SKU-I-5,170,
SKU-I-5,171,
SKU-I-5,172,
SKU-I-5,173,
SKU-I-5,174,
SKU-I-5,175,
SKU-I-5,176,
SKU-I-5,177,
SKU-I-5,178,
SKU-I-5,179,4999.0
SKU-I-5,180,7467.0
SKU-I-5,181,12245.0
SKU-I-5,182,11003.0
SKU-I-5,183,8471.0
SKU-I-5,184,7228.0
SKU-I-5,185,10875.0
SKU-I-5,186,13280.0
SKU-I-5,187,9633.0
SKU-J-2,1,12897.0
SKU-J-2,2,7643.0
SKU-J-2,3,3821.0
SKU-J-2,4,2548.0
SKU-J-2,5,17993.0
SKU-J-2,6,14999.0
SKU-J-2,7,5096.0
SKU-J-2,8,12262.0
SKU-J-2,9,4459.0
SKU-J-2,10,3503.0
SKU-J-2,11,4777.0
SKU-J-2,12,10032.0
SKU-J-2,13,4299.0
SKU-J-2,14,7642.0
SKU-J-2,15,3184.0
SKU-J-2,16,14506.0
SKU-J-2,17,6369.0
SKU-J-2,18,28662.0
SKU-J-2,19,4570.0
SKU-J-2,20,7228.0
SKU-J-2,21,3392.0
SKU-J-2,22,1433.0
SKU-J-2,23,477.0
SKU-J-2,24,3184.0
SKU-J-2,25,3821.0
SKU-J-2,26,5000.0
SKU-J-2,27,3184.0
SKU-J-2,28,6688.0
SKU-J-2,29,14012.0
SKU-J-2,30,2564.0
SKU-J-2,31,2866.0
SKU-J-2,32,5604.0
SKU-J-2,33,6528.0
SKU-J-2,34,11162.0
SKU-J-2,35,4937.0
SKU-J-2,36,4936.0
SKU-J-2,37,2468.0
SKU-J-2,38,14012.0
SKU-J-2,39,3184.0
SKU-J-2,40,3663.0
SKU-J-2,41,1751.0
SKU-J-2,42,1273.0
SKU-J-2,43,5494.0
SKU-J-2,44,1114.0
SKU-J-2,45,2707.0
SKU-J-2,46,764.0
SKU-J-2,47,3057.0
SKU-J-2,48,4315.0
SKU-J-2,49,2867.0
SKU-J-2,50,2228.0
SKU-J-2,51,1751.0
SKU-J-2,52,891.0
SKU-J-2,53,669.0
SKU-J-2,54,557.0
SKU-J-2,55,5254.0
SKU-J-2,56,1433.0
SKU-J-2,57,2469.0
SKU-J-2,58,669.0
SKU-J-2,59,478.0
SKU-J-2,60,207.0
SKU-J-2,61,4140.0
SKU-J-2,62,398.0
SKU-J-2,63,2547.0
SKU-J-2,64,1194.0
SKU-J-2,65,636.0
SKU-J-2,66,477.0
SKU-J-2,67,478.0
SKU-J-2,68,398.0
SKU-J-2,69,2229.0
SKU-J-2,70,0.0
SKU-J-2,71,1943.0
SKU-J-2,72,143.0
SKU-J-2,73,0.0
SKU-J-2,74,0.0
SKU-J-2,75,0.0
SKU-J-2,76,0.0
SKU-J-2,77,0.0
SKU-J-2,78,0.0
SKU-J-2,79,0.0
SKU-J-2,80,0.0
SKU-J-2,81,0.0
SKU-J-2,82,0.0
SKU-J-2,83,0.0
SKU-J-2,84,0.0
SKU-J-2,85,0.0
SKU-J-2,86,0.0
SKU-J-2,87,0.0
SKU-J-2,88,0.0
SKU-J-2,89,0.0
SKU-J-2,90,0.0
SKU-J-2,91,0.0
SKU-J-2,92,0.0
SKU-J-2,93,0.0
SKU-J-2,94,0.0
SKU-J-2,95,0.0
SKU-J-2,96,0.0
SKU-J-2,97,0.0
SKU-J-2,98,0.0
SKU-J-2,99,0.0
SKU-J-2,100,0.0
SKU-J-2,101,0.0
SKU-J-2,102,159.0
SKU-J-2,103,0.0
SKU-J-2,104,0.0
SKU-J-2,105,0.0
SKU-J-2,106,0.0
SKU-J-2,107,0.0
SKU-J-2,108,0.0
SKU-J-2,109,0.0
SKU-J-2,110,159.0
SKU-J-2,111,159.0
SKU-J-2,112,
SKU-J-2,113,
SKU-J-2,114,
SKU-J-2,115,
SKU-J-2,116,
SKU-J-2,117,
SKU-J-2,118,
SKU-J-2,119,
SKU-J-2,120,
SKU-J-2,121,
SKU-J-2,122,
SKU-J-2,123,
SKU-J-2,124,
SKU-J-2,125,
SKU-J-2,126,
SKU-J-2,127,
SKU-J-2,128,
SKU-J-2,129,
SKU-J-2,130,
SKU-J-2,131,
SKU-J-2,132,
SKU-J-2,133,
SKU-J-2,134,
SKU-J-2,135,
SKU-J-2,136,
SKU-J-2,137,
SKU-J-2,138,
SKU-J-2,139,
SKU-J-2,140,
SKU-J-2,141,
SKU-J-2,142,
SKU-J-2,143,
SKU-J-2,144,
SKU-J-2,145,
SKU-J-2,146,
SKU-J-2,147,
SKU-J-2,148,
SKU-J-2,149,
SKU-J-2,150,
SKU-J-2,151,
SKU-J-2,152,
SKU-J-2,153,
SKU-J-2,154,
SKU-J-2,155,
SKU-J-2,156,
SKU-J-2,157,
SKU-J-2,158,
SKU-J-2,159,
SKU-J-2,160,
SKU-J-2,161,
SKU-J-2,162,
SKU-J-2,163,
SKU-J-2,164,
SKU-J-2,165,
SKU-J-2,166,
SKU-J-2,167,
SKU-J-2,168,
SKU-J-2,169,
SKU-J-2,170,
SKU-J-2,171,
SKU-J-2,172,
SKU-J-2,173,
SKU-J-2,174,
SKU-J-2,175,
SKU-J-2,176,
SKU-J-2,177,
SKU-J-2,178,
SKU-J-2,179,
SKU-J-2,180,
SKU-J-2,181,
SKU-J-2,182,
SKU-J-2,183,
SKU-J-2,184,
SKU-J-2,185,
SKU-J-2,186,
SKU-J-2,187,
SKU-J-3,1,
SKU-J-3,2,
SKU-J-3,3,
SKU-J-3,4,
SKU-J-3,5,
SKU-J-3,6,
SKU-J-3,7,
SKU-J-3,8,
SKU-J-3,9,
SKU-J-3,10,
SKU-J-3,11,
SKU-J-3,12,
SKU-J-3,13,
SKU-J-3,14,
SKU-J-3,15,
SKU-J-3,16,
SKU-J-3,17,
SKU-J-3,18,
SKU-J-3,19,
SKU-J-3,20,
SKU-J-3,21,
SKU-J-3,22,
SKU-J-3,23,
SKU-J-3,24,
SKU-J-3,25,
SKU-J-3,26,
SKU-J-3,27,
SKU-J-3,28,
SKU-J-3,29,
SKU-J-3,30,
SKU-J-3,31,1433.0
SKU-J-3,32,796.0
SKU-J-3,33,2755.0
SKU-J-3,34,159.0
SKU-J-3,35,4841.0
SKU-J-3,36,3869.0
SKU-J-3,37,3694.0
SKU-J-3,38,1608.0
SKU-J-3,39,3678.0
SKU-J-3,40,1910.0
SKU-J-3,41,4140.0
SKU-J-3,42,21337.0
SKU-J-3,43,1911.0
SKU-J-3,44,4299.0
SKU-J-3,45,1592.0
SKU-J-3,46,1146.0
SKU-J-3,47,1130.0
SKU-J-3,48,3741.0
SKU-J-3,49,2388.0
SKU-J-3,50,4252.0
SKU-J-3,51,477.0
SKU-J-3,52,1162.0
SKU-J-3,53,4236.0
SKU-J-3,54,2500.0
SKU-J-3,55,6370.0
SKU-J-3,56,9092.0
SKU-J-3,57,5000.0
SKU-J-3,58,13232.0
SKU-J-3,59,18168.0
SKU-J-3,60,4952.0
SKU-J-3,61,9968.0
SKU-J-3,62,15334.0
SKU-J-3,63,7802.0
SKU-J-3,64,3980.0
SKU-J-3,65,3138.0
SKU-J-3,66,4857.0
SKU-J-3,67,1592.0
SKU-J-3,68,3345.0
SKU-J-3,69,6481.0
SKU-J-3,70,15319.0
SKU-J-3,71,10031.0
SKU-J-3,72,8535.0
SKU-J-3,73,11306.0
SKU-J-3,74,13058.0
SKU-J-3,75,6847.0
SKU-J-3,76,24044.0
SKU-J-3,77,44666.0
SKU-J-3,78,25732.0
SKU-J-3,79,8916.0
SKU-J-3,80,23089.0
SKU-J-3,81,26672.0
SKU-J-3,82,14793.0
SKU-J-3,83,18153.0
SKU-J-3,84,22294.0
SKU-J-3,85,34395.0
SKU-J-3,86,27706.0
SKU-J-3,87,17993.0
SKU-J-3,88,14809.0
SKU-J-3,89,318.0
SKU-J-3,90,159.0
SKU-J-3,91,0.0
SKU-J-3,92,478.0
SKU-J-3,93,0.0
SKU-J-3,94,255.0
SKU-J-3,95,0.0
SKU-J-3,96,637.0
SKU-J-3,97,2867.0
SKU-J-3,98,4889.0
SKU-J-3,99,4140.0
SKU-J-3,100,6051.0
SKU-J-3,101,7166.0
SKU-J-3,102,4936.0
SKU-J-3,103,1274.0
SKU-J-3,104,1704.0
SKU-J-3,105,3121.0
SKU-J-3,106,10016.0
SKU-J-3,107,12898.0
SKU-J-3,108,17038.0
SKU-J-3,109,8759.0
SKU-J-3,110,57961.0
SKU-J-3,111,57484.0
SKU-J-3,112,15924.0
SKU-J-3,113,9235.0
SKU-J-3,114,9395.0
SKU-J-3,115,16879.0
SKU-J-3,116,50956.0
SKU-J-3,117,37739.0
SKU-J-3,118,36943.0
SKU-J-3,119,8916.0
SKU-J-3,120,26752.0
SKU-J-3,121,32787.0
SKU-J-3,122,4936.0
SKU-J-3,123,33121.0
SKU-J-3,124,12420.0
SKU-J-3,125,0.0
SKU-J-3,126,23487.0
SKU-J-3,127,19985.0
SKU-J-3,128,33757.0
SKU-J-3,129,7324.0
SKU-J-3,130,37340.0
SKU-J-3,131,17197.0
SKU-J-3,132,37405.0
SKU-J-3,133,37149.0
SKU-J-3,134,13137.0
SKU-J-3,135,16290.0
SKU-J-3,136,35892.0
SKU-J-3,137,63376.0
SKU-J-3,138,6528.0
SKU-J-3,139,62580.0
SKU-J-3,140,4666.0
SKU-J-3,141,21975.0
SKU-J-3,142,27866.0
SKU-J-3,143,17356.0
SKU-J-3,144,22930.0
SKU-J-3,145,2866.0
SKU-J-3,146,6051.0
SKU-J-3,147,4777.0
SKU-J-3,148,0.0
SKU-J-3,149,0.0
SKU-J-3,150,0.0
SKU-J-3,151,0.0
SKU-J-3,152,669.0
SKU-J-3,153,15175.0
SKU-J-3,154,2548.0
SKU-J-3,155,10589.0
SKU-J-3,156,4459.0
SKU-J-3,157,46975.0
SKU-J-3,158,15685.0
SKU-J-3,159,0.0
SKU-J-3,160,15924.0
SKU-J-3,161,637.0
SKU-J-3,162,10828.0
SKU-J-3,163,13535.0
SKU-J-3,164,0.0
SKU-J-3,165,3662.0
SKU-J-3,166,0.0
SKU-J-3,167,0.0
SKU-J-3,168,637.0
SKU-J-3,169,0.0
SKU-J-3,170,0.0
SKU-J-3,171,14809.0
SKU-J-3,172,16.0
SKU-J-3,173,16.0
SKU-J-3,174,0.0
SKU-J-3,175,0.0
SKU-J-3,176,32.0
SKU-J-3,177,0.0
SKU-J-3,178,0.0
SKU-J-3,179,0.0
SKU-J-3,180,32.0
SKU-J-3,181,
SKU-J-3,182,
SKU-J-3,183,
SKU-J-3,184,
SKU-J-3,185,
SKU-J-3,186,
SKU-J-3,187,
SKU-J-4,1,
SKU-J-4,2,
SKU-J-4,3,
SKU-J-4,4,
SKU-J-4,5,
SKU-J-4,6,
SKU-J-4,7,
SKU-J-4,8,
SKU-J-4,9,
SKU-J-4,10,
SKU-J-4,11,
SKU-J-4,12,
SKU-J-4,13,
SKU-J-4,14,
SKU-J-4,15,
SKU-J-4,16,
SKU-J-4,17,
SKU-J-4,18,
SKU-J-4,19,
SKU-J-4,20,
SKU-J-4,21,
SKU-J-4,22,
SKU-J-4,23,
SKU-J-4,24,
SKU-J-4,25,
SKU-J-4,26,
SKU-J-4,27,
SKU-J-4,28,
SKU-J-4,29,
SKU-J-4,30,
SKU-J-4,31,
SKU-J-4,32,
SKU-J-4,33,
SKU-J-4,34,
SKU-J-4,35,
SKU-J-4,36,
SKU-J-4,37,
SKU-J-4,38,
SKU-J-4,39,
SKU-J-4,40,
SKU-J-4,41,
SKU-J-4,42,
SKU-J-4,43,
SKU-J-4,44,
SKU-J-4,45,
SKU-J-4,46,
SKU-J-4,47,
SKU-J-4,48,
SKU-J-4,49,
SKU-J-4,50,
SKU-J-4,51,
SKU-J-4,52,
SKU-J-4,53,
SKU-J-4,54,
SKU-J-4,55,
SKU-J-4,56,
SKU-J-4,57,
SKU-J-4,58,
SKU-J-4,59,
SKU-J-4,60,
SKU-J-4,61,
SKU-J-4,62,
SKU-J-4,63,
SKU-J-4,64,
SKU-J-4,65,
SKU-J-4,66,
SKU-J-4,67,
SKU-J-4,68,
SKU-J-4,69,
SKU-J-4,70,
SKU-J-4,71,
SKU-J-4,72,
SKU-J-4,73,
SKU-J-4,74,
SKU-J-4,75,
SKU-J-4,76,
SKU-J-4,77,
SKU-J-4,78,
SKU-J-4,79,
SKU-J-4,80,
SKU-J-4,81,
SKU-J-4,82,
SKU-J-4,83,796.0
SKU-J-4,84,955.0
SKU-J-4,85,2739.0
SKU-J-4,86,1035.0
SKU-J-4,87,955.0
SKU-J-4,88,2548.0
SKU-J-4,89,955.0
SKU-J-4,90,2149.0
SKU-J-4,91,1035.0
SKU-J-4,92,1433.0
SKU-J-4,93,1274.0
SKU-J-4,94,796.0
SKU-J-4,95,1910.0
SKU-J-4,96,4458.0
SKU-J-4,97,2070.0
SKU-J-4,98,1274.0
SKU-J-4,99,1672.0
SKU-J-4,100,3981.0
SKU-J-4,101,2070.0
SKU-J-4,102,2946.0
SKU-J-4,103,1592.0
SKU-J-4,104,1274.0
SKU-J-4,105,11911.0
SKU-J-4,106,17754.0
SKU-J-4,107,2547.0
SKU-J-4,108,7022.0
SKU-J-4,109,14013.0
SKU-J-4,110,2547.0
SKU-J-4,111,12102.0
SKU-J-4,112,4777.0
SKU-J-4,113,1114.0
SKU-J-4,114,13137.0
SKU-J-4,115,4219.0
SKU-J-4,116,3026.0
SKU-J-4,117,3265.0
SKU-J-4,118,3503.0
SKU-J-4,119,5653.0
SKU-J-4,120,10431.0
SKU-J-4,121,7611.0
SKU-J-4,122,10462.0
SKU-J-4,123,6847.0
SKU-J-4,124,3345.0
SKU-J-4,125,3200.0
SKU-J-4,126,6688.0
SKU-J-4,127,7325.0
SKU-J-4,128,3662.0
SKU-J-4,129,11146.0
SKU-J-4,130,1910.0
SKU-J-4,131,80.0
SKU-J-4,132,3009.0
SKU-J-4,133,5923.0
SKU-J-4,134,5541.0
SKU-J-4,135,3774.0
SKU-J-4,136,7723.0
SKU-J-4,137,3662.0
SKU-J-4,138,6369.0
SKU-J-4,139,4618.0
SKU-J-4,140,6051.0
SKU-J-4,141,9746.0
SKU-J-4,142,10366.0
SKU-J-4,143,3822.0
SKU-J-4,144,1273.0
SKU-J-4,145,4315.0
SKU-J-4,146,8201.0
SKU-J-4,147,5255.0
SKU-J-4,148,7182.0
SKU-J-4,149,5987.0
SKU-J-4,150,24442.0
SKU-J-4,151,8997.0
SKU-J-4,152,5303.0
SKU-J-4,153,1592.0
SKU-J-4,154,7579.0
SKU-J-4,155,1449.0
SKU-J-4,156,2834.0
SKU-J-4,157,6130.0
SKU-J-4,158,15684.0
SKU-J-4,159,8916.0
SKU-J-4,160,637.0
SKU-J-4,161,955.0
SKU-J-4,162,9872.0
SKU-J-4,163,4459.0
SKU-J-4,164,318.0
SKU-J-4,165,2547.0
SKU-J-4,166,3249.0
SKU-J-4,167,2500.0
SKU-J-4,168,3344.0
SKU-J-4,169,3599.0
SKU-J-4,170,4490.0
SKU-J-4,171,2547.0
SKU-J-4,172,477.0
SKU-J-4,173,1067.0
SKU-J-4,174,1752.0
SKU-J-4,175,1274.0
SKU-J-4,176,239.0
SKU-J-4,177,1226.0
SKU-J-4,178,1433.0
SKU-J-4,179,796.0
SKU-J-4,180,971.0
SKU-J-4,181,2468.0
SKU-J-4,182,4458.0
SKU-J-4,183,159.0
SKU-J-4,184,2134.0
SKU-J-4,185,64.0
SKU-J-4,186,2070.0
SKU-J-4,187,
SKU-J-5,1,
SKU-J-5,2,
SKU-J-5,3,
SKU-J-5,4,
SKU-J-5,5,
SKU-J-5,6,
SKU-J-5,7,
SKU-J-5,8,
SKU-J-5,9,
SKU-J-5,10,
SKU-J-5,11,
SKU-J-5,12,
SKU-J-5,13,
SKU-J-5,14,
SKU-J-5,15,
SKU-J-5,16,
SKU-J-5,17,
SKU-J-5,18,
SKU-J-5,19,
SKU-J-5,20,
SKU-J-5,21,
SKU-J-5,22,
SKU-J-5,23,
SKU-J-5,24,
SKU-J-5,25,
SKU-J-5,26,
SKU-J-5,27,
SKU-J-5,28,
SKU-J-5,29,
SKU-J-5,30,
SKU-J-5,31,
SKU-J-5,32,
SKU-J-5,33,
SKU-J-5,34,
SKU-J-5,35,
SKU-J-5,36,
SKU-J-5,37,
SKU-J-5,38,
SKU-J-5,39,
SKU-J-5,40,
SKU-J-5,41,
SKU-J-5,42,
SKU-J-5,43,
SKU-J-5,44,
SKU-J-5,45,
SKU-J-5,46,
SKU-J-5,47,
SKU-J-5,48,
SKU-J-5,49,
SKU-J-5,50,
SKU-J-5,51,
SKU-J-5,52,
SKU-J-5,53,
SKU-J-5,54,
SKU-J-5,55,
SKU-J-5,56,
SKU-J-5,57,
SKU-J-5,58,
SKU-J-5,59,
SKU-J-5,60,
SKU-J-5,61,
SKU-J-5,62,
SKU-J-5,63,
SKU-J-5,64,
SKU-J-5,65,
SKU-J-5,66,
SKU-J-5,67,
SKU-J-5,68,
SKU-J-5,69,
SKU-J-5,70,
SKU-J-5,71,
SKU-J-5,72,
SKU-J-5,73,
SKU-J-5,74,
SKU-J-5,75,
SKU-J-5,76,
SKU-J-5,77,
SKU-J-5,78,
SKU-J-5,79,
SKU-J-5,80,
SKU-J-5,81,
SKU-J-5,82,
SKU-J-5,83,
SKU-J-5,84,
SKU-J-5,85,
SKU-J-5,86,
SKU-J-5,87,
SKU-J-5,88,
SKU-J-5,89,
SKU-J-5,90,
SKU-J-5,91,
SKU-J-5,92,
SKU-J-5,93,
SKU-J-5,94,
SKU-J-5,95,
SKU-J-5,96,
SKU-J-5,97,
SKU-J-5,98,
SKU-J-5,99,
SKU-J-5,100,
SKU-J-5,101,
SKU-J-5,102,
SKU-J-5,103,
SKU-J-5,104,
SKU-J-5,105,
SKU-J-5,106,
SKU-J-5,107,
SKU-J-5,108,
SKU-J-5,109,
SKU-J-5,110,
SKU-J-5,111,
SKU-J-5,112,
SKU-J-5,113,
SKU-J-5,114,
SKU-J-5,115,
SKU-J-5,116,
SKU-J-5,117,
SKU-J-5,118,
SKU-J-5,119,
SKU-J-5,120,
SKU-J-5,121,
SKU-J-5,122,
SKU-J-5,123,
SKU-J-5,124,
SKU-J-5,125,
SKU-J-5,126,
SKU-J-5,127,
SKU-J-5,128,
SKU-J-5,129,
SKU-J-5,130,
SKU-J-5,131,
SKU-J-5,132,
SKU-J-5,133,
SKU-J-5,134,
SKU-J-5,135,
SKU-J-5,136,
SKU-J-5,137,
SKU-J-5,138,
SKU-J-5,139,
SKU-J-5,140,
SKU-J-5,141,
SKU-J-5,142,
SKU-J-5,143,
SKU-J-5,144,
SKU-J-5,145,
SKU-J-5,146,
SKU-J-5,147,
SKU-J-5,148,
SKU-J-5,149,
SKU-J-5,150,
SKU-J-5,151,
SKU-J-5,152,
SKU-J-5,153,
SKU-J-5,154,
SKU-J-5,155,
SKU-J-5,156,
SKU-J-5,157,
SKU-J-5,158,
SKU-J-5,159,
SKU-J-5,160,
SKU-J-5,161,
SKU-J-5,162,
SKU-J-5,163,
SKU-J-5,164,
SKU-J-5,165,
SKU-J-5,166,1115.0
SKU-J-5,167,6131.0
SKU-J-5,168,5016.0
SKU-J-5,169,4777.0
SKU-J-5,170,398.0
SKU-J-5,171,0.0
SKU-J-5,172,876.0
SKU-J-5,173,1911.0
SKU-J-5,174,2229.0
SKU-J-5,175,1433.0
SKU-J-5,176,0.0
SKU-J-5,177,23010.0
SKU-J-5,178,2070.0
SKU-J-5,179,159.0
SKU-J-5,180,3821.0
SKU-J-5,181,159.0
SKU-J-5,182,637.0
SKU-J-5,183,2707.0
SKU-J-5,184,2468.0
SKU-J-5,185,1672.0
SKU-J-5,186,12101.0
SKU-J-5,187,9251.0
SKU-K-1,1,8917.0
SKU-K-1,2,11146.0
SKU-K-1,3,5414.0
SKU-K-1,4,6369.0
SKU-K-1,5,7006.0
SKU-K-1,6,3185.0
SKU-K-1,7,7803.0
SKU-K-1,8,1433.0
SKU-K-1,9,19267.0
SKU-K-1,10,9554.0
SKU-K-1,11,6369.0
SKU-K-1,12,6209.0
SKU-K-1,13,2866.0
SKU-K-1,14,955.0
SKU-K-1,15,2070.0
SKU-K-1,16,6369.0
SKU-K-1,17,2388.0
SKU-K-1,18,4458.0
SKU-K-1,19,2261.0
SKU-K-1,20,1449.0
SKU-K-1,21,3503.0
SKU-K-1,22,11003.0
SKU-K-1,23,2867.0
SKU-K-1,24,4299.0
SKU-K-1,25,4395.0
SKU-K-1,26,1910.0
SKU-K-1,27,2866.0
SKU-K-1,28,1115.0
SKU-K-1,29,1593.0
SKU-K-1,30,605.0
SKU-K-1,31,2468.0
SKU-K-1,32,542.0
SKU-K-1,33,7421.0
SKU-K-1,34,255.0
SKU-K-1,35,717.0
SKU-K-1,36,350.0
SKU-K-1,37,334.0
SKU-K-1,38,0.0
SKU-K-1,39,0.0
SKU-K-1,40,159.0
SKU-K-1,41,32.0
SKU-K-1,42,111.0
SKU-K-1,43,32.0
SKU-K-1,44,0.0
SKU-K-1,45,0.0
SKU-K-1,46,80.0
SKU-K-1,47,64.0
SKU-K-1,48,0.0
SKU-K-1,49,32.0
SKU-K-1,50,48.0
SKU-K-1,51,48.0
SKU-K-1,52,
SKU-K-1,53,
SKU-K-1,54,
SKU-K-1,55,
SKU-K-1,56,
SKU-K-1,57,
SKU-K-1,58,
SKU-K-1,59,
SKU-K-1,60,
SKU-K-1,61,
SKU-K-1,62,
SKU-K-1,63,
SKU-K-1,64,
SKU-K-1,65,
SKU-K-1,66,
SKU-K-1,67,
SKU-K-1,68,
SKU-K-1,69,
SKU-K-1,70,
SKU-K-1,71,
SKU-K-1,72,
SKU-K-1,73,
SKU-K-1,74,
SKU-K-1,75,
SKU-K-1,76,
SKU-K-1,77,
SKU-K-1,78,
SKU-K-1,79,
SKU-K-1,80,
SKU-K-1,81,
SKU-K-1,82,
SKU-K-1,83,
SKU-K-1,84,
SKU-K-1,85,
SKU-K-1,86,
SKU-K-1,87,
SKU-K-1,88,
SKU-K-1,89,
SKU-K-1,90,
SKU-K-1,91,
SKU-K-1,92,
SKU-K-1,93,
SKU-K-1,94,
SKU-K-1,95,
SKU-K-1,96,
SKU-K-1,97,
SKU-K-1,98,
SKU-K-1,99,
SKU-K-1,100,
SKU-K-1,101,
SKU-K-1,102,
SKU-K-1,103,
SKU-K-1,104,
SKU-K-1,105,
SKU-K-1,106,
SKU-K-1,107,
SKU-K-1,108,
SKU-K-1,109,
SKU-K-1,110,
SKU-K-1,111,
SKU-K-1,112,
SKU-K-1,113,
SKU-K-1,114,
SKU-K-1,115,
SKU-K-1,116,
SKU-K-1,117,
SKU-K-1,118,
SKU-K-1,119,
SKU-K-1,120,
SKU-K-1,121,
SKU-K-1,122,
SKU-K-1,123,
SKU-K-1,124,
SKU-K-1,125,
SKU-K-1,126,
SKU-K-1,127,
SKU-K-1,128,
SKU-K-1,129,
SKU-K-1,130,
SKU-K-1,131,
SKU-K-1,132,
SKU-K-1,133,
SKU-K-1,134,
SKU-K-1,135,
SKU-K-1,136,
SKU-K-1,137,
SKU-K-1,138,
SKU-K-1,139,
SKU-K-1,140,
SKU-K-1,141,
SKU-K-1,142,
SKU-K-1,143,
SKU-K-1,144,
SKU-K-1,145,
SKU-K-1,146,
SKU-K-1,147,
SKU-K-1,148,
SKU-K-1,149,
SKU-K-1,150,
SKU-K-1,151,
SKU-K-1,152,
SKU-K-1,153,
SKU-K-1,154,
SKU-K-1,155,
SKU-K-1,156,
SKU-K-1,157,
SKU-K-1,158,
SKU-K-1,159,
SKU-K-1,160,
SKU-K-1,161,
SKU-K-1,162,
SKU-K-1,163,
SKU-K-1,164,
SKU-K-1,165,
SKU-K-1,166,
SKU-K-1,167,
SKU-K-1,168,
SKU-K-1,169,
SKU-K-1,170,
SKU-K-1,171,
SKU-K-1,172,
SKU-K-1,173,
SKU-K-1,174,
SKU-K-1,175,
SKU-K-1,176,
SKU-K-1,177,
SKU-K-1,178,
SKU-K-1,179,
SKU-K-1,180,
SKU-K-1,181,
SKU-K-1,182,
SKU-K-1,183,
SKU-K-1,184,
SKU-K-1,185,
SKU-K-1,186,
SKU-K-1,187,
SKU-K-2,1,144905.0
SKU-K-2,2,115447.0
SKU-K-2,3,121497.0
SKU-K-2,4,114968.0
SKU-K-2,5,201512.0
SKU-K-2,6,80255.0
SKU-K-2,7,81688.0
SKU-K-2,8,93949.0
SKU-K-2,9,120541.0
SKU-K-2,10,125956.0
SKU-K-2,11,105731.0
SKU-K-2,12,119267.0
SKU-K-2,13,159076.0
SKU-K-2,14,136942.0
SKU-K-2,15,153980.0
SKU-K-2,16,112102.0
SKU-K-2,17,80860.0
SKU-K-2,18,194141.0
SKU-K-2,19,79921.0
SKU-K-2,20,71019.0
SKU-K-2,21,77707.0
SKU-K-2,22,78821.0
SKU-K-2,23,71465.0
SKU-K-2,24,78183.0
SKU-K-2,25,106020.0
SKU-K-2,26,110669.0
SKU-K-2,27,86783.0
SKU-K-2,28,117357.0
SKU-K-2,29,104141.0
SKU-K-2,30,96496.0
SKU-K-2,31,130494.0
SKU-K-2,32,159236.0
SKU-K-2,33,54937.0
SKU-K-2,34,70223.0
SKU-K-2,35,75781.0
SKU-K-2,36,77389.0
SKU-K-2,37,101752.0
SKU-K-2,38,120064.0
SKU-K-2,39,60510.0
SKU-K-2,40,38217.0
SKU-K-2,41,39809.0
SKU-K-2,42,50478.0
SKU-K-2,43,71019.0
SKU-K-2,44,46974.0
SKU-K-2,45,54140.0
SKU-K-2,46,37897.0
SKU-K-2,47,21973.0
SKU-K-2,48,35907.0
SKU-K-2,49,35668.0
SKU-K-2,50,28504.0
SKU-K-2,51,42357.0
SKU-K-2,52,24204.0
SKU-K-2,53,29140.0
SKU-K-2,54,32962.0
SKU-K-2,55,41401.0
SKU-K-2,56,21655.0
SKU-K-2,57,14967.0
SKU-K-2,58,22930.0
SKU-K-2,59,25716.0
SKU-K-2,60,30653.0
SKU-K-2,61,38535.0
SKU-K-2,62,26799.0
SKU-K-2,63,23566.0
SKU-K-2,64,20222.0
SKU-K-2,65,22421.0
SKU-K-2,66,15445.0
SKU-K-2,67,32086.0
SKU-K-2,68,27627.0
SKU-K-2,69,21019.0
SKU-K-2,70,12994.0
SKU-K-2,71,15286.0
SKU-K-2,72,25000.0
SKU-K-2,73,12548.0
SKU-K-2,74,31050.0
SKU-K-2,75,27786.0
SKU-K-2,76,16051.0
SKU-K-2,77,14809.0
SKU-K-2,78,17914.0
SKU-K-2,79,20064.0
SKU-K-2,80,20542.0
SKU-K-2,81,28582.0
SKU-K-2,82,20781.0
SKU-K-2,83,9394.0
SKU-K-2,84,11878.0
SKU-K-2,85,10828.0
SKU-K-2,86,10509.0
SKU-K-2,87,15207.0
SKU-K-2,88,11307.0
SKU-K-2,89,17117.0
SKU-K-2,90,27070.0
SKU-K-2,91,7166.0
SKU-K-2,92,8520.0
SKU-K-2,93,3486.0
SKU-K-2,94,7468.0
SKU-K-2,95,4268.0
SKU-K-2,96,6704.0
SKU-K-2,97,23168.0
SKU-K-2,98,10255.0
SKU-K-2,99,12436.0
SKU-K-2,100,5047.0
SKU-K-2,101,8424.0
SKU-K-2,102,4204.0
SKU-K-2,103,3980.0
SKU-K-2,104,3184.0
SKU-K-2,105,8822.0
SKU-K-2,106,1481.0
SKU-K-2,107,9761.0
SKU-K-2,108,955.0
SKU-K-2,109,2229.0
SKU-K-2,110,3184.0
SKU-K-2,111,796.0
SKU-K-2,112,3503.0
SKU-K-2,113,159.0
SKU-K-2,114,1592.0
SKU-K-2,115,318.0
SKU-K-2,116,478.0
SKU-K-2,117,
SKU-K-2,118,
SKU-K-2,119,
SKU-K-2,120,
SKU-K-2,121,
SKU-K-2,122,
SKU-K-2,123,
SKU-K-2,124,
SKU-K-2,125,
SKU-K-2,126,
SKU-K-2,127,
SKU-K-2,128,
SKU-K-2,129,
SKU-K-2,130,
SKU-K-2,131,
SKU-K-2,132,
SKU-K-2,133,
SKU-K-2,134,
SKU-K-2,135,
SKU-K-2,136,
SKU-K-2,137,
SKU-K-2,138,
SKU-K-2,139,
SKU-K-2,140,
SKU-K-2,141,
SKU-K-2,142,
SKU-K-2,143,
SKU-K-2,144,
SKU-K-2,145,
SKU-K-2,146,
SKU-K-2,147,
SKU-K-2,148,
SKU-K-2,149,
SKU-K-2,150,
SKU-K-2,151,
SKU-K-2,152,
SKU-K-2,153,
SKU-K-2,154,
SKU-K-2,155,
SKU-K-2,156,
SKU-K-2,157,
SKU-K-2,158,
SKU-K-2,159,
SKU-K-2,160,
SKU-K-2,161,
SKU-K-2,162,
SKU-K-2,163,
SKU-K-2,164,
SKU-K-2,165,
SKU-K-2,166,
SKU-K-2,167,
SKU-K-2,168,
SKU-K-2,169,
SKU-K-2,170,
SKU-K-2,171,
SKU-K-2,172,
SKU-K-2,173,
SKU-K-2,174,
SKU-K-2,175,
SKU-K-2,176,
SKU-K-2,177,
SKU-K-2,178,
SKU-K-2,179,
SKU-K-2,180,
SKU-K-2,181,
SKU-K-2,182,
SKU-K-2,183,
SKU-K-2,184,
SKU-K-2,185,
SKU-K-2,186,
SKU-K-2,187,
SKU-K-3,1,
SKU-K-3,2,
SKU-K-3,3,
SKU-K-3,4,
SKU-K-3,5,
SKU-K-3,6,
SKU-K-3,7,
SKU-K-3,8,
SKU-K-3,9,
SKU-K-3,10,
SKU-K-3,11,
SKU-K-3,12,
SKU-K-3,13,
SKU-K-3,14,
SKU-K-3,15,
SKU-K-3,16,
SKU-K-3,17,
SKU-K-3,18,
SKU-K-3,19,
SKU-K-3,20,159.0
SKU-K-3,21,159.0
SKU-K-3,22,636.0
SKU-K-3,23,3980.0
SKU-K-3,24,6687.0
SKU-K-3,25,11306.0
SKU-K-3,26,11385.0
SKU-K-3,27,10509.0
SKU-K-3,28,37261.0
SKU-K-3,29,19905.0
SKU-K-3,30,21814.0
SKU-K-3,31,74522.0
SKU-K-3,32,72930.0
SKU-K-3,33,42834.0
SKU-K-3,34,48727.0
SKU-K-3,35,77388.0
SKU-K-3,36,107005.0
SKU-K-3,37,74840.0
SKU-K-3,38,145095.0
SKU-K-3,39,80892.0
SKU-K-3,40,73248.0
SKU-K-3,41,71178.0
SKU-K-3,42,95541.0
SKU-K-3,43,102626.0
SKU-K-3,44,159076.0
SKU-K-3,45,67357.0
SKU-K-3,46,74204.0
SKU-K-3,47,86145.0
SKU-K-3,48,131847.0
SKU-K-3,49,172930.0
SKU-K-3,50,157165.0
SKU-K-3,51,178822.0
SKU-K-3,52,120224.0
SKU-K-3,53,163376.0
SKU-K-3,54,228026.0
SKU-K-3,55,151433.0
SKU-K-3,56,150158.0
SKU-K-3,57,201115.0
SKU-K-3,58,143439.0
SKU-K-3,59,133916.0
SKU-K-3,60,204937.0
SKU-K-3,61,157246.0
SKU-K-3,62,164395.0
SKU-K-3,63,158886.0
SKU-K-3,64,232484.0
SKU-K-3,65,169888.0
SKU-K-3,66,229141.0
SKU-K-3,67,251273.0
SKU-K-3,68,214013.0
SKU-K-3,69,115287.0
SKU-K-3,70,200207.0
SKU-K-3,71,242040.0
SKU-K-3,72,282867.0
SKU-K-3,73,215303.0
SKU-K-3,74,186577.0
SKU-K-3,75,176195.0
SKU-K-3,76,167007.0
SKU-K-3,77,240684.0
SKU-K-3,78,239953.0
SKU-K-3,79,241321.0
SKU-K-3,80,249061.0
SKU-K-3,81,326481.0
SKU-K-3,82,157294.0
SKU-K-3,83,154061.0
SKU-K-3,84,145940.0
SKU-K-3,85,153392.0
SKU-K-3,86,141114.0
SKU-K-3,87,162420.0
SKU-K-3,88,100797.0
SKU-K-3,89,99999.0
SKU-K-3,90,108599.0
SKU-K-3,91,70382.0
SKU-K-3,92,24045.0
SKU-K-3,93,31528.0
SKU-K-3,94,21178.0
SKU-K-3,95,26433.0
SKU-K-3,96,76640.0
SKU-K-3,97,81639.0
SKU-K-3,98,66241.0
SKU-K-3,99,27006.0
SKU-K-3,100,81114.0
SKU-K-3,101,98502.0
SKU-K-3,102,95239.0
SKU-K-3,103,91561.0
SKU-K-3,104,171338.0
SKU-K-3,105,104141.0
SKU-K-3,106,78344.0
SKU-K-3,107,61784.0
SKU-K-3,108,48567.0
SKU-K-3,109,48408.0
SKU-K-3,110,100685.0
SKU-K-3,111,86225.0
SKU-K-3,112,88884.0
SKU-K-3,113,116322.0
SKU-K-3,114,68184.0
SKU-K-3,115,85843.0
SKU-K-3,116,95604.0
SKU-K-3,117,106163.0
SKU-K-3,118,64698.0
SKU-K-3,119,81672.0
SKU-K-3,120,96497.0
SKU-K-3,121,72055.0
SKU-K-3,122,96225.0
SKU-K-3,123,145955.0
SKU-K-3,124,83122.0
SKU-K-3,125,72070.0
SKU-K-3,126,141162.0
SKU-K-3,127,69347.0
SKU-K-3,128,68997.0
SKU-K-3,129,62978.0
SKU-K-3,130,24363.0
SKU-K-3,131,31688.0
SKU-K-3,132,25207.0
SKU-K-3,133,49873.0
SKU-K-3,134,14395.0
SKU-K-3,135,11241.0
SKU-K-3,136,31369.0
SKU-K-3,137,7325.0
SKU-K-3,138,19108.0
SKU-K-3,139,42802.0
SKU-K-3,140,5732.0
SKU-K-3,141,77389.0
SKU-K-3,142,66242.0
SKU-K-3,143,20063.0
SKU-K-3,144,7961.0
SKU-K-3,145,4459.0
SKU-K-3,146,18312.0
SKU-K-3,147,3025.0
SKU-K-3,148,27866.0
SKU-K-3,149,8917.0
SKU-K-3,150,9395.0
SKU-K-3,151,3662.0
SKU-K-3,152,10828.0
SKU-K-3,153,14331.0
SKU-K-3,154,10987.0
SKU-K-3,155,3503.0
SKU-K-3,156,3503.0
SKU-K-3,157,4825.0
SKU-K-3,158,2468.0
SKU-K-3,159,159.0
SKU-K-3,160,1497.0
SKU-K-3,161,637.0
SKU-K-3,162,1592.0
SKU-K-3,163,5972.0
SKU-K-3,164,2229.0
SKU-K-3,165,1481.0
SKU-K-3,166,3344.0
SKU-K-3,167,4124.0
SKU-K-3,168,1911.0
SKU-K-3,169,1768.0
SKU-K-3,170,2166.0
SKU-K-3,171,350.0
SKU-K-3,172,717.0
SKU-K-3,173,2723.0
SKU-K-3,174,2548.0
SKU-K-3,175,478.0
SKU-K-3,176,478.0
SKU-K-3,177,318.0
SKU-K-3,178,0.0
SKU-K-3,179,923.0
SKU-K-3,180,0.0
SKU-K-3,181,48.0
SKU-K-3,182,318.0
SKU-K-3,183,159.0
SKU-K-3,184,0.0
SKU-K-3,185,318.0
SKU-K-3,186,0.0
SKU-K-3,187,159.0
SKU-K-4,1,
SKU-K-4,2,
SKU-K-4,3,
SKU-K-4,4,
SKU-K-4,5,
SKU-K-4,6,
SKU-K-4,7,
SKU-K-4,8,
SKU-K-4,9,
SKU-K-4,10,
SKU-K-4,11,
SKU-K-4,12,
SKU-K-4,13,
SKU-K-4,14,
SKU-K-4,15,
SKU-K-4,16,
SKU-K-4,17,
SKU-K-4,18,
SKU-K-4,19,
SKU-K-4,20,
SKU-K-4,21,
SKU-K-4,22,
SKU-K-4,23,
SKU-K-4,24,
SKU-K-4,25,
SKU-K-4,26,
SKU-K-4,27,
SKU-K-4,28,
SKU-K-4,29,
SKU-K-4,30,
SKU-K-4,31,
SKU-K-4,32,
SKU-K-4,33,
SKU-K-4,34,
SKU-K-4,35,
SKU-K-4,36,
SKU-K-4,37,
SKU-K-4,38,
SKU-K-4,39,
SKU-K-4,40,
SKU-K-4,41,
SKU-K-4,42,
SKU-K-4,43,
SKU-K-4,44,
SKU-K-4,45,
SKU-K-4,46,
SKU-K-4,47,
SKU-K-4,48,
SKU-K-4,49,
SKU-K-4,50,
SKU-K-4,51,
SKU-K-4,52,
SKU-K-4,53,
SKU-K-4,54,
SKU-K-4,55,
SKU-K-4,56,
SKU-K-4,57,
SKU-K-4,58,
SKU-K-4,59,
SKU-K-4,60,
SKU-K-4,61,
SKU-K-4,62,
SKU-K-4,63,
SKU-K-4,64,
SKU-K-4,65,
SKU-K-4,66,
SKU-K-4,67,
SKU-K-4,68,
SKU-K-4,69,
SKU-K-4,70,
SKU-K-4,71,
SKU-K-4,72,
SKU-K-4,73,
SKU-K-4,74,
SKU-K-4,75,1751.0
SKU-K-4,76,159.0
SKU-K-4,77,9554.0
SKU-K-4,78,5971.0
SKU-K-4,79,12420.0
SKU-K-4,80,11847.0
SKU-K-4,81,17038.0
SKU-K-4,82,15923.0
SKU-K-4,83,37978.0
SKU-K-4,84,45540.0
SKU-K-4,85,28343.0
SKU-K-4,86,44745.0
SKU-K-4,87,46815.0
SKU-K-4,88,42993.0
SKU-K-4,89,40765.0
SKU-K-4,90,49362.0
SKU-K-4,91,33758.0
SKU-K-4,92,41720.0
SKU-K-4,93,59793.0
SKU-K-4,94,48249.0
SKU-K-4,95,32643.0
SKU-K-4,96,36974.0
SKU-K-4,97,40526.0
SKU-K-4,98,38901.0
SKU-K-4,99,36465.0
SKU-K-4,100,63567.0
SKU-K-4,101,69793.0
SKU-K-4,102,67931.0
SKU-K-4,103,113296.0
SKU-K-4,104,160079.0
SKU-K-4,105,69427.0
SKU-K-4,106,37898.0
SKU-K-4,107,43471.0
SKU-K-4,108,65367.0
SKU-K-4,109,82628.0
SKU-K-4,110,65924.0
SKU-K-4,111,69905.0
SKU-K-4,112,87754.0
SKU-K-4,113,78980.0
SKU-K-4,114,101116.0
SKU-K-4,115,102834.0
SKU-K-4,116,141131.0
SKU-K-4,117,89889.0
SKU-K-4,118,105079.0
SKU-K-4,119,133790.0
SKU-K-4,120,173757.0
SKU-K-4,121,99220.0
SKU-K-4,122,95318.0
SKU-K-4,123,70621.0
SKU-K-4,124,99173.0
SKU-K-4,125,117214.0
SKU-K-4,126,82914.0
SKU-K-4,127,98791.0
SKU-K-4,128,74841.0
SKU-K-4,129,140924.0
SKU-K-4,130,150875.0
SKU-K-4,131,78964.0
SKU-K-4,132,101099.0
SKU-K-4,133,161019.0
SKU-K-4,134,94347.0
SKU-K-4,135,115047.0
SKU-K-4,136,155733.0
SKU-K-4,137,71656.0
SKU-K-4,138,109187.0
SKU-K-4,139,83121.0
SKU-K-4,140,131704.0
SKU-K-4,141,111895.0
SKU-K-4,142,213152.0
SKU-K-4,143,50477.0
SKU-K-4,144,24523.0
SKU-K-4,145,45859.0
SKU-K-4,146,96880.0
SKU-K-4,147,139172.0
SKU-K-4,148,109030.0
SKU-K-4,149,97134.0
SKU-K-4,150,93567.0
SKU-K-4,151,33615.0
SKU-K-4,152,180286.0
SKU-K-4,153,99666.0
SKU-K-4,154,144491.0
SKU-K-4,155,82882.0
SKU-K-4,156,75477.0
SKU-K-4,157,81847.0
SKU-K-4,158,34236.0
SKU-K-4,159,60190.0
SKU-K-4,160,97547.0
SKU-K-4,161,69809.0
SKU-K-4,162,72738.0
SKU-K-4,163,77707.0
SKU-K-4,164,94268.0
SKU-K-4,165,77977.0
SKU-K-4,166,75637.0
SKU-K-4,167,90382.0
SKU-K-4,168,56529.0
SKU-K-4,169,66115.0
SKU-K-4,170,55828.0
SKU-K-4,171,58152.0
SKU-K-4,172,53009.0
SKU-K-4,173,55748.0
SKU-K-4,174,39012.0
SKU-K-4,175,73009.0
SKU-K-4,176,31306.0
SKU-K-4,177,45382.0
SKU-K-4,178,18170.0
SKU-K-4,179,33759.0
SKU-K-4,180,99856.0
SKU-K-4,181,48853.0
SKU-K-4,182,39219.0
SKU-K-4,183,22851.0
SKU-K-4,184,7691.0
SKU-K-4,185,28295.0
SKU-K-4,186,12404.0
SKU-K-4,187,33361.0
SKU-K-5,1,
SKU-K-5,2,
SKU-K-5,3,
SKU-K-5,4,
SKU-K-5,5,
SKU-K-5,6,
SKU-K-5,7,
SKU-K-5,8,
SKU-K-5,9,
SKU-K-5,10,
SKU-K-5,11,
SKU-K-5,12,
SKU-K-5,13,
SKU-K-5,14,
SKU-K-5,15,
SKU-K-5,16,
SKU-K-5,17,
SKU-K-5,18,
SKU-K-5,19,
SKU-K-5,20,
SKU-K-5,21,
SKU-K-5,22,
SKU-K-5,23,
SKU-K-5,24,
SKU-K-5,25,
SKU-K-5,26,
SKU-K-5,27,
SKU-K-5,28,
SKU-K-5,29,
SKU-K-5,30,
SKU-K-5,31,
SKU-K-5,32,
SKU-K-5,33,
SKU-K-5,34,
SKU-K-5,35,
SKU-K-5,36,
SKU-K-5,37,
SKU-K-5,38,
SKU-K-5,39,
SKU-K-5,40,
SKU-K-5,41,
SKU-K-5,42,
SKU-K-5,43,
SKU-K-5,44,
SKU-K-5,45,
SKU-K-5,46,
SKU-K-5,47,
SKU-K-5,48,
SKU-K-5,49,
SKU-K-5,50,
SKU-K-5,51,
SKU-K-5,52,
SKU-K-5,53,
SKU-K-5,54,
SKU-K-5,55,
SKU-K-5,56,
SKU-K-5,57,
SKU-K-5,58,
SKU-K-5,59,
SKU-K-5,60,
SKU-K-5,61,
SKU-K-5,62,
SKU-K-5,63,
SKU-K-5,64,
SKU-K-5,65,
SKU-K-5,66,
SKU-K-5,67,
SKU-K-5,68,
SKU-K-5,69,
SKU-K-5,70,
SKU-K-5,71,
SKU-K-5,72,
SKU-K-5,73,
SKU-K-5,74,
SKU-K-5,75,
SKU-K-5,76,
SKU-K-5,77,
SKU-K-5,78,
SKU-K-5,79,
SKU-K-5,80,
SKU-K-5,81,
SKU-K-5,82,
SKU-K-5,83,
SKU-K-5,84,
SKU-K-5,85,
SKU-K-5,86,
SKU-K-5,87,
SKU-K-5,88,
SKU-K-5,89,
SKU-K-5,90,
SKU-K-5,91,
SKU-K-5,92,
SKU-K-5,93,
SKU-K-5,94,
SKU-K-5,95,
SKU-K-5,96,
SKU-K-5,97,
SKU-K-5,98,
SKU-K-5,99,
SKU-K-5,100,
SKU-K-5,101,
SKU-K-5,102,
SKU-K-5,103,
SKU-K-5,104,
SKU-K-5,105,
SKU-K-5,106,
SKU-K-5,107,
SKU-K-5,108,
SKU-K-5,109,
SKU-K-5,110,
SKU-K-5,111,
SKU-K-5,112,
SKU-K-5,113,
SKU-K-5,114,
SKU-K-5,115,
SKU-K-5,116,
SKU-K-5,117,
SKU-K-5,118,
SKU-K-5,119,
SKU-K-5,120,
SKU-K-5,121,
SKU-K-5,122,
SKU-K-5,123,
SKU-K-5,124,
SKU-K-5,125,
SKU-K-5,126,
SKU-K-5,127,
SKU-K-5,128,
SKU-K-5,129,
SKU-K-5,130,
SKU-K-5,131,
SKU-K-5,132,
SKU-K-5,133,
SKU-K-5,134,
SKU-K-5,135,
SKU-K-5,136,
SKU-K-5,137,
SKU-K-5,138,
SKU-K-5,139,
SKU-K-5,140,
SKU-K-5,141,
SKU-K-5,142,
SKU-K-5,143,
SKU-K-5,144,
SKU-K-5,145,
SKU-K-5,146,
SKU-K-5,147,
SKU-K-5,148,
SKU-K-5,149,
SKU-K-5,150,
SKU-K-5,151,
SKU-K-5,152,
SKU-K-5,153,
SKU-K-5,154,
SKU-K-5,155,
SKU-K-5,156,
SKU-K-5,157,
SKU-K-5,158,159.0
SKU-K-5,159,0.0
SKU-K-5,160,14156.0
SKU-K-5,161,4617.0
SKU-K-5,162,4522.0
SKU-K-5,163,2929.0
SKU-K-5,164,11306.0
SKU-K-5,165,10367.0
SKU-K-5,166,29857.0
SKU-K-5,167,23407.0
SKU-K-5,168,21083.0
SKU-K-5,169,23996.0
SKU-K-5,170,42835.0
SKU-K-5,171,48264.0
SKU-K-5,172,56162.0
SKU-K-5,173,56592.0
SKU-K-5,174,50256.0
SKU-K-5,175,39969.0
SKU-K-5,176,39204.0
SKU-K-5,177,107022.0
SKU-K-5,178,50080.0
SKU-K-5,179,49857.0
SKU-K-5,180,72229.0
SKU-K-5,181,78042.0
SKU-K-5,182,78375.0
SKU-K-5,183,69156.0
SKU-K-5,184,58105.0
SKU-K-5,185,69921.0
SKU-K-5,186,83710.0
SKU-K-5,187,94985.0
SKU-L-1,1,3423.0
SKU-L-1,2,1831.0
SKU-L-1,3,239.0
SKU-L-1,4,239.0
SKU-L-1,5,2787.0
SKU-L-1,6,0.0
SKU-L-1,7,318.0
SKU-L-1,8,1114.0
SKU-L-1,9,239.0
SKU-L-1,10,0.0
SKU-L-1,11,557.0
SKU-L-1,12,0.0
SKU-L-1,13,0.0
SKU-L-1,14,159.0
SKU-L-1,15,159.0
SKU-L-1,16,0.0
SKU-L-1,17,0.0
SKU-L-1,18,637.0
SKU-L-1,19,0.0
SKU-L-1,20,0.0
SKU-L-1,21,0.0
SKU-L-1,22,0.0
SKU-L-1,23,0.0
SKU-L-1,24,1417.0
SKU-L-1,25,
SKU-L-1,26,
SKU-L-1,27,
SKU-L-1,28,
SKU-L-1,29,
SKU-L-1,30,
SKU-L-1,31,
SKU-L-1,32,
SKU-L-1,33,
SKU-L-1,34,
SKU-L-1,35,
SKU-L-1,36,
SKU-L-1,37,
SKU-L-1,38,
SKU-L-1,39,
SKU-L-1,40,
SKU-L-1,41,
SKU-L-1,42,
SKU-L-1,43,
SKU-L-1,44,
SKU-L-1,45,
SKU-L-1,46,
SKU-L-1,47,
SKU-L-1,48,
SKU-L-1,49,
SKU-L-1,50,
SKU-L-1,51,
SKU-L-1,52,
SKU-L-1,53,
SKU-L-1,54,
SKU-L-1,55,
SKU-L-1,56,
SKU-L-1,57,
SKU-L-1,58,
SKU-L-1,59,
SKU-L-1,60,
SKU-L-1,61,
SKU-L-1,62,
SKU-L-1,63,
SKU-L-1,64,
SKU-L-1,65,
SKU-L-1,66,
SKU-L-1,67,
SKU-L-1,68,
SKU-L-1,69,
SKU-L-1,70,
SKU-L-1,71,
SKU-L-1,72,
SKU-L-1,73,
SKU-L-1,74,
SKU-L-1,75,
SKU-L-1,76,
SKU-L-1,77,
SKU-L-1,78,
SKU-L-1,79,
SKU-L-1,80,
SKU-L-1,81,
SKU-L-1,82,
SKU-L-1,83,
SKU-L-1,84,
SKU-L-1,85,
SKU-L-1,86,
SKU-L-1,87,
SKU-L-1,88,
SKU-L-1,89,
SKU-L-1,90,
SKU-L-1,91,
SKU-L-1,92,
SKU-L-1,93,
SKU-L-1,94,
SKU-L-1,95,
SKU-L-1,96,
SKU-L-1,97,
SKU-L-1,98,
SKU-L-1,99,
SKU-L-1,100,
SKU-L-1,101,
SKU-L-1,102,
SKU-L-1,103,
SKU-L-1,104,
SKU-L-1,105,
SKU-L-1,106,
SKU-L-1,107,
SKU-L-1,108,
SKU-L-1,109,
SKU-L-1,110,
SKU-L-1,111,
SKU-L-1,112,
SKU-L-1,113,
SKU-L-1,114,
SKU-L-1,115,
SKU-L-1,116,
SKU-L-1,117,
SKU-L-1,118,
SKU-L-1,119,
SKU-L-1,120,
SKU-L-1,121,
SKU-L-1,122,
SKU-L-1,123,
SKU-L-1,124,
SKU-L-1,125,
SKU-L-1,126,
SKU-L-1,127,
SKU-L-1,128,
SKU-L-1,129,
SKU-L-1,130,
SKU-L-1,131,
SKU-L-1,132,
SKU-L-1,133,
SKU-L-1,134,
SKU-L-1,135,
SKU-L-1,136,
SKU-L-1,137,
SKU-L-1,138,
SKU-L-1,139,
SKU-L-1,140,
SKU-L-1,141,
SKU-L-1,142,
SKU-L-1,143,
SKU-L-1,144,
SKU-L-1,145,
SKU-L-1,146,
SKU-L-1,147,
SKU-L-1,148,
SKU-L-1,149,
SKU-L-1,150,
SKU-L-1,151,
SKU-L-1,152,
SKU-L-1,153,
SKU-L-1,154,
SKU-L-1,155,
SKU-L-1,156,
SKU-L-1,157,
SKU-L-1,158,
SKU-L-1,159,
SKU-L-1,160,
SKU-L-1,161,
SKU-L-1,162,
SKU-L-1,163,
SKU-L-1,164,
SKU-L-1,165,
SKU-L-1,166,
SKU-L-1,167,
SKU-L-1,168,
SKU-L-1,169,
SKU-L-1,170,
SKU-L-1,171,
SKU-L-1,172,
SKU-L-1,173,
SKU-L-1,174,
SKU-L-1,175,
SKU-L-1,176,
SKU-L-1,177,
SKU-L-1,178,
SKU-L-1,179,
SKU-L-1,180,
SKU-L-1,181,
SKU-L-1,182,
SKU-L-1,183,
SKU-L-1,184,
SKU-L-1,185,
SKU-L-1,186,
SKU-L-1,187,
SKU-L-2,1,66880.0
SKU-L-2,2,64968.0
SKU-L-2,3,117357.0
SKU-L-2,4,94746.0
SKU-L-2,5,157324.0
SKU-L-2,6,130892.0
SKU-L-2,7,88375.0
SKU-L-2,8,168950.0
SKU-L-2,9,123248.0
SKU-L-2,10,99522.0
SKU-L-2,11,80574.0
SKU-L-2,12,106847.0
SKU-L-2,13,149362.0
SKU-L-2,14,159713.0
SKU-L-2,15,87262.0
SKU-L-2,16,81273.0
SKU-L-2,17,58281.0
SKU-L-2,18,112515.0
SKU-L-2,19,88757.0
SKU-L-2,20,79332.0
SKU-L-2,21,42993.0
SKU-L-2,22,52229.0
SKU-L-2,23,22834.0
SKU-L-2,24,24888.0
SKU-L-2,25,37898.0
SKU-L-2,26,64013.0
SKU-L-2,27,51752.0
SKU-L-2,28,69586.0
SKU-L-2,29,57962.0
SKU-L-2,30,29300.0
SKU-L-2,31,50796.0
SKU-L-2,32,116195.0
SKU-L-2,33,42468.0
SKU-L-2,34,88026.0
SKU-L-2,35,40765.0
SKU-L-2,36,105159.0
SKU-L-2,37,63438.0
SKU-L-2,38,60509.0
SKU-L-2,39,96736.0
SKU-L-2,40,65605.0
SKU-L-2,41,95382.0
SKU-L-2,42,54936.0
SKU-L-2,43,30733.0
SKU-L-2,44,44268.0
SKU-L-2,45,69268.0
SKU-L-2,46,39490.0
SKU-L-2,47,31051.0
SKU-L-2,48,51594.0
SKU-L-2,49,37739.0
SKU-L-2,50,65765.0
SKU-L-2,51,33758.0
SKU-L-2,52,42994.0
SKU-L-2,53,64650.0
SKU-L-2,54,24062.0
SKU-L-2,55,41577.0
SKU-L-2,56,17197.0
SKU-L-2,57,26910.0
SKU-L-2,58,84076.0
SKU-L-2,59,79824.0
SKU-L-2,60,37054.0
SKU-L-2,61,74378.0
SKU-L-2,62,34666.0
SKU-L-2,63,80892.0
SKU-L-2,64,38438.0
SKU-L-2,65,18088.0
SKU-L-2,66,89124.0
SKU-L-2,67,41560.0
SKU-L-2,68,23408.0
SKU-L-2,69,16290.0
SKU-L-2,70,66560.0
SKU-L-2,71,6290.0
SKU-L-2,72,77564.0
SKU-L-2,73,85700.0
SKU-L-2,74,49362.0
SKU-L-2,75,25796.0
SKU-L-2,76,32484.0
SKU-L-2,77,64856.0
SKU-L-2,78,19108.0
SKU-L-2,79,30016.0
SKU-L-2,80,8836.0
SKU-L-2,81,12262.0
SKU-L-2,82,18503.0
SKU-L-2,83,17388.0
SKU-L-2,84,30573.0
SKU-L-2,85,16719.0
SKU-L-2,86,7803.0
SKU-L-2,87,9396.0
SKU-L-2,88,64331.0
SKU-L-2,89,34315.0
SKU-L-2,90,21815.0
SKU-L-2,91,9554.0
SKU-L-2,92,9554.0
SKU-L-2,93,28630.0
SKU-L-2,94,14077.0
SKU-L-2,95,6768.0
SKU-L-2,96,17898.0
SKU-L-2,97,45477.0
SKU-L-2,98,90478.0
SKU-L-2,99,29619.0
SKU-L-2,100,21975.0
SKU-L-2,101,28662.0
SKU-L-2,102,43074.0
SKU-L-2,103,25000.0
SKU-L-2,104,6051.0
SKU-L-2,105,33837.0
SKU-L-2,106,38217.0
SKU-L-2,107,16560.0
SKU-L-2,108,1433.0
SKU-L-2,109,24682.0
SKU-L-2,110,33121.0
SKU-L-2,111,637.0
SKU-L-2,112,366.0
SKU-L-2,113,796.0
SKU-L-2,114,477.0
SKU-L-2,115,318.0
SKU-L-2,116,
SKU-L-2,117,
SKU-L-2,118,
SKU-L-2,119,
SKU-L-2,120,
SKU-L-2,121,
SKU-L-2,122,
SKU-L-2,123,
SKU-L-2,124,
SKU-L-2,125,
SKU-L-2,126,
SKU-L-2,127,
SKU-L-2,128,
SKU-L-2,129,
SKU-L-2,130,
SKU-L-2,131,
SKU-L-2,132,
SKU-L-2,133,
SKU-L-2,134,
SKU-L-2,135,
SKU-L-2,136,
SKU-L-2,137,
SKU-L-2,138,
SKU-L-2,139,
SKU-L-2,140,
SKU-L-2,141,
SKU-L-2,142,
SKU-L-2,143,
SKU-L-2,144,
SKU-L-2,145,
SKU-L-2,146,
SKU-L-2,147,
SKU-L-2,148,
SKU-L-2,149,
SKU-L-2,150,
SKU-L-2,151,
SKU-L-2,152,
SKU-L-2,153,
SKU-L-2,154,
SKU-L-2,155,
SKU-L-2,156,
SKU-L-2,157,
SKU-L-2,158,
SKU-L-2,159,
SKU-L-2,160,
SKU-L-2,161,
SKU-L-2,162,
SKU-L-2,163,
SKU-L-2,164,
SKU-L-2,165,
SKU-L-2,166,
SKU-L-2,167,
SKU-L-2,168,
SKU-L-2,169,
SKU-L-2,170,
SKU-L-2,171,
SKU-L-2,172,
SKU-L-2,173,
SKU-L-2,174,
SKU-L-2,175,
SKU-L-2,176,
SKU-L-2,177,
SKU-L-2,178,
SKU-L-2,179,
SKU-L-2,180,
SKU-L-2,181,
SKU-L-2,182,
SKU-L-2,183,
SKU-L-2,184,
SKU-L-2,185,
SKU-L-2,186,
SKU-L-2,187,
SKU-L-3,1,
SKU-L-3,2,
SKU-L-3,3,
SKU-L-3,4,
SKU-L-3,5,
SKU-L-3,6,
SKU-L-3,7,
SKU-L-3,8,
SKU-L-3,9,
SKU-L-3,10,
SKU-L-3,11,
SKU-L-3,12,
SKU-L-3,13,
SKU-L-3,14,
SKU-L-3,15,
SKU-L-3,16,
SKU-L-3,17,
SKU-L-3,18,
SKU-L-3,19,
SKU-L-3,20,
SKU-L-3,21,
SKU-L-3,22,637.0
SKU-L-3,23,796.0
SKU-L-3,24,860.0
SKU-L-3,25,636.0
SKU-L-3,26,11943.0
SKU-L-3,27,26274.0
SKU-L-3,28,1911.0
SKU-L-3,29,14172.0
SKU-L-3,30,15445.0
SKU-L-3,31,32325.0
SKU-L-3,32,25080.0
SKU-L-3,33,30732.0
SKU-L-3,34,10350.0
SKU-L-3,35,24044.0
SKU-L-3,36,31529.0
SKU-L-3,37,21498.0
SKU-L-3,38,64968.0
SKU-L-3,39,35509.0
SKU-L-3,40,28344.0
SKU-L-3,41,15606.0
SKU-L-3,42,20381.0
SKU-L-3,43,25796.0
SKU-L-3,44,43630.0
SKU-L-3,45,27866.0
SKU-L-3,46,21178.0
SKU-L-3,47,33120.0
SKU-L-3,48,54777.0
SKU-L-3,49,36942.0
SKU-L-3,50,50159.0
SKU-L-3,51,43631.0
SKU-L-3,52,47771.0
SKU-L-3,53,63695.0
SKU-L-3,54,51115.0
SKU-L-3,55,68790.0
SKU-L-3,56,69586.0
SKU-L-3,57,64809.0
SKU-L-3,58,57006.0
SKU-L-3,59,63695.0
SKU-L-3,60,67356.0
SKU-L-3,61,65891.0
SKU-L-3,62,98504.0
SKU-L-3,63,75159.0
SKU-L-3,64,81577.0
SKU-L-3,65,49331.0
SKU-L-3,66,63456.0
SKU-L-3,67,53614.0
SKU-L-3,68,33200.0
SKU-L-3,69,61783.0
SKU-L-3,70,65446.0
SKU-L-3,71,46959.0
SKU-L-3,72,87946.0
SKU-L-3,73,78519.0
SKU-L-3,74,34602.0
SKU-L-3,75,76480.0
SKU-L-3,76,70207.0
SKU-L-3,77,111640.0
SKU-L-3,78,87595.0
SKU-L-3,79,83120.0
SKU-L-3,80,69108.0
SKU-L-3,81,103232.0
SKU-L-3,82,81211.0
SKU-L-3,83,62723.0
SKU-L-3,84,43789.0
SKU-L-3,85,60668.0
SKU-L-3,86,35988.0
SKU-L-3,87,36465.0
SKU-L-3,88,43328.0
SKU-L-3,89,21338.0
SKU-L-3,90,26974.0
SKU-L-3,91,14809.0
SKU-L-3,92,14491.0
SKU-L-3,93,15127.0
SKU-L-3,94,13376.0
SKU-L-3,95,10350.0
SKU-L-3,96,16560.0
SKU-L-3,97,10987.0
SKU-L-3,98,18312.0
SKU-L-3,99,10382.0
SKU-L-3,100,19873.0
SKU-L-3,101,17675.0
SKU-L-3,102,24442.0
SKU-L-3,103,18790.0
SKU-L-3,104,30094.0
SKU-L-3,105,10986.0
SKU-L-3,106,2866.0
SKU-L-3,107,28599.0
SKU-L-3,108,4076.0
SKU-L-3,109,16401.0
SKU-L-3,110,8042.0
SKU-L-3,111,1847.0
SKU-L-3,112,12834.0
SKU-L-3,113,5653.0
SKU-L-3,114,11624.0
SKU-L-3,115,19076.0
SKU-L-3,116,15175.0
SKU-L-3,117,24427.0
SKU-L-3,118,13121.0
SKU-L-3,119,14171.0
SKU-L-3,120,11019.0
SKU-L-3,121,12404.0
SKU-L-3,122,3917.0
SKU-L-3,123,1768.0
SKU-L-3,124,4458.0
SKU-L-3,125,5828.0
SKU-L-3,126,8121.0
SKU-L-3,127,3965.0
SKU-L-3,128,12994.0
SKU-L-3,129,7564.0
SKU-L-3,130,11704.0
SKU-L-3,131,1067.0
SKU-L-3,132,12261.0
SKU-L-3,133,2262.0
SKU-L-3,134,4841.0
SKU-L-3,135,765.0
SKU-L-3,136,2866.0
SKU-L-3,137,1911.0
SKU-L-3,138,2707.0
SKU-L-3,139,2707.0
SKU-L-3,140,3503.0
SKU-L-3,141,1911.0
SKU-L-3,142,7166.0
SKU-L-3,143,16719.0
SKU-L-3,144,2389.0
SKU-L-3,145,23885.0
SKU-L-3,146,2866.0
SKU-L-3,147,16752.0
SKU-L-3,148,62102.0
SKU-L-3,149,4777.0
SKU-L-3,150,0.0
SKU-L-3,151,2389.0
SKU-L-3,152,16.0
SKU-L-3,153,9618.0
SKU-L-3,154,24746.0
SKU-L-3,155,2421.0
SKU-L-3,156,9554.0
SKU-L-3,157,0.0
SKU-L-3,158,4809.0
SKU-L-3,159,4841.0
SKU-L-3,160,11624.0
SKU-L-3,161,318.0
SKU-L-3,162,4777.0
SKU-L-3,163,2389.0
SKU-L-3,164,0.0
SKU-L-3,165,7166.0
SKU-L-3,166,4777.0
SKU-L-3,167,21497.0
SKU-L-3,168,4777.0
SKU-L-3,169,31051.0
SKU-L-3,170,7166.0
SKU-L-3,171,7787.0
SKU-L-3,172,478.0
SKU-L-3,173,9872.0
SKU-L-3,174,15939.0
SKU-L-3,175,1274.0
SKU-L-3,176,955.0
SKU-L-3,177,159.0
SKU-L-3,178,0.0
SKU-L-3,179,2867.0
SKU-L-3,180,0.0
SKU-L-3,181,0.0
SKU-L-3,182,0.0
SKU-L-3,183,7166.0
SKU-L-3,184,0.0
SKU-L-3,185,2389.0
SKU-L-3,186,0.0
SKU-L-3,187,7166.0
SKU-L-4,1,
SKU-L-4,2,
SKU-L-4,3,
SKU-L-4,4,
SKU-L-4,5,
SKU-L-4,6,
SKU-L-4,7,
SKU-L-4,8,
SKU-L-4,9,
SKU-L-4,10,
SKU-L-4,11,
SKU-L-4,12,
SKU-L-4,13,
SKU-L-4,14,
SKU-L-4,15,
SKU-L-4,16,
SKU-L-4,17,
SKU-L-4,18,
SKU-L-4,19,
SKU-L-4,20,
SKU-L-4,21,
SKU-L-4,22,
SKU-L-4,23,
SKU-L-4,24,
SKU-L-4,25,
SKU-L-4,26,
SKU-L-4,27,
SKU-L-4,28,
SKU-L-4,29,
SKU-L-4,30,
SKU-L-4,31,
SKU-L-4,32,
SKU-L-4,33,
SKU-L-4,34,
SKU-L-4,35,
SKU-L-4,36,
SKU-L-4,37,
SKU-L-4,38,
SKU-L-4,39,
SKU-L-4,40,
SKU-L-4,41,
SKU-L-4,42,
SKU-L-4,43,
SKU-L-4,44,
SKU-L-4,45,
SKU-L-4,46,
SKU-L-4,47,
SKU-L-4,48,
SKU-L-4,49,
SKU-L-4,50,
SKU-L-4,51,
SKU-L-4,52,
SKU-L-4,53,
SKU-L-4,54,
SKU-L-4,55,
SKU-L-4,56,
SKU-L-4,57,
SKU-L-4,58,
SKU-L-4,59,
SKU-L-4,60,
SKU-L-4,61,
SKU-L-4,62,
SKU-L-4,63,
SKU-L-4,64,
SKU-L-4,65,
SKU-L-4,66,
SKU-L-4,67,
SKU-L-4,68,
SKU-L-4,69,
SKU-L-4,70,
SKU-L-4,71,
SKU-L-4,72,
SKU-L-4,73,
SKU-L-4,74,
SKU-L-4,75,1035.0
SKU-L-4,76,0.0
SKU-L-4,77,159.0
SKU-L-4,78,270.0
SKU-L-4,79,2436.0
SKU-L-4,80,3822.0
SKU-L-4,81,7165.0
SKU-L-4,82,8917.0
SKU-L-4,83,22451.0
SKU-L-4,84,17197.0
SKU-L-4,85,14172.0
SKU-L-4,86,47835.0
SKU-L-4,87,14490.0
SKU-L-4,88,13853.0
SKU-L-4,89,11147.0
SKU-L-4,90,16561.0
SKU-L-4,91,14251.0
SKU-L-4,92,12706.0
SKU-L-4,93,3662.0
SKU-L-4,94,18949.0
SKU-L-4,95,15223.0
SKU-L-4,96,26146.0
SKU-L-4,97,23950.0
SKU-L-4,98,15287.0
SKU-L-4,99,22038.0
SKU-L-4,100,42993.0
SKU-L-4,101,54538.0
SKU-L-4,102,36895.0
SKU-L-4,103,71178.0
SKU-L-4,104,138503.0
SKU-L-4,105,72198.0
SKU-L-4,106,37260.0
SKU-L-4,107,63757.0
SKU-L-4,108,106878.0
SKU-L-4,109,64331.0
SKU-L-4,110,76433.0
SKU-L-4,111,55446.0
SKU-L-4,112,87007.0
SKU-L-4,113,50414.0
SKU-L-4,114,60780.0
SKU-L-4,115,74601.0
SKU-L-4,116,78599.0
SKU-L-4,117,78503.0
SKU-L-4,118,98217.0
SKU-L-4,119,141926.0
SKU-L-4,120,97468.0
SKU-L-4,121,132198.0
SKU-L-4,122,103821.0
SKU-L-4,123,103026.0
SKU-L-4,124,110621.0
SKU-L-4,125,78009.0
SKU-L-4,126,83184.0
SKU-L-4,127,95939.0
SKU-L-4,128,70126.0
SKU-L-4,129,71210.0
SKU-L-4,130,175940.0
SKU-L-4,131,71973.0
SKU-L-4,132,75813.0
SKU-L-4,133,117310.0
SKU-L-4,134,67308.0
SKU-L-4,135,125398.0
SKU-L-4,136,103536.0
SKU-L-4,137,111400.0
SKU-L-4,138,103487.0
SKU-L-4,139,111561.0
SKU-L-4,140,170032.0
SKU-L-4,141,129555.0
SKU-L-4,142,217738.0
SKU-L-4,143,47389.0
SKU-L-4,144,48408.0
SKU-L-4,145,40876.0
SKU-L-4,146,62755.0
SKU-L-4,147,76831.0
SKU-L-4,148,97899.0
SKU-L-4,149,80398.0
SKU-L-4,150,86464.0
SKU-L-4,151,126402.0
SKU-L-4,152,92835.0
SKU-L-4,153,92676.0
SKU-L-4,154,100716.0
SKU-L-4,155,88694.0
SKU-L-4,156,52277.0
SKU-L-4,157,101225.0
SKU-L-4,158,62835.0
SKU-L-4,159,90351.0
SKU-L-4,160,101401.0
SKU-L-4,161,80429.0
SKU-L-4,162,71672.0
SKU-L-4,163,66480.0
SKU-L-4,164,91560.0
SKU-L-4,165,91481.0
SKU-L-4,166,72914.0
SKU-L-4,167,93965.0
SKU-L-4,168,85988.0
SKU-L-4,169,81131.0
SKU-L-4,170,96433.0
SKU-L-4,171,78359.0
SKU-L-4,172,75319.0
SKU-L-4,173,26910.0
SKU-L-4,174,54140.0
SKU-L-4,175,123009.0
SKU-L-4,176,67085.0
SKU-L-4,177,46592.0
SKU-L-4,178,38694.0
SKU-L-4,179,62850.0
SKU-L-4,180,67866.0
SKU-L-4,181,56386.0
SKU-L-4,182,27150.0
SKU-L-4,183,39682.0
SKU-L-4,184,38631.0
SKU-L-4,185,32500.0
SKU-L-4,186,39124.0
SKU-L-4,187,22930.0
SKU-L-5,1,
SKU-L-5,2,
SKU-L-5,3,
SKU-L-5,4,
SKU-L-5,5,
SKU-L-5,6,
SKU-L-5,7,
SKU-L-5,8,
SKU-L-5,9,
SKU-L-5,10,
SKU-L-5,11,
SKU-L-5,12,
SKU-L-5,13,
SKU-L-5,14,
SKU-L-5,15,
SKU-L-5,16,
SKU-L-5,17,
SKU-L-5,18,
SKU-L-5,19,
SKU-L-5,20,
SKU-L-5,21,
SKU-L-5,22,
SKU-L-5,23,
SKU-L-5,24,
SKU-L-5,25,
SKU-L-5,26,
SKU-L-5,27,
SKU-L-5,28,
SKU-L-5,29,
SKU-L-5,30,
SKU-L-5,31,
SKU-L-5,32,
SKU-L-5,33,
SKU-L-5,34,
SKU-L-5,35,
SKU-L-5,36,
SKU-L-5,37,
SKU-L-5,38,
SKU-L-5,39,
SKU-L-5,40,
SKU-L-5,41,
SKU-L-5,42,
SKU-L-5,43,
SKU-L-5,44,
SKU-L-5,45,
SKU-L-5,46,
SKU-L-5,47,
SKU-L-5,48,
SKU-L-5,49,
SKU-L-5,50,
SKU-L-5,51,
SKU-L-5,52,
SKU-L-5,53,
SKU-L-5,54,
SKU-L-5,55,
SKU-L-5,56,
SKU-L-5,57,
SKU-L-5,58,
SKU-L-5,59,
SKU-L-5,60,
SKU-L-5,61,
SKU-L-5,62,
SKU-L-5,63,
SKU-L-5,64,
SKU-L-5,65,
SKU-L-5,66,
SKU-L-5,67,
SKU-L-5,68,
SKU-L-5,69,
SKU-L-5,70,
SKU-L-5,71,
SKU-L-5,72,
SKU-L-5,73,
SKU-L-5,74,
SKU-L-5,75,
SKU-L-5,76,
SKU-L-5,77,
SKU-L-5,78,
SKU-L-5,79,
SKU-L-5,80,
SKU-L-5,81,
SKU-L-5,82,
SKU-L-5,83,
SKU-L-5,84,
SKU-L-5,85,
SKU-L-5,86,
SKU-L-5,87,
SKU-L-5,88,
SKU-L-5,89,
SKU-L-5,90,
SKU-L-5,91,
SKU-L-5,92,
SKU-L-5,93,
SKU-L-5,94,
SKU-L-5,95,
SKU-L-5,96,
SKU-L-5,97,
SKU-L-5,98,
SKU-L-5,99,
SKU-L-5,100,
SKU-L-5,101,
SKU-L-5,102,
SKU-L-5,103,
SKU-L-5,104,
SKU-L-5,105,
SKU-L-5,106,
SKU-L-5,107,
SKU-L-5,108,
SKU-L-5,109,
SKU-L-5,110,
SKU-L-5,111,
SKU-L-5,112,
SKU-L-5,113,
SKU-L-5,114,
SKU-L-5,115,
SKU-L-5,116,
SKU-L-5,117,
SKU-L-5,118,
SKU-L-5,119,
SKU-L-5,120,
SKU-L-5,121,
SKU-L-5,122,
SKU-L-5,123,
SKU-L-5,124,
SKU-L-5,125,
SKU-L-5,126,
SKU-L-5,127,
SKU-L-5,128,
SKU-L-5,129,
SKU-L-5,130,
SKU-L-5,131,
SKU-L-5,132,
SKU-L-5,133,
SKU-L-5,134,
SKU-L-5,135,
SKU-L-5,136,
SKU-L-5,137,
SKU-L-5,138,
SKU-L-5,139,
SKU-L-5,140,
SKU-L-5,141,
SKU-L-5,142,
SKU-L-5,143,
SKU-L-5,144,
SKU-L-5,145,
SKU-L-5,146,
SKU-L-5,147,
SKU-L-5,148,
SKU-L-5,149,
SKU-L-5,150,
SKU-L-5,151,
SKU-L-5,152,
SKU-L-5,153,
SKU-L-5,154,
SKU-L-5,155,
SKU-L-5,156,
SKU-L-5,157,
SKU-L-5,158,
SKU-L-5,159,
SKU-L-5,160,
SKU-L-5,161,
SKU-L-5,162,
SKU-L-5,163,
SKU-L-5,164,
SKU-L-5,165,
SKU-L-5,166,9554.0
SKU-L-5,167,11306.0
SKU-L-5,168,10477.0
SKU-L-5,169,13455.0
SKU-L-5,170,19235.0
SKU-L-5,171,8440.0
SKU-L-5,172,8328.0
SKU-L-5,173,9029.0
SKU-L-5,174,13233.0
SKU-L-5,175,16401.0
SKU-L-5,176,22388.0
SKU-L-5,177,8821.0
SKU-L-5,178,24268.0
SKU-L-5,179,41321.0
SKU-L-5,180,57707.0
SKU-L-5,181,12628.0
SKU-L-5,182,17803.0
SKU-L-5,183,14649.0
SKU-L-5,184,22484.0
SKU-L-5,185,32197.0
SKU-L-5,186,17898.0
SKU-L-5,187,35128.0
SKU-M-1,1,2293.0
SKU-M-1,2,3264.0
SKU-M-1,3,1449.0
SKU-M-1,4,3025.0
SKU-M-1,5,12420.0
SKU-M-1,6,8121.0
SKU-M-1,7,1274.0
SKU-M-1,8,0.0
SKU-M-1,9,271.0
SKU-M-1,10,5494.0
SKU-M-1,11,1815.0
SKU-M-1,12,159.0
SKU-M-1,13,0.0
SKU-M-1,14,3344.0
SKU-M-1,15,191.0
SKU-M-1,16,3981.0
SKU-M-1,17,2548.0
SKU-M-1,18,1672.0
SKU-M-1,19,1273.0
SKU-M-1,20,3503.0
SKU-M-1,21,2866.0
SKU-M-1,22,3981.0
SKU-M-1,23,318.0
SKU-M-1,24,3184.0
SKU-M-1,25,1592.0
SKU-M-1,26,525.0
SKU-M-1,27,3822.0
SKU-M-1,28,318.0
SKU-M-1,29,0.0
SKU-M-1,30,1560.0
SKU-M-1,31,0.0
SKU-M-1,32,3265.0
SKU-M-1,33,318.0
SKU-M-1,34,478.0
SKU-M-1,35,48.0
SKU-M-1,36,478.0
SKU-M-1,37,
SKU-M-1,38,
SKU-M-1,39,
SKU-M-1,40,
SKU-M-1,41,
SKU-M-1,42,
SKU-M-1,43,
SKU-M-1,44,
SKU-M-1,45,
SKU-M-1,46,
SKU-M-1,47,
SKU-M-1,48,
SKU-M-1,49,
SKU-M-1,50,
SKU-M-1,51,
SKU-M-1,52,
SKU-M-1,53,
SKU-M-1,54,
SKU-M-1,55,
SKU-M-1,56,
SKU-M-1,57,
SKU-M-1,58,
SKU-M-1,59,
SKU-M-1,60,
SKU-M-1,61,
SKU-M-1,62,
SKU-M-1,63,
SKU-M-1,64,
SKU-M-1,65,
SKU-M-1,66,
SKU-M-1,67,
SKU-M-1,68,
SKU-M-1,69,
SKU-M-1,70,
SKU-M-1,71,
SKU-M-1,72,
SKU-M-1,73,
SKU-M-1,74,
SKU-M-1,75,
SKU-M-1,76,
SKU-M-1,77,
SKU-M-1,78,
SKU-M-1,79,
SKU-M-1,80,
SKU-M-1,81,
SKU-M-1,82,
SKU-M-1,83,
SKU-M-1,84,
SKU-M-1,85,
SKU-M-1,86,
SKU-M-1,87,
SKU-M-1,88,
SKU-M-1,89,
SKU-M-1,90,
SKU-M-1,91,
SKU-M-1,92,
SKU-M-1,93,
SKU-M-1,94,
SKU-M-1,95,
SKU-M-1,96,
SKU-M-1,97,
SKU-M-1,98,
SKU-M-1,99,
SKU-M-1,100,
SKU-M-1,101,
SKU-M-1,102,
SKU-M-1,103,
SKU-M-1,104,
SKU-M-1,105,
SKU-M-1,106,
SKU-M-1,107,
SKU-M-1,108,
SKU-M-1,109,
SKU-M-1,110,
SKU-M-1,111,
SKU-M-1,112,
SKU-M-1,113,
SKU-M-1,114,
SKU-M-1,115,
SKU-M-1,116,
SKU-M-1,117,
SKU-M-1,118,
SKU-M-1,119,
SKU-M-1,120,
SKU-M-1,121,
SKU-M-1,122,
SKU-M-1,123,
SKU-M-1,124,
SKU-M-1,125,
SKU-M-1,126,
SKU-M-1,127,
SKU-M-1,128,
SKU-M-1,129,
SKU-M-1,130,
SKU-M-1,131,
SKU-M-1,132,
SKU-M-1,133,
SKU-M-1,134,
SKU-M-1,135,
SKU-M-1,136,
SKU-M-1,137,
SKU-M-1,138,
SKU-M-1,139,
SKU-M-1,140,
SKU-M-1,141,
SKU-M-1,142,
SKU-M-1,143,
SKU-M-1,144,
SKU-M-1,145,
SKU-M-1,146,
SKU-M-1,147,
SKU-M-1,148,
SKU-M-1,149,
SKU-M-1,150,
SKU-M-1,151,
SKU-M-1,152,
SKU-M-1,153,
SKU-M-1,154,
SKU-M-1,155,
SKU-M-1,156,
SKU-M-1,157,
SKU-M-1,158,
SKU-M-1,159,
SKU-M-1,160,
SKU-M-1,161,
SKU-M-1,162,
SKU-M-1,163,
SKU-M-1,164,
SKU-M-1,165,
SKU-M-1,166,
SKU-M-1,167,
SKU-M-1,168,
SKU-M-1,169,
SKU-M-1,170,
SKU-M-1,171,
SKU-M-1,172,
SKU-M-1,173,
SKU-M-1,174,
SKU-M-1,175,
SKU-M-1,176,
SKU-M-1,177,
SKU-M-1,178,
SKU-M-1,179,
SKU-M-1,180,
SKU-M-1,181,
SKU-M-1,182,
SKU-M-1,183,
SKU-M-1,184,
SKU-M-1,185,
SKU-M-1,186,
SKU-M-1,187,
SKU-M-2,1,42993.0
SKU-M-2,2,59553.0
SKU-M-2,3,59395.0
SKU-M-2,4,35827.0
SKU-M-2,5,80572.0
SKU-M-2,6,43630.0
SKU-M-2,7,36624.0
SKU-M-2,8,59714.0
SKU-M-2,9,58598.0
SKU-M-2,10,47771.0
SKU-M-2,11,51752.0
SKU-M-2,12,55574.0
SKU-M-2,13,48088.0
SKU-M-2,14,51911.0
SKU-M-2,15,40924.0
SKU-M-2,16,37931.0
SKU-M-2,17,30415.0
SKU-M-2,18,91242.0
SKU-M-2,19,29299.0
SKU-M-2,20,48296.0
SKU-M-2,21,24204.0
SKU-M-2,22,22038.0
SKU-M-2,23,16879.0
SKU-M-2,24,21178.0
SKU-M-2,25,32007.0
SKU-M-2,26,43152.0
SKU-M-2,27,34714.0
SKU-M-2,28,41402.0
SKU-M-2,29,37101.0
SKU-M-2,30,44268.0
SKU-M-2,31,42197.0
SKU-M-2,32,43790.0
SKU-M-2,33,27867.0
SKU-M-2,34,28503.0
SKU-M-2,35,41083.0
SKU-M-2,36,27706.0
SKU-M-2,37,38217.0
SKU-M-2,38,46975.0
SKU-M-2,39,27547.0
SKU-M-2,40,17993.0
SKU-M-2,41,10350.0
SKU-M-2,42,13854.0
SKU-M-2,43,15447.0
SKU-M-2,44,19745.0
SKU-M-2,45,15764.0
SKU-M-2,46,21816.0
SKU-M-2,47,8758.0
SKU-M-2,48,14172.0
SKU-M-2,49,10828.0
SKU-M-2,50,15924.0
SKU-M-2,51,14968.0
SKU-M-2,52,13694.0
SKU-M-2,53,17197.0
SKU-M-2,54,11305.0
SKU-M-2,55,15526.0
SKU-M-2,56,14331.0
SKU-M-2,57,17516.0
SKU-M-2,58,9840.0
SKU-M-2,59,5254.0
SKU-M-2,60,15127.0
SKU-M-2,61,4618.0
SKU-M-2,62,10987.0
SKU-M-2,63,7930.0
SKU-M-2,64,8583.0
SKU-M-2,65,8790.0
SKU-M-2,66,5859.0
SKU-M-2,67,11943.0
SKU-M-2,68,8630.0
SKU-M-2,69,10827.0
SKU-M-2,70,10509.0
SKU-M-2,71,5255.0
SKU-M-2,72,5747.0
SKU-M-2,73,14378.0
SKU-M-2,74,4490.0
SKU-M-2,75,6560.0
SKU-M-2,76,3408.0
SKU-M-2,77,9905.0
SKU-M-2,78,15175.0
SKU-M-2,79,4936.0
SKU-M-2,80,9713.0
SKU-M-2,81,8488.0
SKU-M-2,82,8042.0
SKU-M-2,83,6194.0
SKU-M-2,84,3168.0
SKU-M-2,85,4935.0
SKU-M-2,86,6370.0
SKU-M-2,87,6131.0
SKU-M-2,88,5094.0
SKU-M-2,89,3105.0
SKU-M-2,90,17198.0
SKU-M-2,91,3503.0
SKU-M-2,92,5096.0
SKU-M-2,93,1863.0
SKU-M-2,94,3614.0
SKU-M-2,95,3121.0
SKU-M-2,96,2054.0
SKU-M-2,97,2229.0
SKU-M-2,98,3870.0
SKU-M-2,99,4172.0
SKU-M-2,100,1752.0
SKU-M-2,101,6178.0
SKU-M-2,102,3025.0
SKU-M-2,103,4808.0
SKU-M-2,104,2213.0
SKU-M-2,105,1242.0
SKU-M-2,106,1003.0
SKU-M-2,107,3662.0
SKU-M-2,108,2070.0
SKU-M-2,109,796.0
SKU-M-2,110,1783.0
SKU-M-2,111,478.0
SKU-M-2,112,2548.0
SKU-M-2,113,796.0
SKU-M-2,114,637.0
SKU-M-2,115,0.0
SKU-M-2,116,159.0
SKU-M-2,117,
SKU-M-2,118,
SKU-M-2,119,
SKU-M-2,120,
SKU-M-2,121,
SKU-M-2,122,
SKU-M-2,123,
SKU-M-2,124,
SKU-M-2,125,
SKU-M-2,126,
SKU-M-2,127,
SKU-M-2,128,
SKU-M-2,129,
SKU-M-2,130,
SKU-M-2,131,
SKU-M-2,132,
SKU-M-2,133,
SKU-M-2,134,
SKU-M-2,135,
SKU-M-2,136,
SKU-M-2,137,
SKU-M-2,138,
SKU-M-2,139,
SKU-M-2,140,
SKU-M-2,141,
SKU-M-2,142,
SKU-M-2,143,
SKU-M-2,144,
SKU-M-2,145,
SKU-M-2,146,
SKU-M-2,147,
SKU-M-2,148,
SKU-M-2,149,
SKU-M-2,150,
SKU-M-2,151,
SKU-M-2,152,
SKU-M-2,153,
SKU-M-2,154,
SKU-M-2,155,
SKU-M-2,156,
SKU-M-2,157,
SKU-M-2,158,
SKU-M-2,159,
SKU-M-2,160,
SKU-M-2,161,
SKU-M-2,162,
SKU-M-2,163,
SKU-M-2,164,
SKU-M-2,165,
SKU-M-2,166,
SKU-M-2,167,
SKU-M-2,168,
SKU-M-2,169,
SKU-M-2,170,
SKU-M-2,171,
SKU-M-2,172,
SKU-M-2,173,
SKU-M-2,174,
SKU-M-2,175,
SKU-M-2,176,
SKU-M-2,177,
SKU-M-2,178,
SKU-M-2,179,
SKU-M-2,180,
SKU-M-2,181,
SKU-M-2,182,
SKU-M-2,183,
SKU-M-2,184,
SKU-M-2,185,
SKU-M-2,186,
SKU-M-2,187,
SKU-N-2,1,37611.0
SKU-N-2,2,28502.0
SKU-N-2,3,17038.0
SKU-N-2,4,22611.0
SKU-N-2,5,36705.0
SKU-N-2,6,37579.0
SKU-N-2,7,17993.0
SKU-N-2,8,20365.0
SKU-N-2,9,31385.0
SKU-N-2,10,35828.0
SKU-N-2,11,32643.0
SKU-N-2,12,30891.0
SKU-N-2,13,36943.0
SKU-N-2,14,27150.0
SKU-N-2,15,33455.0
SKU-N-2,16,23566.0
SKU-N-2,17,22293.0
SKU-N-2,18,52484.0
SKU-N-2,19,28392.0
SKU-N-2,20,20828.0
SKU-N-2,21,6719.0
SKU-N-2,22,13773.0
SKU-N-2,23,10621.0
SKU-N-2,24,9936.0
SKU-N-2,25,13009.0
SKU-N-2,26,25637.0
SKU-N-2,27,6370.0
SKU-N-2,28,13694.0
SKU-N-2,29,20796.0
SKU-N-2,30,28981.0
SKU-N-2,31,33805.0
SKU-N-2,32,40922.0
SKU-N-2,33,13376.0
SKU-N-2,34,24999.0
SKU-N-2,35,13854.0
SKU-N-2,36,21018.0
SKU-N-2,37,47452.0
SKU-N-2,38,26433.0
SKU-N-2,39,14492.0
SKU-N-2,40,5414.0
SKU-N-2,41,8599.0
SKU-N-2,42,10669.0
SKU-N-2,43,23168.0
SKU-N-2,44,12660.0
SKU-N-2,45,8759.0
SKU-N-2,46,12739.0
SKU-N-2,47,7165.0
SKU-N-2,48,10828.0
SKU-N-2,49,8758.0
SKU-N-2,50,7165.0
SKU-N-2,51,12261.0
SKU-N-2,52,4776.0
SKU-N-2,53,13456.0
SKU-N-2,54,9395.0
SKU-N-2,55,6782.0
SKU-N-2,56,4936.0
SKU-N-2,57,4379.0
SKU-N-2,58,10988.0
SKU-N-2,59,9076.0
SKU-N-2,60,6847.0
SKU-N-2,61,4969.0
SKU-N-2,62,7643.0
SKU-N-2,63,6545.0
SKU-N-2,64,4745.0
SKU-N-2,65,5080.0
SKU-N-2,66,6528.0
SKU-N-2,67,3519.0
SKU-N-2,68,4618.0
SKU-N-2,69,3838.0
SKU-N-2,70,5573.0
SKU-N-2,71,7468.0
SKU-N-2,72,7563.0
SKU-N-2,73,5382.0
SKU-N-2,74,7388.0
SKU-N-2,75,7324.0
SKU-N-2,76,2691.0
SKU-N-2,77,4713.0
SKU-N-2,78,8169.0
SKU-N-2,79,8647.0
SKU-N-2,80,2516.0
SKU-N-2,81,5048.0
SKU-N-2,82,5908.0
SKU-N-2,83,3996.0
SKU-N-2,84,6592.0
SKU-N-2,85,1560.0
SKU-N-2,86,6352.0
SKU-N-2,87,7484.0
SKU-N-2,88,3504.0
SKU-N-2,89,1895.0
SKU-N-2,90,5254.0
SKU-N-2,91,3025.0
SKU-N-2,92,796.0
SKU-N-2,93,4140.0
SKU-N-2,94,1592.0
SKU-N-2,95,2867.0
SKU-N-2,96,2834.0
SKU-N-2,97,3980.0
SKU-N-2,98,2563.0
SKU-N-2,99,1353.0
SKU-N-2,100,1290.0
SKU-N-2,101,477.0
SKU-N-2,102,1512.0
SKU-N-2,103,796.0
SKU-N-2,104,1194.0
SKU-N-2,105,875.0
SKU-N-2,106,159.0
SKU-N-2,107,111.0
SKU-N-2,108,2882.0
SKU-N-2,109,318.0
SKU-N-2,110,159.0
SKU-N-2,111,955.0
SKU-N-2,112,0.0
SKU-N-2,113,1656.0
SKU-N-2,114,
SKU-N-2,115,
SKU-N-2,116,
SKU-N-2,117,
SKU-N-2,118,
SKU-N-2,119,
SKU-N-2,120,
SKU-N-2,121,
SKU-N-2,122,
SKU-N-2,123,
SKU-N-2,124,
SKU-N-2,125,
SKU-N-2,126,
SKU-N-2,127,
SKU-N-2,128,
SKU-N-2,129,
SKU-N-2,130,
SKU-N-2,131,
SKU-N-2,132,
SKU-N-2,133,
SKU-N-2,134,
SKU-N-2,135,
SKU-N-2,136,
SKU-N-2,137,
SKU-N-2,138,
SKU-N-2,139,
SKU-N-2,140,
SKU-N-2,141,
SKU-N-2,142,
SKU-N-2,143,
SKU-N-2,144,
SKU-N-2,145,
SKU-N-2,146,
SKU-N-2,147,
SKU-N-2,148,
SKU-N-2,149,
SKU-N-2,150,
SKU-N-2,151,
SKU-N-2,152,
SKU-N-2,153,
SKU-N-2,154,
SKU-N-2,155,
SKU-N-2,156,
SKU-N-2,157,
SKU-N-2,158,
SKU-N-2,159,
SKU-N-2,160,
SKU-N-2,161,
SKU-N-2,162,
SKU-N-2,163,
SKU-N-2,164,
SKU-N-2,165,
SKU-N-2,166,
SKU-N-2,167,
SKU-N-2,168,
SKU-N-2,169,
SKU-N-2,170,
SKU-N-2,171,
SKU-N-2,172,
SKU-N-2,173,
SKU-N-2,174,
SKU-N-2,175,
SKU-N-2,176,
SKU-N-2,177,
SKU-N-2,178,
SKU-N-2,179,
SKU-N-2,180,
SKU-N-2,181,
SKU-N-2,182,
SKU-N-2,183,
SKU-N-2,184,
SKU-N-2,185,
SKU-N-2,186,
SKU-N-2,187,
SKU-N-3,1,
SKU-N-3,2,
SKU-N-3,3,
SKU-N-3,4,
SKU-N-3,5,
SKU-N-3,6,
SKU-N-3,7,
SKU-N-3,8,
SKU-N-3,9,
SKU-N-3,10,
SKU-N-3,11,
SKU-N-3,12,
SKU-N-3,13,
SKU-N-3,14,
SKU-N-3,15,
SKU-N-3,16,
SKU-N-3,17,
SKU-N-3,18,
SKU-N-3,19,
SKU-N-3,20,
SKU-N-3,21,
SKU-N-3,22,318.0
SKU-N-3,23,0.0
SKU-N-3,24,2309.0
SKU-N-3,25,0.0
SKU-N-3,26,6131.0
SKU-N-3,27,2070.0
SKU-N-3,28,3343.0
SKU-N-3,29,4299.0
SKU-N-3,30,8917.0
SKU-N-3,31,17356.0
SKU-N-3,32,9714.0
SKU-N-3,33,15286.0
SKU-N-3,34,18598.0
SKU-N-3,35,28025.0
SKU-N-3,36,17197.0
SKU-N-3,37,13694.0
SKU-N-3,38,25446.0
SKU-N-3,39,44824.0
SKU-N-3,40,10096.0
SKU-N-3,41,7803.0
SKU-N-3,42,12818.0
SKU-N-3,43,12420.0
SKU-N-3,44,26894.0
SKU-N-3,45,39809.0
SKU-N-3,46,17197.0
SKU-N-3,47,22770.0
SKU-N-3,48,23567.0
SKU-N-3,49,24045.0
SKU-N-3,50,34076.0
SKU-N-3,51,18948.0
SKU-N-3,52,33281.0
SKU-N-3,53,43312.0
SKU-N-3,54,34873.0
SKU-N-3,55,38695.0
SKU-N-3,56,23886.0
SKU-N-3,57,41401.0
SKU-N-3,58,34235.0
SKU-N-3,59,54061.0
SKU-N-3,60,26751.0
SKU-N-3,61,32771.0
SKU-N-3,62,50797.0
SKU-N-3,63,35861.0
SKU-N-3,64,22819.0
SKU-N-3,65,44586.0
SKU-N-3,66,36146.0
SKU-N-3,67,22929.0
SKU-N-3,68,32802.0
SKU-N-3,69,22707.0
SKU-N-3,70,46098.0
SKU-N-3,71,29889.0
SKU-N-3,72,22547.0
SKU-N-3,73,33185.0
SKU-N-3,74,29299.0
SKU-N-3,75,24044.0
SKU-N-3,76,21179.0
SKU-N-3,77,33678.0
SKU-N-3,78,60286.0
SKU-N-3,79,36466.0
SKU-N-3,80,21657.0
SKU-N-3,81,36306.0
SKU-N-3,82,30255.0
SKU-N-3,83,39362.0
SKU-N-3,84,17117.0
SKU-N-3,85,34475.0
SKU-N-3,86,25796.0
SKU-N-3,87,20383.0
SKU-N-3,88,18153.0
SKU-N-3,89,25828.0
SKU-N-3,90,39315.0
SKU-N-3,91,20939.0
SKU-N-3,92,14809.0
SKU-N-3,93,14426.0
SKU-N-3,94,12962.0
SKU-N-3,95,6067.0
SKU-N-3,96,8789.0
SKU-N-3,97,16290.0
SKU-N-3,98,16990.0
SKU-N-3,99,12740.0
SKU-N-3,100,14237.0
SKU-N-3,101,5796.0
SKU-N-3,102,5335.0
SKU-N-3,103,8758.0
SKU-N-3,104,10971.0
SKU-N-3,105,14809.0
SKU-N-3,106,16019.0
SKU-N-3,107,10541.0
SKU-N-3,108,3726.0
SKU-N-3,109,24076.0
SKU-N-3,110,9379.0
SKU-N-3,111,6656.0
SKU-N-3,112,3042.0
SKU-N-3,113,2883.0
SKU-N-3,114,7086.0
SKU-N-3,115,4299.0
SKU-N-3,116,4156.0
SKU-N-3,117,12213.0
SKU-N-3,118,2388.0
SKU-N-3,119,8391.0
SKU-N-3,120,6131.0
SKU-N-3,121,4490.0
SKU-N-3,122,4857.0
SKU-N-3,123,6528.0
SKU-N-3,124,6369.0
SKU-N-3,125,2468.0
SKU-N-3,126,4649.0
SKU-N-3,127,4459.0
SKU-N-3,128,4108.0
SKU-N-3,129,8121.0
SKU-N-3,130,3391.0
SKU-N-3,131,1592.0
SKU-N-3,132,2548.0
SKU-N-3,133,5653.0
SKU-N-3,134,2182.0
SKU-N-3,135,1067.0
SKU-N-3,136,2023.0
SKU-N-3,137,1449.0
SKU-N-3,138,0.0
SKU-N-3,139,159.0
SKU-N-3,140,1115.0
SKU-N-3,141,892.0
SKU-N-3,142,1656.0
SKU-N-3,143,4459.0
SKU-N-3,144,0.0
SKU-N-3,145,700.0
SKU-N-3,146,955.0
SKU-N-3,147,669.0
SKU-N-3,148,382.0
SKU-N-3,149,382.0
SKU-N-3,150,1513.0
SKU-N-3,151,812.0
SKU-N-3,152,1115.0
SKU-N-3,153,1672.0
SKU-N-3,154,429.0
SKU-N-3,155,1051.0
SKU-N-3,156,1560.0
SKU-N-3,157,828.0
SKU-N-3,158,2102.0
SKU-N-3,159,1911.0
SKU-N-3,160,64.0
SKU-N-3,161,955.0
SKU-N-3,162,318.0
SKU-N-3,163,0.0
SKU-N-3,164,32.0
SKU-N-3,165,159.0
SKU-N-3,166,159.0
SKU-N-3,167,159.0
SKU-N-3,168,175.0
SKU-N-3,169,318.0
SKU-N-3,170,478.0
SKU-N-3,171,318.0
SKU-N-3,172,0.0
SKU-N-3,173,0.0
SKU-N-3,174,159.0
SKU-N-3,175,159.0
SKU-N-3,176,318.0
SKU-N-3,177,
SKU-N-3,178,
SKU-N-3,179,
SKU-N-3,180,
SKU-N-3,181,
SKU-N-3,182,
SKU-N-3,183,
SKU-N-3,184,
SKU-N-3,185,
SKU-N-3,186,
SKU-N-3,187,
SKU-N-4,1,
SKU-N-4,2,
SKU-N-4,3,
SKU-N-4,4,
SKU-N-4,5,
SKU-N-4,6,
SKU-N-4,7,
SKU-N-4,8,
SKU-N-4,9,
SKU-N-4,10,
SKU-N-4,11,
SKU-N-4,12,
SKU-N-4,13,
SKU-N-4,14,
SKU-N-4,15,
SKU-N-4,16,
SKU-N-4,17,
SKU-N-4,18,
SKU-N-4,19,
SKU-N-4,20,
SKU-N-4,21,
SKU-N-4,22,
SKU-N-4,23,
SKU-N-4,24,
SKU-N-4,25,
SKU-N-4,26,
SKU-N-4,27,
SKU-N-4,28,
SKU-N-4,29,
SKU-N-4,30,
SKU-N-4,31,
SKU-N-4,32,
SKU-N-4,33,
SKU-N-4,34,
SKU-N-4,35,
SKU-N-4,36,
SKU-N-4,37,
SKU-N-4,38,
SKU-N-4,39,
SKU-N-4,40,
SKU-N-4,41,
SKU-N-4,42,
SKU-N-4,43,
SKU-N-4,44,
SKU-N-4,45,
SKU-N-4,46,
SKU-N-4,47,
SKU-N-4,48,
SKU-N-4,49,
SKU-N-4,50,
SKU-N-4,51,
SKU-N-4,52,
SKU-N-4,53,
SKU-N-4,54,
SKU-N-4,55,
SKU-N-4,56,
SKU-N-4,57,
SKU-N-4,58,
SKU-N-4,59,
SKU-N-4,60,
SKU-N-4,61,
SKU-N-4,62,
SKU-N-4,63,
SKU-N-4,64,
SKU-N-4,65,
SKU-N-4,66,
SKU-N-4,67,
SKU-N-4,68,
SKU-N-4,69,
SKU-N-4,70,
SKU-N-4,71,
SKU-N-4,72,
SKU-N-4,73,
SKU-N-4,74,
SKU-N-4,75,
SKU-N-4,76,
SKU-N-4,77,
SKU-N-4,78,
SKU-N-4,79,637.0
SKU-N-4,80,1751.0
SKU-N-4,81,3184.0
SKU-N-4,82,4458.0
SKU-N-4,83,9268.0
SKU-N-4,84,8153.0
SKU-N-4,85,13997.0
SKU-N-4,86,14204.0
SKU-N-4,87,13329.0
SKU-N-4,88,11863.0
SKU-N-4,89,24045.0
SKU-N-4,90,15542.0
SKU-N-4,91,16082.0
SKU-N-4,92,9729.0
SKU-N-4,93,10669.0
SKU-N-4,94,21816.0
SKU-N-4,95,16480.0
SKU-N-4,96,14093.0
SKU-N-4,97,14363.0
SKU-N-4,98,12595.0
SKU-N-4,99,19426.0
SKU-N-4,100,22372.0
SKU-N-4,101,17197.0
SKU-N-4,102,26784.0
SKU-N-4,103,25765.0
SKU-N-4,104,28582.0
SKU-N-4,105,32085.0
SKU-N-4,106,20541.0
SKU-N-4,107,20859.0
SKU-N-4,108,28344.0
SKU-N-4,109,38201.0
SKU-N-4,110,36114.0
SKU-N-4,111,21799.0
SKU-N-4,112,32405.0
SKU-N-4,113,36337.0
SKU-N-4,114,34395.0
SKU-N-4,115,32006.0
SKU-N-4,116,60510.0
SKU-N-4,117,60079.0
SKU-N-4,118,34555.0
SKU-N-4,119,42866.0
SKU-N-4,120,46291.0
SKU-N-4,121,45971.0
SKU-N-4,122,35780.0
SKU-N-4,123,38535.0
SKU-N-4,124,39490.0
SKU-N-4,125,37898.0
SKU-N-4,126,38281.0
SKU-N-4,127,30670.0
SKU-N-4,128,32404.0
SKU-N-4,129,36783.0
SKU-N-4,130,46672.0
SKU-N-4,131,40462.0
SKU-N-4,132,46799.0
SKU-N-4,133,72420.0
SKU-N-4,134,47994.0
SKU-N-4,135,59650.0
SKU-N-4,136,46465.0
SKU-N-4,137,45875.0
SKU-N-4,138,36449.0
SKU-N-4,139,42196.0
SKU-N-4,140,59617.0
SKU-N-4,141,52388.0
SKU-N-4,142,69379.0
SKU-N-4,143,12898.0
SKU-N-4,144,28169.0
SKU-N-4,145,40923.0
SKU-N-4,146,39092.0
SKU-N-4,147,32931.0
SKU-N-4,148,53790.0
SKU-N-4,149,25207.0
SKU-N-4,150,38693.0
SKU-N-4,151,32070.0
SKU-N-4,152,24602.0
SKU-N-4,153,39649.0
SKU-N-4,154,63614.0
SKU-N-4,155,45477.0
SKU-N-4,156,52053.0
SKU-N-4,157,53360.0
SKU-N-4,158,15603.0
SKU-N-4,159,28503.0
SKU-N-4,160,36815.0
SKU-N-4,161,27165.0
SKU-N-4,162,30350.0
SKU-N-4,163,21879.0
SKU-N-4,164,37580.0
SKU-N-4,165,37244.0
SKU-N-4,166,23790.0
SKU-N-4,167,30191.0
SKU-N-4,168,23375.0
SKU-N-4,169,28058.0
SKU-N-4,170,28726.0
SKU-N-4,171,14235.0
SKU-N-4,172,23917.0
SKU-N-4,173,22355.0
SKU-N-4,174,22308.0
SKU-N-4,175,11799.0
SKU-N-4,176,12643.0
SKU-N-4,177,19491.0
SKU-N-4,178,13503.0
SKU-N-4,179,17802.0
SKU-N-4,180,16338.0
SKU-N-4,181,18296.0
SKU-N-4,182,20016.0
SKU-N-4,183,14267.0
SKU-N-4,184,6847.0
SKU-N-4,185,7963.0
SKU-N-4,186,14045.0
SKU-N-4,187,12739.0
SKU-N-5,1,
SKU-N-5,2,
SKU-N-5,3,
SKU-N-5,4,
SKU-N-5,5,
SKU-N-5,6,
SKU-N-5,7,
SKU-N-5,8,
SKU-N-5,9,
SKU-N-5,10,
SKU-N-5,11,
SKU-N-5,12,
SKU-N-5,13,
SKU-N-5,14,
SKU-N-5,15,
SKU-N-5,16,
SKU-N-5,17,
SKU-N-5,18,
SKU-N-5,19,
SKU-N-5,20,
SKU-N-5,21,
SKU-N-5,22,
SKU-N-5,23,
SKU-N-5,24,
SKU-N-5,25,
SKU-N-5,26,
SKU-N-5,27,
SKU-N-5,28,
SKU-N-5,29,
SKU-N-5,30,
SKU-N-5,31,
SKU-N-5,32,
SKU-N-5,33,
SKU-N-5,34,
SKU-N-5,35,
SKU-N-5,36,
SKU-N-5,37,
SKU-N-5,38,
SKU-N-5,39,
SKU-N-5,40,
SKU-N-5,41,
SKU-N-5,42,
SKU-N-5,43,
SKU-N-5,44,
SKU-N-5,45,
SKU-N-5,46,
SKU-N-5,47,
SKU-N-5,48,
SKU-N-5,49,
SKU-N-5,50,
SKU-N-5,51,
SKU-N-5,52,
SKU-N-5,53,
SKU-N-5,54,
SKU-N-5,55,
SKU-N-5,56,
SKU-N-5,57,
SKU-N-5,58,
SKU-N-5,59,
SKU-N-5,60,
SKU-N-5,61,
SKU-N-5,62,
SKU-N-5,63,
SKU-N-5,64,
SKU-N-5,65,
SKU-N-5,66,
SKU-N-5,67,
SKU-N-5,68,
SKU-N-5,69,
SKU-N-5,70,
SKU-N-5,71,
SKU-N-5,72,
SKU-N-5,73,
SKU-N-5,74,
SKU-N-5,75,
SKU-N-5,76,
SKU-N-5,77,
SKU-N-5,78,
SKU-N-5,79,
SKU-N-5,80,
SKU-N-5,81,
SKU-N-5,82,
SKU-N-5,83,
SKU-N-5,84,
SKU-N-5,85,
SKU-N-5,86,
SKU-N-5,87,
SKU-N-5,88,
SKU-N-5,89,
SKU-N-5,90,
SKU-N-5,91,
SKU-N-5,92,
SKU-N-5,93,
SKU-N-5,94,
SKU-N-5,95,
SKU-N-5,96,
SKU-N-5,97,
SKU-N-5,98,
SKU-N-5,99,
SKU-N-5,100,
SKU-N-5,101,
SKU-N-5,102,
SKU-N-5,103,
SKU-N-5,104,
SKU-N-5,105,
SKU-N-5,106,
SKU-N-5,107,
SKU-N-5,108,
SKU-N-5,109,
SKU-N-5,110,
SKU-N-5,111,
SKU-N-5,112,
SKU-N-5,113,
SKU-N-5,114,
SKU-N-5,115,
SKU-N-5,116,
SKU-N-5,117,
SKU-N-5,118,
SKU-N-5,119,
SKU-N-5,120,
SKU-N-5,121,
SKU-N-5,122,
SKU-N-5,123,
SKU-N-5,124,
SKU-N-5,125,
SKU-N-5,126,
SKU-N-5,127,
SKU-N-5,128,
SKU-N-5,129,
SKU-N-5,130,
SKU-N-5,131,
SKU-N-5,132,
SKU-N-5,133,
SKU-N-5,134,
SKU-N-5,135,
SKU-N-5,136,
SKU-N-5,137,
SKU-N-5,138,
SKU-N-5,139,
SKU-N-5,140,
SKU-N-5,141,
SKU-N-5,142,
SKU-N-5,143,
SKU-N-5,144,
SKU-N-5,145,
SKU-N-5,146,
SKU-N-5,147,
SKU-N-5,148,
SKU-N-5,149,
SKU-N-5,150,
SKU-N-5,151,
SKU-N-5,152,
SKU-N-5,153,
SKU-N-5,154,
SKU-N-5,155,
SKU-N-5,156,
SKU-N-5,157,
SKU-N-5,158,
SKU-N-5,159,
SKU-N-5,160,
SKU-N-5,161,
SKU-N-5,162,
SKU-N-5,163,
SKU-N-5,164,
SKU-N-5,165,
SKU-N-5,166,
SKU-N-5,167,
SKU-N-5,168,
SKU-N-5,169,
SKU-N-5,170,
SKU-N-5,171,
SKU-N-5,172,
SKU-N-5,173,
SKU-N-5,174,2229.0
SKU-N-5,175,10780.0
SKU-N-5,176,23280.0
SKU-N-5,177,34236.0
SKU-N-5,178,25303.0
SKU-N-5,179,27851.0
SKU-N-5,180,21050.0
SKU-N-5,181,21480.0
SKU-N-5,182,46385.0
SKU-N-5,183,30095.0
SKU-N-5,184,34777.0
SKU-N-5,185,40303.0
SKU-N-5,186,43392.0
SKU-N-5,187,34570.0
SKU-O-1,1,4140.0
SKU-O-1,2,3981.0
SKU-O-1,3,4140.0
SKU-O-1,4,5255.0
SKU-O-1,5,2070.0
SKU-O-1,6,6369.0
SKU-O-1,7,5095.0
SKU-O-1,8,3185.0
SKU-O-1,9,13472.0
SKU-O-1,10,6688.0
SKU-O-1,11,0.0
SKU-O-1,12,4299.0
SKU-O-1,13,3662.0
SKU-O-1,14,4459.0
SKU-O-1,15,2548.0
SKU-O-1,16,6210.0
SKU-O-1,17,3184.0
SKU-O-1,18,9394.0
SKU-O-1,19,2070.0
SKU-O-1,20,1592.0
SKU-O-1,21,3343.0
SKU-O-1,22,4936.0
SKU-O-1,23,1115.0
SKU-O-1,24,637.0
SKU-O-1,25,6688.0
SKU-O-1,26,3980.0
SKU-O-1,27,1751.0
SKU-O-1,28,4458.0
SKU-O-1,29,796.0
SKU-O-1,30,159.0
SKU-O-1,31,0.0
SKU-O-1,32,0.0
SKU-O-1,33,0.0
SKU-O-1,34,303.0
SKU-O-1,35,80.0
SKU-O-1,36,32.0
SKU-O-1,37,0.0
SKU-O-1,38,159.0
SKU-O-1,39,0.0
SKU-O-1,40,0.0
SKU-O-1,41,0.0
SKU-O-1,42,0.0
SKU-O-1,43,127.0
SKU-O-1,44,111.0
SKU-O-1,45,0.0
SKU-O-1,46,32.0
SKU-O-1,47,48.0
SKU-O-1,48,0.0
SKU-O-1,49,96.0
SKU-O-1,50,127.0
SKU-O-1,51,
SKU-O-1,52,
SKU-O-1,53,
SKU-O-1,54,
SKU-O-1,55,
SKU-O-1,56,
SKU-O-1,57,
SKU-O-1,58,
SKU-O-1,59,
SKU-O-1,60,
SKU-O-1,61,
SKU-O-1,62,
SKU-O-1,63,
SKU-O-1,64,
SKU-O-1,65,
SKU-O-1,66,
SKU-O-1,67,
SKU-O-1,68,
SKU-O-1,69,
SKU-O-1,70,
SKU-O-1,71,
SKU-O-1,72,
SKU-O-1,73,
SKU-O-1,74,
SKU-O-1,75,
SKU-O-1,76,
SKU-O-1,77,
SKU-O-1,78,
SKU-O-1,79,
SKU-O-1,80,
SKU-O-1,81,
SKU-O-1,82,
SKU-O-1,83,
SKU-O-1,84,
SKU-O-1,85,
SKU-O-1,86,
SKU-O-1,87,
SKU-O-1,88,
SKU-O-1,89,
SKU-O-1,90,
SKU-O-1,91,
SKU-O-1,92,
SKU-O-1,93,
SKU-O-1,94,
SKU-O-1,95,
SKU-O-1,96,
SKU-O-1,97,
SKU-O-1,98,
SKU-O-1,99,
SKU-O-1,100,
SKU-O-1,101,
SKU-O-1,102,
SKU-O-1,103,
SKU-O-1,104,
SKU-O-1,105,
SKU-O-1,106,
SKU-O-1,107,
SKU-O-1,108,
SKU-O-1,109,
SKU-O-1,110,
SKU-O-1,111,
SKU-O-1,112,
SKU-O-1,113,
SKU-O-1,114,
SKU-O-1,115,
SKU-O-1,116,
SKU-O-1,117,
SKU-O-1,118,
SKU-O-1,119,
SKU-O-1,120,
SKU-O-1,121,
SKU-O-1,122,
SKU-O-1,123,
SKU-O-1,124,
SKU-O-1,125,
SKU-O-1,126,
SKU-O-1,127,
SKU-O-1,128,
SKU-O-1,129,
SKU-O-1,130,
SKU-O-1,131,
SKU-O-1,132,
SKU-O-1,133,
SKU-O-1,134,
SKU-O-1,135,
SKU-O-1,136,
SKU-O-1,137,
SKU-O-1,138,
SKU-O-1,139,
SKU-O-1,140,
SKU-O-1,141,
SKU-O-1,142,
SKU-O-1,143,
SKU-O-1,144,
SKU-O-1,145,
SKU-O-1,146,
SKU-O-1,147,
SKU-O-1,148,
SKU-O-1,149,
SKU-O-1,150,
SKU-O-1,151,
SKU-O-1,152,
SKU-O-1,153,
SKU-O-1,154,
SKU-O-1,155,
SKU-O-1,156,
SKU-O-1,157,
SKU-O-1,158,
SKU-O-1,159,
SKU-O-1,160,
SKU-O-1,161,
SKU-O-1,162,
SKU-O-1,163,
SKU-O-1,164,
SKU-O-1,165,
SKU-O-1,166,
SKU-O-1,167,
SKU-O-1,168,
SKU-O-1,169,
SKU-O-1,170,
SKU-O-1,171,
SKU-O-1,172,
SKU-O-1,173,
SKU-O-1,174,
SKU-O-1,175,
SKU-O-1,176,
SKU-O-1,177,
SKU-O-1,178,
SKU-O-1,179,
SKU-O-1,180,
SKU-O-1,181,
SKU-O-1,182,
SKU-O-1,183,
SKU-O-1,184,
SKU-O-1,185,
SKU-O-1,186,
SKU-O-1,187,
SKU-O-2,1,126115.0
SKU-O-2,2,204300.0
SKU-O-2,3,117676.0
SKU-O-2,4,103344.0
SKU-O-2,5,315446.0
SKU-O-2,6,214171.0
SKU-O-2,7,170063.0
SKU-O-2,8,143153.0
SKU-O-2,9,164173.0
SKU-O-2,10,89172.0
SKU-O-2,11,156528.0
SKU-O-2,12,225478.0
SKU-O-2,13,138058.0
SKU-O-2,14,153503.0
SKU-O-2,15,188216.0
SKU-O-2,16,148727.0
SKU-O-2,17,59714.0
SKU-O-2,18,197022.0
SKU-O-2,19,124920.0
SKU-O-2,20,102549.0
SKU-O-2,21,90097.0
SKU-O-2,22,66099.0
SKU-O-2,23,89649.0
SKU-O-2,24,87261.0
SKU-O-2,25,165764.0
SKU-O-2,26,147612.0
SKU-O-2,27,96656.0
SKU-O-2,28,119904.0
SKU-O-2,29,168471.0
SKU-O-2,30,148885.0
SKU-O-2,31,197452.0
SKU-O-2,32,127389.0
SKU-O-2,33,81050.0
SKU-O-2,34,86306.0
SKU-O-2,35,79299.0
SKU-O-2,36,123248.0
SKU-O-2,37,79777.0
SKU-O-2,38,180254.0
SKU-O-2,39,87420.0
SKU-O-2,40,50638.0
SKU-O-2,41,42198.0
SKU-O-2,42,96814.0
SKU-O-2,43,109554.0
SKU-O-2,44,85509.0
SKU-O-2,45,57165.0
SKU-O-2,46,51273.0
SKU-O-2,47,73408.0
SKU-O-2,48,67356.0
SKU-O-2,49,53184.0
SKU-O-2,50,107963.0
SKU-O-2,51,64012.0
SKU-O-2,52,42356.0
SKU-O-2,53,94904.0
SKU-O-2,54,57167.0
SKU-O-2,55,48089.0
SKU-O-2,56,45860.0
SKU-O-2,57,61624.0
SKU-O-2,58,35032.0
SKU-O-2,59,57642.0
SKU-O-2,60,76910.0
SKU-O-2,61,61624.0
SKU-O-2,62,66178.0
SKU-O-2,63,43790.0
SKU-O-2,64,35765.0
SKU-O-2,65,51147.0
SKU-O-2,66,49682.0
SKU-O-2,67,56847.0
SKU-O-2,68,35685.0
SKU-O-2,69,36386.0
SKU-O-2,70,43026.0
SKU-O-2,71,49124.0
SKU-O-2,72,30048.0
SKU-O-2,73,51911.0
SKU-O-2,74,44857.0
SKU-O-2,75,37978.0
SKU-O-2,76,40366.0
SKU-O-2,77,46576.0
SKU-O-2,78,54857.0
SKU-O-2,79,50796.0
SKU-O-2,80,48392.0
SKU-O-2,81,66561.0
SKU-O-2,82,42914.0
SKU-O-2,83,44028.0
SKU-O-2,84,24060.0
SKU-O-2,85,34236.0
SKU-O-2,86,27070.0
SKU-O-2,87,32245.0
SKU-O-2,88,24363.0
SKU-O-2,89,38853.0
SKU-O-2,90,39013.0
SKU-O-2,91,8758.0
SKU-O-2,92,3822.0
SKU-O-2,93,30891.0
SKU-O-2,94,21338.0
SKU-O-2,95,4107.0
SKU-O-2,96,39172.0
SKU-O-2,97,17594.0
SKU-O-2,98,27946.0
SKU-O-2,99,20908.0
SKU-O-2,100,16242.0
SKU-O-2,101,23726.0
SKU-O-2,102,30334.0
SKU-O-2,103,13217.0
SKU-O-2,104,35828.0
SKU-O-2,105,23837.0
SKU-O-2,106,18184.0
SKU-O-2,107,11147.0
SKU-O-2,108,3153.0
SKU-O-2,109,7500.0
SKU-O-2,110,6163.0
SKU-O-2,111,7420.0
SKU-O-2,112,5302.0
SKU-O-2,113,8599.0
SKU-O-2,114,6241.0
SKU-O-2,115,3185.0
SKU-O-2,116,2962.0
SKU-O-2,117,2389.0
SKU-O-2,118,
SKU-O-2,119,
SKU-O-2,120,
SKU-O-2,121,
SKU-O-2,122,
SKU-O-2,123,
SKU-O-2,124,
SKU-O-2,125,
SKU-O-2,126,
SKU-O-2,127,
SKU-O-2,128,
SKU-O-2,129,
SKU-O-2,130,
SKU-O-2,131,
SKU-O-2,132,
SKU-O-2,133,
SKU-O-2,134,
SKU-O-2,135,
SKU-O-2,136,
SKU-O-2,137,
SKU-O-2,138,
SKU-O-2,139,
SKU-O-2,140,
SKU-O-2,141,
SKU-O-2,142,
SKU-O-2,143,
SKU-O-2,144,
SKU-O-2,145,
SKU-O-2,146,
SKU-O-2,147,
SKU-O-2,148,
SKU-O-2,149,
SKU-O-2,150,
SKU-O-2,151,
SKU-O-2,152,
SKU-O-2,153,
SKU-O-2,154,
SKU-O-2,155,
SKU-O-2,156,
SKU-O-2,157,
SKU-O-2,158,
SKU-O-2,159,
SKU-O-2,160,
SKU-O-2,161,
SKU-O-2,162,
SKU-O-2,163,
SKU-O-2,164,
SKU-O-2,165,
SKU-O-2,166,
SKU-O-2,167,
SKU-O-2,168,
SKU-O-2,169,
SKU-O-2,170,
SKU-O-2,171,
SKU-O-2,172,
SKU-O-2,173,
SKU-O-2,174,
SKU-O-2,175,
SKU-O-2,176,
SKU-O-2,177,
SKU-O-2,178,
SKU-O-2,179,
SKU-O-2,180,
SKU-O-2,181,
SKU-O-2,182,
SKU-O-2,183,
SKU-O-2,184,
SKU-O-2,185,
SKU-O-2,186,
SKU-O-2,187,
SKU-O-3,1,
SKU-O-3,2,
SKU-O-3,3,
SKU-O-3,4,
SKU-O-3,5,
SKU-O-3,6,
SKU-O-3,7,
SKU-O-3,8,
SKU-O-3,9,
SKU-O-3,10,
SKU-O-3,11,
SKU-O-3,12,
SKU-O-3,13,
SKU-O-3,14,
SKU-O-3,15,
SKU-O-3,16,
SKU-O-3,17,
SKU-O-3,18,
SKU-O-3,19,
SKU-O-3,20,318.0
SKU-O-3,21,796.0
SKU-O-3,22,796.0
SKU-O-3,23,4299.0
SKU-O-3,24,1274.0
SKU-O-3,25,223.0
SKU-O-3,26,10669.0
SKU-O-3,27,21497.0
SKU-O-3,28,32005.0
SKU-O-3,29,35031.0
SKU-O-3,30,42516.0
SKU-O-3,31,71975.0
SKU-O-3,32,27549.0
SKU-O-3,33,23885.0
SKU-O-3,34,18152.0
SKU-O-3,35,23885.0
SKU-O-3,36,91082.0
SKU-O-3,37,53344.0
SKU-O-3,38,31370.0
SKU-O-3,39,57483.0
SKU-O-3,40,80254.0
SKU-O-3,41,19108.0
SKU-O-3,42,30891.0
SKU-O-3,43,11944.0
SKU-O-3,44,34905.0
SKU-O-3,45,38535.0
SKU-O-3,46,32962.0
SKU-O-3,47,46497.0
SKU-O-3,48,36465.0
SKU-O-3,49,46974.0
SKU-O-3,50,89968.0
SKU-O-3,51,35668.0
SKU-O-3,52,78821.0
SKU-O-3,53,57644.0
SKU-O-3,54,56529.0
SKU-O-3,55,71975.0
SKU-O-3,56,44267.0
SKU-O-3,57,51114.0
SKU-O-3,58,46816.0
SKU-O-3,59,89173.0
SKU-O-3,60,82325.0
SKU-O-3,61,68853.0
SKU-O-3,62,95383.0
SKU-O-3,63,82261.0
SKU-O-3,64,70924.0
SKU-O-3,65,94697.0
SKU-O-3,66,102087.0
SKU-O-3,67,90127.0
SKU-O-3,68,86465.0
SKU-O-3,69,77738.0
SKU-O-3,70,49968.0
SKU-O-3,71,98550.0
SKU-O-3,72,74602.0
SKU-O-3,73,55733.0
SKU-O-3,74,70860.0
SKU-O-3,75,95637.0
SKU-O-3,76,43391.0
SKU-O-3,77,88646.0
SKU-O-3,78,63152.0
SKU-O-3,79,41592.0
SKU-O-3,80,64729.0
SKU-O-3,81,48248.0
SKU-O-3,82,40127.0
SKU-O-3,83,72325.0
SKU-O-3,84,38918.0
SKU-O-3,85,73854.0
SKU-O-3,86,32802.0
SKU-O-3,87,43932.0
SKU-O-3,88,38950.0
SKU-O-3,89,25478.0
SKU-O-3,90,32484.0
SKU-O-3,91,18998.0
SKU-O-3,92,16242.0
SKU-O-3,93,14172.0
SKU-O-3,94,25478.0
SKU-O-3,95,6051.0
SKU-O-3,96,21369.0
SKU-O-3,97,13360.0
SKU-O-3,98,13869.0
SKU-O-3,99,10430.0
SKU-O-3,100,9076.0
SKU-O-3,101,10508.0
SKU-O-3,102,12802.0
SKU-O-3,103,16130.0
SKU-O-3,104,23041.0
SKU-O-3,105,16720.0
SKU-O-3,106,22054.0
SKU-O-3,107,12596.0
SKU-O-3,108,13901.0
SKU-O-3,109,47134.0
SKU-O-3,110,49091.0
SKU-O-3,111,28822.0
SKU-O-3,112,20541.0
SKU-O-3,113,13535.0
SKU-O-3,114,15509.0
SKU-O-3,115,3853.0
SKU-O-3,116,21194.0
SKU-O-3,117,24618.0
SKU-O-3,118,18471.0
SKU-O-3,119,11146.0
SKU-O-3,120,23486.0
SKU-O-3,121,1719.0
SKU-O-3,122,5095.0
SKU-O-3,123,4458.0
SKU-O-3,124,6847.0
SKU-O-3,125,1592.0
SKU-O-3,126,2548.0
SKU-O-3,127,78328.0
SKU-O-3,128,66242.0
SKU-O-3,129,63694.0
SKU-O-3,130,97612.0
SKU-O-3,131,167038.0
SKU-O-3,132,270064.0
SKU-O-3,133,386623.0
SKU-O-3,134,226434.0
SKU-O-3,135,194156.0
SKU-O-3,136,18153.0
SKU-O-3,137,123566.0
SKU-O-3,138,210239.0
SKU-O-3,139,244427.0
SKU-O-3,140,88185.0
SKU-O-3,141,48232.0
SKU-O-3,142,95892.0
SKU-O-3,143,81576.0
SKU-O-3,144,9108.0
SKU-O-3,145,10637.0
SKU-O-3,146,4841.0
SKU-O-3,147,11943.0
SKU-O-3,148,318.0
SKU-O-3,149,33439.0
SKU-O-3,150,318.0
SKU-O-3,151,31051.0
SKU-O-3,152,35828.0
SKU-O-3,153,143344.0
SKU-O-3,154,64490.0
SKU-O-3,155,20828.0
SKU-O-3,156,28678.0
SKU-O-3,157,59713.0
SKU-O-3,158,201035.0
SKU-O-3,159,78822.0
SKU-O-3,160,116465.0
SKU-O-3,161,67197.0
SKU-O-3,162,105096.0
SKU-O-3,163,87739.0
SKU-O-3,164,52548.0
SKU-O-3,165,160096.0
SKU-O-3,166,23089.0
SKU-O-3,167,89172.0
SKU-O-3,168,117914.0
SKU-O-3,169,310510.0
SKU-O-3,170,191083.0
SKU-O-3,171,21497.0
SKU-O-3,172,215764.0
SKU-O-3,173,36863.0
SKU-O-3,174,21497.0
SKU-O-3,175,75701.0
SKU-O-3,176,122611.0
SKU-O-3,177,205255.0
SKU-O-3,178,119427.0
SKU-O-3,179,284236.0
SKU-O-3,180,145063.0
SKU-O-3,181,0.0
SKU-O-3,182,138535.0
SKU-O-3,183,129777.0
SKU-O-3,184,155255.0
SKU-O-3,185,52548.0
SKU-O-3,186,177771.0
SKU-O-3,187,230892.0
SKU-O-4,1,
SKU-O-4,2,
SKU-O-4,3,
SKU-O-4,4,
SKU-O-4,5,
SKU-O-4,6,
SKU-O-4,7,
SKU-O-4,8,
SKU-O-4,9,
SKU-O-4,10,
SKU-O-4,11,
SKU-O-4,12,
SKU-O-4,13,
SKU-O-4,14,
SKU-O-4,15,
SKU-O-4,16,
SKU-O-4,17,
SKU-O-4,18,
SKU-O-4,19,
SKU-O-4,20,
SKU-O-4,21,
SKU-O-4,22,
SKU-O-4,23,
SKU-O-4,24,
SKU-O-4,25,
SKU-O-4,26,
SKU-O-4,27,
SKU-O-4,28,
SKU-O-4,29,
SKU-O-4,30,
SKU-O-4,31,
SKU-O-4,32,
SKU-O-4,33,
SKU-O-4,34,
SKU-O-4,35,
SKU-O-4,36,
SKU-O-4,37,
SKU-O-4,38,
SKU-O-4,39,
SKU-O-4,40,
SKU-O-4,41,
SKU-O-4,42,
SKU-O-4,43,
SKU-O-4,44,
SKU-O-4,45,
SKU-O-4,46,
SKU-O-4,47,
SKU-O-4,48,
SKU-O-4,49,
SKU-O-4,50,
SKU-O-4,51,
SKU-O-4,52,
SKU-O-4,53,
SKU-O-4,54,
SKU-O-4,55,
SKU-O-4,56,
SKU-O-4,57,
SKU-O-4,58,
SKU-O-4,59,
SKU-O-4,60,
SKU-O-4,61,
SKU-O-4,62,
SKU-O-4,63,
SKU-O-4,64,
SKU-O-4,65,
SKU-O-4,66,
SKU-O-4,67,
SKU-O-4,68,
SKU-O-4,69,
SKU-O-4,70,
SKU-O-4,71,
SKU-O-4,72,
SKU-O-4,73,
SKU-O-4,74,2707.0
SKU-O-4,75,159.0
SKU-O-4,76,1752.0
SKU-O-4,77,796.0
SKU-O-4,78,3822.0
SKU-O-4,79,4458.0
SKU-O-4,80,3615.0
SKU-O-4,81,4856.0
SKU-O-4,82,6051.0
SKU-O-4,83,54459.0
SKU-O-4,84,32547.0
SKU-O-4,85,16879.0
SKU-O-4,86,27229.0
SKU-O-4,87,27071.0
SKU-O-4,88,10509.0
SKU-O-4,89,12261.0
SKU-O-4,90,14491.0
SKU-O-4,91,26274.0
SKU-O-4,92,14013.0
SKU-O-4,93,21593.0
SKU-O-4,94,15159.0
SKU-O-4,95,10748.0
SKU-O-4,96,18216.0
SKU-O-4,97,18996.0
SKU-O-4,98,12101.0
SKU-O-4,99,18901.0
SKU-O-4,100,22898.0
SKU-O-4,101,26449.0
SKU-O-4,102,152851.0
SKU-O-4,103,26146.0
SKU-O-4,104,87564.0
SKU-O-4,105,22071.0
SKU-O-4,106,34824.0
SKU-O-4,107,106942.0
SKU-O-4,108,38503.0
SKU-O-4,109,36464.0
SKU-O-4,110,254937.0
SKU-O-4,111,69013.0
SKU-O-4,112,45031.0
SKU-O-4,113,54475.0
SKU-O-4,114,25080.0
SKU-O-4,115,89713.0
SKU-O-4,116,57962.0
SKU-O-4,117,35190.0
SKU-O-4,118,51592.0
SKU-O-4,119,41098.0
SKU-O-4,120,65732.0
SKU-O-4,121,46784.0
SKU-O-4,122,135765.0
SKU-O-4,123,122134.0
SKU-O-4,124,48248.0
SKU-O-4,125,144618.0
SKU-O-4,126,57484.0
SKU-O-4,127,35015.0
SKU-O-4,128,34076.0
SKU-O-4,129,36942.0
SKU-O-4,130,88997.0
SKU-O-4,131,37898.0
SKU-O-4,132,24315.0
SKU-O-4,133,76830.0
SKU-O-4,134,103933.0
SKU-O-4,135,74458.0
SKU-O-4,136,48886.0
SKU-O-4,137,36846.0
SKU-O-4,138,90445.0
SKU-O-4,139,74826.0
SKU-O-4,140,78886.0
SKU-O-4,141,67436.0
SKU-O-4,142,180175.0
SKU-O-4,143,23965.0
SKU-O-4,144,85462.0
SKU-O-4,145,19426.0
SKU-O-4,146,50700.0
SKU-O-4,147,88184.0
SKU-O-4,148,46657.0
SKU-O-4,149,43344.0
SKU-O-4,150,110414.0
SKU-O-4,151,43265.0
SKU-O-4,152,28662.0
SKU-O-4,153,37548.0
SKU-O-4,154,50971.0
SKU-O-4,155,46433.0
SKU-O-4,156,32643.0
SKU-O-4,157,26911.0
SKU-O-4,158,59490.0
SKU-O-4,159,79378.0
SKU-O-4,160,68630.0
SKU-O-4,161,63758.0
SKU-O-4,162,51593.0
SKU-O-4,163,42198.0
SKU-O-4,164,65924.0
SKU-O-4,165,54905.0
SKU-O-4,166,31163.0
SKU-O-4,167,42452.0
SKU-O-4,168,27102.0
SKU-O-4,169,35908.0
SKU-O-4,170,36370.0
SKU-O-4,171,42563.0
SKU-O-4,172,42865.0
SKU-O-4,173,21083.0
SKU-O-4,174,26910.0
SKU-O-4,175,46975.0
SKU-O-4,176,22644.0
SKU-O-4,177,25924.0
SKU-O-4,178,20144.0
SKU-O-4,179,24203.0
SKU-O-4,180,30875.0
SKU-O-4,181,12436.0
SKU-O-4,182,19937.0
SKU-O-4,183,18933.0
SKU-O-4,184,42325.0
SKU-O-4,185,70381.0
SKU-O-4,186,34332.0
SKU-O-4,187,109236.0
SKU-P-4,1,
SKU-P-4,2,
SKU-P-4,3,
SKU-P-4,4,
SKU-P-4,5,
SKU-P-4,6,
SKU-P-4,7,
SKU-P-4,8,
SKU-P-4,9,
SKU-P-4,10,
SKU-P-4,11,
SKU-P-4,12,
SKU-P-4,13,
SKU-P-4,14,
SKU-P-4,15,
SKU-P-4,16,
SKU-P-4,17,
SKU-P-4,18,
SKU-P-4,19,
SKU-P-4,20,
SKU-P-4,21,
SKU-P-4,22,
SKU-P-4,23,
SKU-P-4,24,
SKU-P-4,25,
SKU-P-4,26,
SKU-P-4,27,
SKU-P-4,28,
SKU-P-4,29,
SKU-P-4,30,
SKU-P-4,31,
SKU-P-4,32,
SKU-P-4,33,
SKU-P-4,34,
SKU-P-4,35,
SKU-P-4,36,
SKU-P-4,37,
SKU-P-4,38,
SKU-P-4,39,
SKU-P-4,40,
SKU-P-4,41,
SKU-P-4,42,
SKU-P-4,43,
SKU-P-4,44,
SKU-P-4,45,
SKU-P-4,46,
SKU-P-4,47,
SKU-P-4,48,
SKU-P-4,49,
SKU-P-4,50,
SKU-P-4,51,
SKU-P-4,52,
SKU-P-4,53,
SKU-P-4,54,
SKU-P-4,55,
SKU-P-4,56,
SKU-P-4,57,
SKU-P-4,58,
SKU-P-4,59,
SKU-P-4,60,
SKU-P-4,61,
SKU-P-4,62,
SKU-P-4,63,
SKU-P-4,64,
SKU-P-4,65,
SKU-P-4,66,
SKU-P-4,67,
SKU-P-4,68,
SKU-P-4,69,
SKU-P-4,70,
SKU-P-4,71,
SKU-P-4,72,
SKU-P-4,73,
SKU-P-4,74,
SKU-P-4,75,
SKU-P-4,76,
SKU-P-4,77,
SKU-P-4,78,
SKU-P-4,79,
SKU-P-4,80,
SKU-P-4,81,
SKU-P-4,82,
SKU-P-4,83,
SKU-P-4,84,
SKU-P-4,85,
SKU-P-4,86,
SKU-P-4,87,
SKU-P-4,88,
SKU-P-4,89,
SKU-P-4,90,
SKU-P-4,91,
SKU-P-4,92,
SKU-P-4,93,
SKU-P-4,94,
SKU-P-4,95,
SKU-P-4,96,
SKU-P-4,97,
SKU-P-4,98,
SKU-P-4,99,
SKU-P-4,100,
SKU-P-4,101,
SKU-P-4,102,
SKU-P-4,103,
SKU-P-4,104,
SKU-P-4,105,
SKU-P-4,106,
SKU-P-4,107,
SKU-P-4,108,
SKU-P-4,109,
SKU-P-4,110,
SKU-P-4,111,
SKU-P-4,112,
SKU-P-4,113,
SKU-P-4,114,
SKU-P-4,115,
SKU-P-4,116,
SKU-P-4,117,
SKU-P-4,118,
SKU-P-4,119,
SKU-P-4,120,
SKU-P-4,121,
SKU-P-4,122,
SKU-P-4,123,
SKU-P-4,124,
SKU-P-4,125,
SKU-P-4,126,
SKU-P-4,127,6369.0
SKU-P-4,128,33439.0
SKU-P-4,129,0.0
SKU-P-4,130,83599.0
SKU-P-4,131,102707.0
SKU-P-4,132,137898.0
SKU-P-4,133,38217.0
SKU-P-4,134,22293.0
SKU-P-4,135,59713.0
SKU-P-4,136,19108.0
SKU-P-4,137,39809.0
SKU-P-4,138,50955.0
SKU-P-4,139,74045.0
SKU-P-4,140,160828.0
SKU-P-4,141,88376.0
SKU-P-4,142,157643.0
SKU-P-4,143,224522.0
SKU-P-4,144,78822.0
SKU-P-4,145,14331.0
SKU-P-4,146,11146.0
SKU-P-4,147,42994.0
SKU-P-4,148,28662.0
SKU-P-4,149,71656.0
SKU-P-4,150,35828.0
SKU-P-4,151,246019.0
SKU-P-4,152,50159.0
SKU-P-4,153,95541.0
SKU-P-4,154,121815.0
SKU-P-4,155,105096.0
SKU-P-4,156,192675.0
SKU-P-4,157,124204.0
SKU-P-4,158,203025.0
SKU-P-4,159,100318.0
SKU-P-4,160,230892.0
SKU-P-4,161,25478.0
SKU-P-4,162,292994.0
SKU-P-4,163,151274.0
SKU-P-4,164,78025.0
SKU-P-4,165,117038.0
SKU-P-4,166,38217.0
SKU-P-4,167,7166.0
SKU-P-4,168,150478.0
SKU-P-4,169,122611.0
SKU-P-4,170,118631.0
SKU-P-4,171,110669.0
SKU-P-4,172,134554.0
SKU-P-4,173,64490.0
SKU-P-4,174,16720.0
SKU-P-4,175,109873.0
SKU-P-4,176,83599.0
SKU-P-4,177,305732.0
SKU-P-4,178,365605.0
SKU-P-4,179,258758.0
SKU-P-4,180,143312.0
SKU-P-4,181,47771.0
SKU-P-4,182,160032.0
SKU-P-4,183,9554.0
SKU-P-4,184,136943.0
SKU-P-4,185,65287.0
SKU-P-4,186,78025.0
SKU-P-4,187,179140.0
SKU-Q-1,1,2468.0
SKU-Q-1,2,1114.0
SKU-Q-1,3,4140.0
SKU-Q-1,4,1672.0
SKU-Q-1,5,4379.0
SKU-Q-1,6,3438.0
SKU-Q-1,7,1688.0
SKU-Q-1,8,1752.0
SKU-Q-1,9,637.0
SKU-Q-1,10,0.0
SKU-Q-1,11,159.0
SKU-Q-1,12,0.0
SKU-Q-1,13,478.0
SKU-Q-1,14,1274.0
SKU-Q-1,15,1752.0
SKU-Q-1,16,0.0
SKU-Q-1,17,0.0
SKU-Q-1,18,0.0
SKU-Q-1,19,0.0
SKU-Q-1,20,0.0
SKU-Q-1,21,0.0
SKU-Q-1,22,0.0
SKU-Q-1,23,1592.0
SKU-Q-1,24,0.0
SKU-Q-1,25,0.0
SKU-Q-1,26,0.0
SKU-Q-1,27,318.0
SKU-Q-1,28,860.0
SKU-Q-1,29,0.0
SKU-Q-1,30,0.0
SKU-Q-1,31,0.0
SKU-Q-1,32,0.0
SKU-Q-1,33,0.0
SKU-Q-1,34,0.0
SKU-Q-1,35,0.0
SKU-Q-1,36,796.0
SKU-Q-1,37,
SKU-Q-1,38,
SKU-Q-1,39,
SKU-Q-1,40,
SKU-Q-1,41,
SKU-Q-1,42,
SKU-Q-1,43,
SKU-Q-1,44,
SKU-Q-1,45,
SKU-Q-1,46,
SKU-Q-1,47,
SKU-Q-1,48,
SKU-Q-1,49,
SKU-Q-1,50,
SKU-Q-1,51,
SKU-Q-1,52,
SKU-Q-1,53,
SKU-Q-1,54,
SKU-Q-1,55,
SKU-Q-1,56,
SKU-Q-1,57,
SKU-Q-1,58,
SKU-Q-1,59,
SKU-Q-1,60,
SKU-Q-1,61,
SKU-Q-1,62,
SKU-Q-1,63,
SKU-Q-1,64,
SKU-Q-1,65,
SKU-Q-1,66,
SKU-Q-1,67,
SKU-Q-1,68,
SKU-Q-1,69,
SKU-Q-1,70,
SKU-Q-1,71,
SKU-Q-1,72,
SKU-Q-1,73,
SKU-Q-1,74,
SKU-Q-1,75,
SKU-Q-1,76,
SKU-Q-1,77,
SKU-Q-1,78,
SKU-Q-1,79,
SKU-Q-1,80,
SKU-Q-1,81,
SKU-Q-1,82,
SKU-Q-1,83,
SKU-Q-1,84,
SKU-Q-1,85,
SKU-Q-1,86,
SKU-Q-1,87,
SKU-Q-1,88,
SKU-Q-1,89,
SKU-Q-1,90,
SKU-Q-1,91,
SKU-Q-1,92,
SKU-Q-1,93,
SKU-Q-1,94,
SKU-Q-1,95,
SKU-Q-1,96,
SKU-Q-1,97,
SKU-Q-1,98,
SKU-Q-1,99,
SKU-Q-1,100,
SKU-Q-1,101,
SKU-Q-1,102,
SKU-Q-1,103,
SKU-Q-1,104,
SKU-Q-1,105,
SKU-Q-1,106,
SKU-Q-1,107,
SKU-Q-1,108,
SKU-Q-1,109,
SKU-Q-1,110,
SKU-Q-1,111,
SKU-Q-1,112,
SKU-Q-1,113,
SKU-Q-1,114,
SKU-Q-1,115,
SKU-Q-1,116,
SKU-Q-1,117,
SKU-Q-1,118,
SKU-Q-1,119,
SKU-Q-1,120,
SKU-Q-1,121,
SKU-Q-1,122,
SKU-Q-1,123,
SKU-Q-1,124,
SKU-Q-1,125,
SKU-Q-1,126,
SKU-Q-1,127,
SKU-Q-1,128,
SKU-Q-1,129,
SKU-Q-1,130,
SKU-Q-1,131,
SKU-Q-1,132,
SKU-Q-1,133,
SKU-Q-1,134,
SKU-Q-1,135,
SKU-Q-1,136,
SKU-Q-1,137,
SKU-Q-1,138,
SKU-Q-1,139,
SKU-Q-1,140,
SKU-Q-1,141,
SKU-Q-1,142,
SKU-Q-1,143,
SKU-Q-1,144,
SKU-Q-1,145,
SKU-Q-1,146,
SKU-Q-1,147,
SKU-Q-1,148,
SKU-Q-1,149,
SKU-Q-1,150,
SKU-Q-1,151,
SKU-Q-1,152,
SKU-Q-1,153,
SKU-Q-1,154,
SKU-Q-1,155,
SKU-Q-1,156,
SKU-Q-1,157,
SKU-Q-1,158,
SKU-Q-1,159,
SKU-Q-1,160,
SKU-Q-1,161,
SKU-Q-1,162,
SKU-Q-1,163,
SKU-Q-1,164,
SKU-Q-1,165,
SKU-Q-1,166,
SKU-Q-1,167,
SKU-Q-1,168,
SKU-Q-1,169,
SKU-Q-1,170,
SKU-Q-1,171,
SKU-Q-1,172,
SKU-Q-1,173,
SKU-Q-1,174,
SKU-Q-1,175,
SKU-Q-1,176,
SKU-Q-1,177,
SKU-Q-1,178,
SKU-Q-1,179,
SKU-Q-1,180,
SKU-Q-1,181,
SKU-Q-1,182,
SKU-Q-1,183,
SKU-Q-1,184,
SKU-Q-1,185,
SKU-Q-1,186,
SKU-Q-1,187,
SKU-Q-2,1,95222.0
SKU-Q-2,2,83121.0
SKU-Q-2,3,83281.0
SKU-Q-2,4,71099.0
SKU-Q-2,5,138694.0
SKU-Q-2,6,94267.0
SKU-Q-2,7,36465.0
SKU-Q-2,8,78184.0
SKU-Q-2,9,103185.0
SKU-Q-2,10,85987.0
SKU-Q-2,11,130733.0
SKU-Q-2,12,164968.0
SKU-Q-2,13,128981.0
SKU-Q-2,14,117038.0
SKU-Q-2,15,94077.0
SKU-Q-2,16,71816.0
SKU-Q-2,17,50636.0
SKU-Q-2,18,83376.0
SKU-Q-2,19,54299.0
SKU-Q-2,20,61927.0
SKU-Q-2,21,44650.0
SKU-Q-2,22,53822.0
SKU-Q-2,23,34076.0
SKU-Q-2,24,46019.0
SKU-Q-2,25,39968.0
SKU-Q-2,26,102069.0
SKU-Q-2,27,105732.0
SKU-Q-2,28,92118.0
SKU-Q-2,29,63694.0
SKU-Q-2,30,71337.0
SKU-Q-2,31,124124.0
SKU-Q-2,32,138534.0
SKU-Q-2,33,101752.0
SKU-Q-2,34,81162.0
SKU-Q-2,35,82883.0
SKU-Q-2,36,67261.0
SKU-Q-2,37,40907.0
SKU-Q-2,38,104776.0
SKU-Q-2,39,55255.0
SKU-Q-2,40,32325.0
SKU-Q-2,41,32803.0
SKU-Q-2,42,33121.0
SKU-Q-2,43,25478.0
SKU-Q-2,44,34873.0
SKU-Q-2,45,24204.0
SKU-Q-2,46,34236.0
SKU-Q-2,47,18950.0
SKU-Q-2,48,28821.0
SKU-Q-2,49,16720.0
SKU-Q-2,50,38503.0
SKU-Q-2,51,27228.0
SKU-Q-2,52,32962.0
SKU-Q-2,53,41464.0
SKU-Q-2,54,31051.0
SKU-Q-2,55,38535.0
SKU-Q-2,56,14331.0
SKU-Q-2,57,15924.0
SKU-Q-2,58,11784.0
SKU-Q-2,59,17356.0
SKU-Q-2,60,12579.0
SKU-Q-2,61,22149.0
SKU-Q-2,62,19808.0
SKU-Q-2,63,27786.0
SKU-Q-2,64,26067.0
SKU-Q-2,65,25223.0
SKU-Q-2,66,17198.0
SKU-Q-2,67,15892.0
SKU-Q-2,68,17596.0
SKU-Q-2,69,23583.0
SKU-Q-2,70,26959.0
SKU-Q-2,71,11704.0
SKU-Q-2,72,18058.0
SKU-Q-2,73,14490.0
SKU-Q-2,74,9585.0
SKU-Q-2,75,24331.0
SKU-Q-2,76,10334.0
SKU-Q-2,77,18281.0
SKU-Q-2,78,18869.0
SKU-Q-2,79,16322.0
SKU-Q-2,80,10079.0
SKU-Q-2,81,18711.0
SKU-Q-2,82,13853.0
SKU-Q-2,83,9077.0
SKU-Q-2,84,10907.0
SKU-Q-2,85,5891.0
SKU-Q-2,86,7006.0
SKU-Q-2,87,28662.0
SKU-Q-2,88,10907.0
SKU-Q-2,89,1115.0
SKU-Q-2,90,3663.0
SKU-Q-2,91,1911.0
SKU-Q-2,92,8440.0
SKU-Q-2,93,10986.0
SKU-Q-2,94,15287.0
SKU-Q-2,95,5573.0
SKU-Q-2,96,3934.0
SKU-Q-2,97,8407.0
SKU-Q-2,98,2069.0
SKU-Q-2,99,4618.0
SKU-Q-2,100,3663.0
SKU-Q-2,101,3185.0
SKU-Q-2,102,5254.0
SKU-Q-2,103,17197.0
SKU-Q-2,104,4618.0
SKU-Q-2,105,2706.0
SKU-Q-2,106,3025.0
SKU-Q-2,107,2548.0
SKU-Q-2,108,2389.0
SKU-Q-2,109,5096.0
SKU-Q-2,110,2229.0
SKU-Q-2,111,1752.0
SKU-Q-2,112,3344.0
SKU-Q-2,113,1433.0
SKU-Q-2,114,1274.0
SKU-Q-2,115,
SKU-Q-2,116,
SKU-Q-2,117,
SKU-Q-2,118,
SKU-Q-2,119,
SKU-Q-2,120,
SKU-Q-2,121,
SKU-Q-2,122,
SKU-Q-2,123,
SKU-Q-2,124,
SKU-Q-2,125,
SKU-Q-2,126,
SKU-Q-2,127,
SKU-Q-2,128,
SKU-Q-2,129,
SKU-Q-2,130,
SKU-Q-2,131,
SKU-Q-2,132,
SKU-Q-2,133,
SKU-Q-2,134,
SKU-Q-2,135,
SKU-Q-2,136,
SKU-Q-2,137,
SKU-Q-2,138,
SKU-Q-2,139,
SKU-Q-2,140,
SKU-Q-2,141,
SKU-Q-2,142,
SKU-Q-2,143,
SKU-Q-2,144,
SKU-Q-2,145,
SKU-Q-2,146,
SKU-Q-2,147,
SKU-Q-2,148,
SKU-Q-2,149,
SKU-Q-2,150,
SKU-Q-2,151,
SKU-Q-2,152,
SKU-Q-2,153,
SKU-Q-2,154,
SKU-Q-2,155,
SKU-Q-2,156,
SKU-Q-2,157,
SKU-Q-2,158,
SKU-Q-2,159,
SKU-Q-2,160,
SKU-Q-2,161,
SKU-Q-2,162,
SKU-Q-2,163,
SKU-Q-2,164,
SKU-Q-2,165,
SKU-Q-2,166,
SKU-Q-2,167,
SKU-Q-2,168,
SKU-Q-2,169,
SKU-Q-2,170,
SKU-Q-2,171,
SKU-Q-2,172,
SKU-Q-2,173,
SKU-Q-2,174,
SKU-Q-2,175,
SKU-Q-2,176,
SKU-Q-2,177,
SKU-Q-2,178,
SKU-Q-2,179,
SKU-Q-2,180,
SKU-Q-2,181,
SKU-Q-2,182,
SKU-Q-2,183,
SKU-Q-2,184,
SKU-Q-2,185,
SKU-Q-2,186,
SKU-Q-2,187,
SKU-Q-3,1,
SKU-Q-3,2,
SKU-Q-3,3,
SKU-Q-3,4,
SKU-Q-3,5,
SKU-Q-3,6,
SKU-Q-3,7,
SKU-Q-3,8,
SKU-Q-3,9,
SKU-Q-3,10,
SKU-Q-3,11,
SKU-Q-3,12,
SKU-Q-3,13,
SKU-Q-3,14,
SKU-Q-3,15,
SKU-Q-3,16,
SKU-Q-3,17,
SKU-Q-3,18,
SKU-Q-3,19,239.0
SKU-Q-3,20,0.0
SKU-Q-3,21,478.0
SKU-Q-3,22,318.0
SKU-Q-3,23,1751.0
SKU-Q-3,24,1910.0
SKU-Q-3,25,11942.0
SKU-Q-3,26,7484.0
SKU-Q-3,27,21035.0
SKU-Q-3,28,23089.0
SKU-Q-3,29,31608.0
SKU-Q-3,30,29300.0
SKU-Q-3,31,33678.0
SKU-Q-3,32,68152.0
SKU-Q-3,33,64968.0
SKU-Q-3,34,34555.0
SKU-Q-3,35,28026.0
SKU-Q-3,36,87580.0
SKU-Q-3,37,139808.0
SKU-Q-3,38,101592.0
SKU-Q-3,39,50159.0
SKU-Q-3,40,60828.0
SKU-Q-3,41,69744.0
SKU-Q-3,42,50636.0
SKU-Q-3,43,44904.0
SKU-Q-3,44,85430.0
SKU-Q-3,45,124013.0
SKU-Q-3,46,62770.0
SKU-Q-3,47,64649.0
SKU-Q-3,48,119905.0
SKU-Q-3,49,78343.0
SKU-Q-3,50,111624.0
SKU-Q-3,51,101114.0
SKU-Q-3,52,158439.0
SKU-Q-3,53,102548.0
SKU-Q-3,54,80732.0
SKU-Q-3,55,144905.0
SKU-Q-3,56,82165.0
SKU-Q-3,57,117277.0
SKU-Q-3,58,95861.0
SKU-Q-3,59,98090.0
SKU-Q-3,60,119347.0
SKU-Q-3,61,160493.0
SKU-Q-3,62,147055.0
SKU-Q-3,63,157978.0
SKU-Q-3,64,141401.0
SKU-Q-3,65,146304.0
SKU-Q-3,66,111975.0
SKU-Q-3,67,197372.0
SKU-Q-3,68,89108.0
SKU-Q-3,69,98360.0
SKU-Q-3,70,148073.0
SKU-Q-3,71,86847.0
SKU-Q-3,72,113343.0
SKU-Q-3,73,116927.0
SKU-Q-3,74,128344.0
SKU-Q-3,75,143534.0
SKU-Q-3,76,89569.0
SKU-Q-3,77,102277.0
SKU-Q-3,78,173567.0
SKU-Q-3,79,128503.0
SKU-Q-3,80,105414.0
SKU-Q-3,81,116241.0
SKU-Q-3,82,100335.0
SKU-Q-3,83,123679.0
SKU-Q-3,84,60031.0
SKU-Q-3,85,121847.0
SKU-Q-3,86,115604.0
SKU-Q-3,87,66497.0
SKU-Q-3,88,44267.0
SKU-Q-3,89,8279.0
SKU-Q-3,90,59395.0
SKU-Q-3,91,35031.0
SKU-Q-3,92,51433.0
SKU-Q-3,93,15127.0
SKU-Q-3,94,18949.0
SKU-Q-3,95,12580.0
SKU-Q-3,96,20859.0
SKU-Q-3,97,46815.0
SKU-Q-3,98,39220.0
SKU-Q-3,99,24347.0
SKU-Q-3,100,11465.0
SKU-Q-3,101,48885.0
SKU-Q-3,102,36783.0
SKU-Q-3,103,49746.0
SKU-Q-3,104,39443.0
SKU-Q-3,105,39968.0
SKU-Q-3,106,7961.0
SKU-Q-3,107,12230.0
SKU-Q-3,108,17022.0
SKU-Q-3,109,24681.0
SKU-Q-3,110,20700.0
SKU-Q-3,111,24379.0
SKU-Q-3,112,26975.0
SKU-Q-3,113,10636.0
SKU-Q-3,114,20478.0
SKU-Q-3,115,32087.0
SKU-Q-3,116,8933.0
SKU-Q-3,117,32644.0
SKU-Q-3,118,10781.0
SKU-Q-3,119,16210.0
SKU-Q-3,120,17992.0
SKU-Q-3,121,18122.0
SKU-Q-3,122,26671.0
SKU-Q-3,123,12213.0
SKU-Q-3,124,17419.0
SKU-Q-3,125,17945.0
SKU-Q-3,126,12340.0
SKU-Q-3,127,76050.0
SKU-Q-3,128,48248.0
SKU-Q-3,129,34236.0
SKU-Q-3,130,171338.0
SKU-Q-3,131,138504.0
SKU-Q-3,132,81003.0
SKU-Q-3,133,203901.0
SKU-Q-3,134,21975.0
SKU-Q-3,135,60828.0
SKU-Q-3,136,28535.0
SKU-Q-3,137,32405.0
SKU-Q-3,138,105095.0
SKU-Q-3,139,48567.0
SKU-Q-3,140,50844.0
SKU-Q-3,141,44586.0
SKU-Q-3,142,88074.0
SKU-Q-3,143,89172.0
SKU-Q-3,144,36465.0
SKU-Q-3,145,4459.0
SKU-Q-3,146,14809.0
SKU-Q-3,147,64012.0
SKU-Q-3,148,10191.0
SKU-Q-3,149,34713.0
SKU-Q-3,150,20446.0
SKU-Q-3,151,21370.0
SKU-Q-3,152,14889.0
SKU-Q-3,153,47038.0
SKU-Q-3,154,26178.0
SKU-Q-3,155,955.0
SKU-Q-3,156,5414.0
SKU-Q-3,157,35828.0
SKU-Q-3,158,198487.0
SKU-Q-3,159,141385.0
SKU-Q-3,160,106688.0
SKU-Q-3,161,52707.0
SKU-Q-3,162,39969.0
SKU-Q-3,163,94586.0
SKU-Q-3,164,36815.0
SKU-Q-3,165,124745.0
SKU-Q-3,166,20064.0
SKU-Q-3,167,85239.0
SKU-Q-3,168,39665.0
SKU-Q-3,169,11146.0
SKU-Q-3,170,1735.0
SKU-Q-3,171,16242.0
SKU-Q-3,172,34713.0
SKU-Q-3,173,16179.0
SKU-Q-3,174,3981.0
SKU-Q-3,175,45223.0
SKU-Q-3,176,123885.0
SKU-Q-3,177,165446.0
SKU-Q-3,178,7643.0
SKU-Q-3,179,86146.0
SKU-Q-3,180,58917.0
SKU-Q-3,181,48726.0
SKU-Q-3,182,143949.0
SKU-Q-3,183,11752.0
SKU-Q-3,184,108121.0
SKU-Q-3,185,138217.0
SKU-Q-3,186,121497.0
SKU-Q-3,187,113535.0
SKU-Q-4,1,
SKU-Q-4,2,
SKU-Q-4,3,
SKU-Q-4,4,
SKU-Q-4,5,
SKU-Q-4,6,
SKU-Q-4,7,
SKU-Q-4,8,
SKU-Q-4,9,
SKU-Q-4,10,
SKU-Q-4,11,
SKU-Q-4,12,
SKU-Q-4,13,
SKU-Q-4,14,
SKU-Q-4,15,
SKU-Q-4,16,
SKU-Q-4,17,
SKU-Q-4,18,
SKU-Q-4,19,
SKU-Q-4,20,
SKU-Q-4,21,
SKU-Q-4,22,
SKU-Q-4,23,
SKU-Q-4,24,
SKU-Q-4,25,
SKU-Q-4,26,
SKU-Q-4,27,
SKU-Q-4,28,
SKU-Q-4,29,
SKU-Q-4,30,
SKU-Q-4,31,
SKU-Q-4,32,
SKU-Q-4,33,
SKU-Q-4,34,
SKU-Q-4,35,
SKU-Q-4,36,
SKU-Q-4,37,
SKU-Q-4,38,
SKU-Q-4,39,
SKU-Q-4,40,
SKU-Q-4,41,
SKU-Q-4,42,
SKU-Q-4,43,
SKU-Q-4,44,
SKU-Q-4,45,
SKU-Q-4,46,
SKU-Q-4,47,
SKU-Q-4,48,
SKU-Q-4,49,
SKU-Q-4,50,
SKU-Q-4,51,
SKU-Q-4,52,
SKU-Q-4,53,
SKU-Q-4,54,
SKU-Q-4,55,
SKU-Q-4,56,
SKU-Q-4,57,
SKU-Q-4,58,
SKU-Q-4,59,
SKU-Q-4,60,
SKU-Q-4,61,
SKU-Q-4,62,
SKU-Q-4,63,
SKU-Q-4,64,
SKU-Q-4,65,
SKU-Q-4,66,
SKU-Q-4,67,
SKU-Q-4,68,
SKU-Q-4,69,
SKU-Q-4,70,
SKU-Q-4,71,
SKU-Q-4,72,
SKU-Q-4,73,
SKU-Q-4,74,2389.0
SKU-Q-4,75,159.0
SKU-Q-4,76,318.0
SKU-Q-4,77,2707.0
SKU-Q-4,78,1513.0
SKU-Q-4,79,7882.0
SKU-Q-4,80,8439.0
SKU-Q-4,81,17356.0
SKU-Q-4,82,7325.0
SKU-Q-4,83,26911.0
SKU-Q-4,84,23408.0
SKU-Q-4,85,12818.0
SKU-Q-4,86,32802.0
SKU-Q-4,87,32802.0
SKU-Q-4,88,34554.0
SKU-Q-4,89,12421.0
SKU-Q-4,90,23886.0
SKU-Q-4,91,4792.0
SKU-Q-4,92,33758.0
SKU-Q-4,93,14808.0
SKU-Q-4,94,36624.0
SKU-Q-4,95,19841.0
SKU-Q-4,96,32643.0
SKU-Q-4,97,22134.0
SKU-Q-4,98,21179.0
SKU-Q-4,99,27038.0
SKU-Q-4,100,26226.0
SKU-Q-4,101,36927.0
SKU-Q-4,102,48566.0
SKU-Q-4,103,100796.0
SKU-Q-4,104,89331.0
SKU-Q-4,105,37070.0
SKU-Q-4,106,68137.0
SKU-Q-4,107,90031.0
SKU-Q-4,108,97596.0
SKU-Q-4,109,144729.0
SKU-Q-4,110,81242.0
SKU-Q-4,111,43280.0
SKU-Q-4,112,74824.0
SKU-Q-4,113,89602.0
SKU-Q-4,114,127723.0
SKU-Q-4,115,121576.0
SKU-Q-4,116,149141.0
SKU-Q-4,117,123232.0
SKU-Q-4,118,140844.0
SKU-Q-4,119,102914.0
SKU-Q-4,120,147835.0
SKU-Q-4,121,177707.0
SKU-Q-4,122,188264.0
SKU-Q-4,123,174426.0
SKU-Q-4,124,113456.0
SKU-Q-4,125,157435.0
SKU-Q-4,126,192755.0
SKU-Q-4,127,190811.0
SKU-Q-4,128,60032.0
SKU-Q-4,129,161736.0
SKU-Q-4,130,228423.0
SKU-Q-4,131,141768.0
SKU-Q-4,132,187946.0
SKU-Q-4,133,98551.0
SKU-Q-4,134,114029.0
SKU-Q-4,135,147373.0
SKU-Q-4,136,111226.0
SKU-Q-4,137,222611.0
SKU-Q-4,138,166003.0
SKU-Q-4,139,193791.0
SKU-Q-4,140,157610.0
SKU-Q-4,141,106449.0
SKU-Q-4,142,238264.0
SKU-Q-4,143,69538.0
SKU-Q-4,144,47930.0
SKU-Q-4,145,41354.0
SKU-Q-4,146,80096.0
SKU-Q-4,147,128820.0
SKU-Q-4,148,149474.0
SKU-Q-4,149,60127.0
SKU-Q-4,150,72834.0
SKU-Q-4,151,110350.0
SKU-Q-4,152,115860.0
SKU-Q-4,153,162580.0
SKU-Q-4,154,191290.0
SKU-Q-4,155,77372.0
SKU-Q-4,156,48216.0
SKU-Q-4,157,102022.0
SKU-Q-4,158,76704.0
SKU-Q-4,159,61306.0
SKU-Q-4,160,168598.0
SKU-Q-4,161,141481.0
SKU-Q-4,162,134284.0
SKU-Q-4,163,77229.0
SKU-Q-4,164,80891.0
SKU-Q-4,165,68551.0
SKU-Q-4,166,93583.0
SKU-Q-4,167,101433.0
SKU-Q-4,168,52802.0
SKU-Q-4,169,76959.0
SKU-Q-4,170,98631.0
SKU-Q-4,171,36131.0
SKU-Q-4,172,67006.0
SKU-Q-4,173,40064.0
SKU-Q-4,174,66242.0
SKU-Q-4,175,31528.0
SKU-Q-4,176,37691.0
SKU-Q-4,177,45080.0
SKU-Q-4,178,52070.0
SKU-Q-4,179,55860.0
SKU-Q-4,180,71114.0
SKU-Q-4,181,57054.0
SKU-Q-4,182,41927.0
SKU-Q-4,183,68853.0
SKU-Q-4,184,63217.0
SKU-Q-4,185,25718.0
SKU-Q-4,186,29618.0
SKU-Q-4,187,42197.0
SKU-Q-5,1,
SKU-Q-5,2,
SKU-Q-5,3,
SKU-Q-5,4,
SKU-Q-5,5,
SKU-Q-5,6,
SKU-Q-5,7,
SKU-Q-5,8,
SKU-Q-5,9,
SKU-Q-5,10,
SKU-Q-5,11,
SKU-Q-5,12,
SKU-Q-5,13,
SKU-Q-5,14,
SKU-Q-5,15,
SKU-Q-5,16,
SKU-Q-5,17,
SKU-Q-5,18,
SKU-Q-5,19,
SKU-Q-5,20,
SKU-Q-5,21,
SKU-Q-5,22,
SKU-Q-5,23,
SKU-Q-5,24,
SKU-Q-5,25,
SKU-Q-5,26,
SKU-Q-5,27,
SKU-Q-5,28,
SKU-Q-5,29,
SKU-Q-5,30,
SKU-Q-5,31,
SKU-Q-5,32,
SKU-Q-5,33,
SKU-Q-5,34,
SKU-Q-5,35,
SKU-Q-5,36,
SKU-Q-5,37,
SKU-Q-5,38,
SKU-Q-5,39,
SKU-Q-5,40,
SKU-Q-5,41,
SKU-Q-5,42,
SKU-Q-5,43,
SKU-Q-5,44,
SKU-Q-5,45,
SKU-Q-5,46,
SKU-Q-5,47,
SKU-Q-5,48,
SKU-Q-5,49,
SKU-Q-5,50,
SKU-Q-5,51,
SKU-Q-5,52,
SKU-Q-5,53,
SKU-Q-5,54,
SKU-Q-5,55,
SKU-Q-5,56,
SKU-Q-5,57,
SKU-Q-5,58,
SKU-Q-5,59,
SKU-Q-5,60,
SKU-Q-5,61,
SKU-Q-5,62,
SKU-Q-5,63,
SKU-Q-5,64,
SKU-Q-5,65,
SKU-Q-5,66,
SKU-Q-5,67,
SKU-Q-5,68,
SKU-Q-5,69,
SKU-Q-5,70,
SKU-Q-5,71,
SKU-Q-5,72,
SKU-Q-5,73,
SKU-Q-5,74,
SKU-Q-5,75,
SKU-Q-5,76,
SKU-Q-5,77,
SKU-Q-5,78,
SKU-Q-5,79,
SKU-Q-5,80,
SKU-Q-5,81,
SKU-Q-5,82,
SKU-Q-5,83,
SKU-Q-5,84,
SKU-Q-5,85,
SKU-Q-5,86,
SKU-Q-5,87,
SKU-Q-5,88,
SKU-Q-5,89,
SKU-Q-5,90,
SKU-Q-5,91,
SKU-Q-5,92,
SKU-Q-5,93,
SKU-Q-5,94,
SKU-Q-5,95,
SKU-Q-5,96,
SKU-Q-5,97,
SKU-Q-5,98,
SKU-Q-5,99,
SKU-Q-5,100,
SKU-Q-5,101,
SKU-Q-5,102,
SKU-Q-5,103,
SKU-Q-5,104,
SKU-Q-5,105,
SKU-Q-5,106,
SKU-Q-5,107,
SKU-Q-5,108,
SKU-Q-5,109,
SKU-Q-5,110,
SKU-Q-5,111,
SKU-Q-5,112,
SKU-Q-5,113,
SKU-Q-5,114,
SKU-Q-5,115,
SKU-Q-5,116,
SKU-Q-5,117,
SKU-Q-5,118,
SKU-Q-5,119,
SKU-Q-5,120,
SKU-Q-5,121,
SKU-Q-5,122,
SKU-Q-5,123,
SKU-Q-5,124,
SKU-Q-5,125,
SKU-Q-5,126,
SKU-Q-5,127,
SKU-Q-5,128,
SKU-Q-5,129,
SKU-Q-5,130,
SKU-Q-5,131,
SKU-Q-5,132,
SKU-Q-5,133,
SKU-Q-5,134,
SKU-Q-5,135,
SKU-Q-5,136,
SKU-Q-5,137,
SKU-Q-5,138,
SKU-Q-5,139,
SKU-Q-5,140,
SKU-Q-5,141,
SKU-Q-5,142,
SKU-Q-5,143,
SKU-Q-5,144,
SKU-Q-5,145,
SKU-Q-5,146,
SKU-Q-5,147,
SKU-Q-5,148,
SKU-Q-5,149,
SKU-Q-5,150,
SKU-Q-5,151,
SKU-Q-5,152,
SKU-Q-5,153,
SKU-Q-5,154,
SKU-Q-5,155,
SKU-Q-5,156,
SKU-Q-5,157,
SKU-Q-5,158,
SKU-Q-5,159,
SKU-Q-5,160,
SKU-Q-5,161,
SKU-Q-5,162,
SKU-Q-5,163,
SKU-Q-5,164,
SKU-Q-5,165,
SKU-Q-5,166,22611.0
SKU-Q-5,167,9666.0
SKU-Q-5,168,8503.0
SKU-Q-5,169,25144.0
SKU-Q-5,170,74808.0
SKU-Q-5,171,37229.0
SKU-Q-5,172,49712.0
SKU-Q-5,173,19553.0
SKU-Q-5,174,29778.0
SKU-Q-5,175,46050.0
SKU-Q-5,176,53200.0
SKU-Q-5,177,78297.0
SKU-Q-5,178,38312.0
SKU-Q-5,179,138407.0
SKU-Q-5,180,148726.0
SKU-Q-5,181,122483.0
SKU-Q-5,182,47037.0
SKU-Q-5,183,48742.0
SKU-Q-5,184,23376.0
SKU-Q-5,185,128519.0
SKU-Q-5,186,121544.0
SKU-Q-5,187,140891.0
SKU-R-4,1,
SKU-R-4,2,
SKU-R-4,3,
SKU-R-4,4,
SKU-R-4,5,
SKU-R-4,6,
SKU-R-4,7,
SKU-R-4,8,
SKU-R-4,9,
SKU-R-4,10,
SKU-R-4,11,
SKU-R-4,12,
SKU-R-4,13,
SKU-R-4,14,
SKU-R-4,15,
SKU-R-4,16,
SKU-R-4,17,
SKU-R-4,18,
SKU-R-4,19,
SKU-R-4,20,
SKU-R-4,21,
SKU-R-4,22,
SKU-R-4,23,
SKU-R-4,24,
SKU-R-4,25,
SKU-R-4,26,
SKU-R-4,27,
SKU-R-4,28,
SKU-R-4,29,
SKU-R-4,30,
SKU-R-4,31,
SKU-R-4,32,
SKU-R-4,33,
SKU-R-4,34,
SKU-R-4,35,
SKU-R-4,36,
SKU-R-4,37,
SKU-R-4,38,
SKU-R-4,39,
SKU-R-4,40,
SKU-R-4,41,
SKU-R-4,42,
SKU-R-4,43,
SKU-R-4,44,
SKU-R-4,45,
SKU-R-4,46,
SKU-R-4,47,
SKU-R-4,48,
SKU-R-4,49,
SKU-R-4,50,
SKU-R-4,51,
SKU-R-4,52,
SKU-R-4,53,
SKU-R-4,54,
SKU-R-4,55,
SKU-R-4,56,
SKU-R-4,57,
SKU-R-4,58,
SKU-R-4,59,
SKU-R-4,60,
SKU-R-4,61,
SKU-R-4,62,
SKU-R-4,63,
SKU-R-4,64,
SKU-R-4,65,
SKU-R-4,66,
SKU-R-4,67,
SKU-R-4,68,
SKU-R-4,69,
SKU-R-4,70,
SKU-R-4,71,
SKU-R-4,72,
SKU-R-4,73,
SKU-R-4,74,
SKU-R-4,75,
SKU-R-4,76,
SKU-R-4,77,
SKU-R-4,78,
SKU-R-4,79,
SKU-R-4,80,3312.0
SKU-R-4,81,2739.0
SKU-R-4,82,3694.0
SKU-R-4,83,22452.0
SKU-R-4,84,10668.0
SKU-R-4,85,8598.0
SKU-R-4,86,9554.0
SKU-R-4,87,7166.0
SKU-R-4,88,5892.0
SKU-R-4,89,955.0
SKU-R-4,90,18312.0
SKU-R-4,91,2707.0
SKU-R-4,92,18631.0
SKU-R-4,93,6210.0
SKU-R-4,94,4937.0
SKU-R-4,95,8917.0
SKU-R-4,96,8598.0
SKU-R-4,97,14171.0
SKU-R-4,98,34872.0
SKU-R-4,99,6687.0
SKU-R-4,100,7325.0
SKU-R-4,101,3344.0
SKU-R-4,102,7006.0
SKU-R-4,103,11146.0
SKU-R-4,104,9713.0
SKU-R-4,105,25923.0
SKU-R-4,106,24362.0
SKU-R-4,107,5334.0
SKU-R-4,108,10716.0
SKU-R-4,109,13631.0
SKU-R-4,110,4618.0
SKU-R-4,111,5254.0
SKU-R-4,112,2436.0
SKU-R-4,113,6529.0
SKU-R-4,114,8280.0
SKU-R-4,115,6051.0
SKU-R-4,116,14904.0
SKU-R-4,117,11146.0
SKU-R-4,118,22611.0
SKU-R-4,119,4872.0
SKU-R-4,120,25955.0
SKU-R-4,121,37165.0
SKU-R-4,122,21338.0
SKU-R-4,123,9076.0
SKU-R-4,124,5414.0
SKU-R-4,125,5733.0
SKU-R-4,126,17866.0
SKU-R-4,127,9395.0
SKU-R-4,128,4617.0
SKU-R-4,129,2548.0
SKU-R-4,130,6051.0
SKU-R-4,131,9554.0
SKU-R-4,132,13694.0
SKU-R-4,133,15286.0
SKU-R-4,134,4777.0
SKU-R-4,135,7165.0
SKU-R-4,136,6210.0
SKU-R-4,137,1591.0
SKU-R-4,138,3344.0
SKU-R-4,139,12898.0
SKU-R-4,140,7947.0
SKU-R-4,141,11019.0
SKU-R-4,142,14618.0
SKU-R-4,143,4649.0
SKU-R-4,144,4141.0
SKU-R-4,145,6529.0
SKU-R-4,146,11433.0
SKU-R-4,147,6369.0
SKU-R-4,148,5366.0
SKU-R-4,149,1035.0
SKU-R-4,150,5765.0
SKU-R-4,151,5445.0
SKU-R-4,152,3439.0
SKU-R-4,153,5461.0
SKU-R-4,154,5669.0
SKU-R-4,155,5000.0
SKU-R-4,156,3344.0
SKU-R-4,157,7007.0
SKU-R-4,158,5525.0
SKU-R-4,159,5000.0
SKU-R-4,160,2070.0
SKU-R-4,161,7993.0
SKU-R-4,162,2150.0
SKU-R-4,163,796.0
SKU-R-4,164,2500.0
SKU-R-4,165,9490.0
SKU-R-4,166,5366.0
SKU-R-4,167,3184.0
SKU-R-4,168,1752.0
SKU-R-4,169,5764.0
SKU-R-4,170,8519.0
SKU-R-4,171,1671.0
SKU-R-4,172,4681.0
SKU-R-4,173,4443.0
SKU-R-4,174,6895.0
SKU-R-4,175,2150.0
SKU-R-4,176,1274.0
SKU-R-4,177,3025.0
SKU-R-4,178,557.0
SKU-R-4,179,1672.0
SKU-R-4,180,1178.0
SKU-R-4,181,796.0
SKU-R-4,182,3981.0
SKU-R-4,183,1768.0
SKU-R-4,184,3423.0
SKU-R-4,185,3694.0
SKU-R-4,186,637.0
SKU-R-4,187,1115.0
SKU-R-5,1,
SKU-R-5,2,
SKU-R-5,3,
SKU-R-5,4,
SKU-R-5,5,
SKU-R-5,6,
SKU-R-5,7,
SKU-R-5,8,
SKU-R-5,9,
SKU-R-5,10,
SKU-R-5,11,
SKU-R-5,12,
SKU-R-5,13,
SKU-R-5,14,
SKU-R-5,15,
SKU-R-5,16,
SKU-R-5,17,
SKU-R-5,18,
SKU-R-5,19,
SKU-R-5,20,
SKU-R-5,21,
SKU-R-5,22,
SKU-R-5,23,
SKU-R-5,24,
SKU-R-5,25,
SKU-R-5,26,
SKU-R-5,27,
SKU-R-5,28,
SKU-R-5,29,
SKU-R-5,30,
SKU-R-5,31,
SKU-R-5,32,
SKU-R-5,33,
SKU-R-5,34,
SKU-R-5,35,
SKU-R-5,36,
SKU-R-5,37,
SKU-R-5,38,
SKU-R-5,39,
SKU-R-5,40,
SKU-R-5,41,
SKU-R-5,42,
SKU-R-5,43,
SKU-R-5,44,
SKU-R-5,45,
SKU-R-5,46,
SKU-R-5,47,
SKU-R-5,48,
SKU-R-5,49,
SKU-R-5,50,
SKU-R-5,51,
SKU-R-5,52,
SKU-R-5,53,
SKU-R-5,54,
SKU-R-5,55,
SKU-R-5,56,
SKU-R-5,57,
SKU-R-5,58,
SKU-R-5,59,
SKU-R-5,60,
SKU-R-5,61,
SKU-R-5,62,
SKU-R-5,63,
SKU-R-5,64,
SKU-R-5,65,
SKU-R-5,66,
SKU-R-5,67,
SKU-R-5,68,
SKU-R-5,69,
SKU-R-5,70,
SKU-R-5,71,
SKU-R-5,72,
SKU-R-5,73,
SKU-R-5,74,
SKU-R-5,75,
SKU-R-5,76,
SKU-R-5,77,
SKU-R-5,78,
SKU-R-5,79,
SKU-R-5,80,
SKU-R-5,81,
SKU-R-5,82,
SKU-R-5,83,
SKU-R-5,84,
SKU-R-5,85,
SKU-R-5,86,
SKU-R-5,87,
SKU-R-5,88,
SKU-R-5,89,
SKU-R-5,90,
SKU-R-5,91,
SKU-R-5,92,
SKU-R-5,93,
SKU-R-5,94,
SKU-R-5,95,
SKU-R-5,96,
SKU-R-5,97,
SKU-R-5,98,
SKU-R-5,99,
SKU-R-5,100,
SKU-R-5,101,
SKU-R-5,102,
SKU-R-5,103,
SKU-R-5,104,
SKU-R-5,105,
SKU-R-5,106,
SKU-R-5,107,
SKU-R-5,108,
SKU-R-5,109,
SKU-R-5,110,
SKU-R-5,111,
SKU-R-5,112,
SKU-R-5,113,
SKU-R-5,114,
SKU-R-5,115,
SKU-R-5,116,
SKU-R-5,117,
SKU-R-5,118,
SKU-R-5,119,
SKU-R-5,120,
SKU-R-5,121,
SKU-R-5,122,
SKU-R-5,123,
SKU-R-5,124,
SKU-R-5,125,
SKU-R-5,126,
SKU-R-5,127,
SKU-R-5,128,
SKU-R-5,129,
SKU-R-5,130,
SKU-R-5,131,
SKU-R-5,132,
SKU-R-5,133,
SKU-R-5,134,
SKU-R-5,135,
SKU-R-5,136,
SKU-R-5,137,
SKU-R-5,138,
SKU-R-5,139,
SKU-R-5,140,
SKU-R-5,141,
SKU-R-5,142,
SKU-R-5,143,
SKU-R-5,144,
SKU-R-5,145,
SKU-R-5,146,
SKU-R-5,147,
SKU-R-5,148,
SKU-R-5,149,
SKU-R-5,150,
SKU-R-5,151,
SKU-R-5,152,
SKU-R-5,153,
SKU-R-5,154,
SKU-R-5,155,
SKU-R-5,156,
SKU-R-5,157,
SKU-R-5,158,
SKU-R-5,159,
SKU-R-5,160,
SKU-R-5,161,
SKU-R-5,162,12898.0
SKU-R-5,163,8838.0
SKU-R-5,164,1497.0
SKU-R-5,165,2261.0
SKU-R-5,166,4538.0
SKU-R-5,167,19013.0
SKU-R-5,168,11385.0
SKU-R-5,169,17245.0
SKU-R-5,170,10732.0
SKU-R-5,171,20605.0
SKU-R-5,172,11004.0
SKU-R-5,173,8376.0
SKU-R-5,174,24507.0
SKU-R-5,175,28599.0
SKU-R-5,176,22771.0
SKU-R-5,177,21258.0
SKU-R-5,178,11672.0
SKU-R-5,179,13487.0
SKU-R-5,180,6480.0
SKU-R-5,181,11753.0
SKU-R-5,182,17866.0
SKU-R-5,183,14171.0
SKU-R-5,184,25255.0
SKU-R-5,185,16768.0
SKU-R-5,186,40510.0
SKU-R-5,187,33026.0
SKU-S-2,1,83759.0
SKU-S-2,2,86465.0
SKU-S-2,3,108121.0
SKU-S-2,4,91720.0
SKU-S-2,5,152070.0
SKU-S-2,6,82802.0
SKU-S-2,7,91242.0
SKU-S-2,8,83598.0
SKU-S-2,9,131687.0
SKU-S-2,10,100478.0
SKU-S-2,11,94903.0
SKU-S-2,12,174523.0
SKU-S-2,13,189491.0
SKU-S-2,14,112580.0
SKU-S-2,15,95143.0
SKU-S-2,16,71178.0
SKU-S-2,17,79935.0
SKU-S-2,18,159395.0
SKU-S-2,19,95318.0
SKU-S-2,20,60748.0
SKU-S-2,21,72404.0
SKU-S-2,22,66879.0
SKU-S-2,23,58582.0
SKU-S-2,24,55415.0
SKU-S-2,25,62580.0
SKU-S-2,26,100796.0
SKU-S-2,27,68010.0
SKU-S-2,28,98726.0
SKU-S-2,29,111147.0
SKU-S-2,30,97452.0
SKU-S-2,31,127548.0
SKU-S-2,32,81050.0
SKU-S-2,33,73407.0
SKU-S-2,34,51114.0
SKU-S-2,35,58440.0
SKU-S-2,36,135987.0
SKU-S-2,37,96497.0
SKU-S-2,38,96495.0
SKU-S-2,39,44905.0
SKU-S-2,40,63535.0
SKU-S-2,41,26433.0
SKU-S-2,42,27389.0
SKU-S-2,43,41401.0
SKU-S-2,44,48726.0
SKU-S-2,45,32006.0
SKU-S-2,46,30413.0
SKU-S-2,47,34235.0
SKU-S-2,48,43631.0
SKU-S-2,49,33280.0
SKU-S-2,50,38057.0
SKU-S-2,51,36783.0
SKU-S-2,52,37580.0
SKU-S-2,53,59713.0
SKU-S-2,54,57643.0
SKU-S-2,55,29299.0
SKU-S-2,56,14808.0
SKU-S-2,57,39330.0
SKU-S-2,58,14730.0
SKU-S-2,59,20860.0
SKU-S-2,60,24044.0
SKU-S-2,61,18327.0
SKU-S-2,62,21131.0
SKU-S-2,63,29809.0
SKU-S-2,64,17659.0
SKU-S-2,65,43328.0
SKU-S-2,66,22898.0
SKU-S-2,67,21163.0
SKU-S-2,68,14314.0
SKU-S-2,69,19061.0
SKU-S-2,70,17643.0
SKU-S-2,71,17515.0
SKU-S-2,72,23153.0
SKU-S-2,73,15621.0
SKU-S-2,74,10431.0
SKU-S-2,75,16561.0
SKU-S-2,76,10429.0
SKU-S-2,77,13057.0
SKU-S-2,78,14888.0
SKU-S-2,79,10668.0
SKU-S-2,80,27389.0
SKU-S-2,81,17675.0
SKU-S-2,82,19746.0
SKU-S-2,83,3981.0
SKU-S-2,84,16003.0
SKU-S-2,85,10828.0
SKU-S-2,86,15127.0
SKU-S-2,87,16831.0
SKU-S-2,88,13694.0
SKU-S-2,89,12102.0
SKU-S-2,90,12484.0
SKU-S-2,91,5732.0
SKU-S-2,92,6051.0
SKU-S-2,93,5891.0
SKU-S-2,94,5733.0
SKU-S-2,95,2404.0
SKU-S-2,96,3695.0
SKU-S-2,97,6020.0
SKU-S-2,98,4777.0
SKU-S-2,99,3662.0
SKU-S-2,100,5844.0
SKU-S-2,101,4139.0
SKU-S-2,102,6131.0
SKU-S-2,103,4220.0
SKU-S-2,104,5175.0
SKU-S-2,105,16417.0
SKU-S-2,106,1720.0
SKU-S-2,107,1274.0
SKU-S-2,108,5573.0
SKU-S-2,109,478.0
SKU-S-2,110,1274.0
SKU-S-2,111,3344.0
SKU-S-2,112,4299.0
SKU-S-2,113,1433.0
SKU-S-2,114,637.0
SKU-S-2,115,159.0
SKU-S-2,116,
SKU-S-2,117,
SKU-S-2,118,
SKU-S-2,119,
SKU-S-2,120,
SKU-S-2,121,
SKU-S-2,122,
SKU-S-2,123,
SKU-S-2,124,
SKU-S-2,125,
SKU-S-2,126,
SKU-S-2,127,
SKU-S-2,128,
SKU-S-2,129,
SKU-S-2,130,
SKU-S-2,131,
SKU-S-2,132,
SKU-S-2,133,
SKU-S-2,134,
SKU-S-2,135,
SKU-S-2,136,
SKU-S-2,137,
SKU-S-2,138,
SKU-S-2,139,
SKU-S-2,140,
SKU-S-2,141,
SKU-S-2,142,
SKU-S-2,143,
SKU-S-2,144,
SKU-S-2,145,
SKU-S-2,146,
SKU-S-2,147,
SKU-S-2,148,
SKU-S-2,149,
SKU-S-2,150,
SKU-S-2,151,
SKU-S-2,152,
SKU-S-2,153,
SKU-S-2,154,
SKU-S-2,155,
SKU-S-2,156,
SKU-S-2,157,
SKU-S-2,158,
SKU-S-2,159,
SKU-S-2,160,
SKU-S-2,161,
SKU-S-2,162,
SKU-S-2,163,
SKU-S-2,164,
SKU-S-2,165,
SKU-S-2,166,
SKU-S-2,167,
SKU-S-2,168,
SKU-S-2,169,
SKU-S-2,170,
SKU-S-2,171,
SKU-S-2,172,
SKU-S-2,173,
SKU-S-2,174,
SKU-S-2,175,
SKU-S-2,176,
SKU-S-2,177,
SKU-S-2,178,
SKU-S-2,179,
SKU-S-2,180,
SKU-S-2,181,
SKU-S-2,182,
SKU-S-2,183,
SKU-S-2,184,
SKU-S-2,185,
SKU-S-2,186,
SKU-S-2,187,
SKU-S-3,1,
SKU-S-3,2,
SKU-S-3,3,
SKU-S-3,4,
SKU-S-3,5,
SKU-S-3,6,
SKU-S-3,7,
SKU-S-3,8,
SKU-S-3,9,
SKU-S-3,10,
SKU-S-3,11,
SKU-S-3,12,
SKU-S-3,13,
SKU-S-3,14,
SKU-S-3,15,
SKU-S-3,16,
SKU-S-3,17,
SKU-S-3,18,
SKU-S-3,19,
SKU-S-3,20,
SKU-S-3,21,
SKU-S-3,22,637.0
SKU-S-3,23,0.0
SKU-S-3,24,7149.0
SKU-S-3,25,10541.0
SKU-S-3,26,14172.0
SKU-S-3,27,4937.0
SKU-S-3,28,29012.0
SKU-S-3,29,21814.0
SKU-S-3,30,29300.0
SKU-S-3,31,57167.0
SKU-S-3,32,36146.0
SKU-S-3,33,32962.0
SKU-S-3,34,34872.0
SKU-S-3,35,23981.0
SKU-S-3,36,58599.0
SKU-S-3,37,32644.0
SKU-S-3,38,80334.0
SKU-S-3,39,105255.0
SKU-S-3,40,27229.0
SKU-S-3,41,24681.0
SKU-S-3,42,48886.0
SKU-S-3,43,37260.0
SKU-S-3,44,66879.0
SKU-S-3,45,48726.0
SKU-S-3,46,32802.0
SKU-S-3,47,73805.0
SKU-S-3,48,58360.0
SKU-S-3,49,78344.0
SKU-S-3,50,77388.0
SKU-S-3,51,81370.0
SKU-S-3,52,72293.0
SKU-S-3,53,64332.0
SKU-S-3,54,106273.0
SKU-S-3,55,93471.0
SKU-S-3,56,41720.0
SKU-S-3,57,58916.0
SKU-S-3,58,53343.0
SKU-S-3,59,67564.0
SKU-S-3,60,90126.0
SKU-S-3,61,77006.0
SKU-S-3,62,82007.0
SKU-S-3,63,71337.0
SKU-S-3,64,77706.0
SKU-S-3,65,82483.0
SKU-S-3,66,109905.0
SKU-S-3,67,93535.0
SKU-S-3,68,54921.0
SKU-S-3,69,47468.0
SKU-S-3,70,89156.0
SKU-S-3,71,105637.0
SKU-S-3,72,98583.0
SKU-S-3,73,63551.0
SKU-S-3,74,67898.0
SKU-S-3,75,66146.0
SKU-S-3,76,39713.0
SKU-S-3,77,66974.0
SKU-S-3,78,116337.0
SKU-S-3,79,81846.0
SKU-S-3,80,89808.0
SKU-S-3,81,70382.0
SKU-S-3,82,55573.0
SKU-S-3,83,69251.0
SKU-S-3,84,38217.0
SKU-S-3,85,56641.0
SKU-S-3,86,60765.0
SKU-S-3,87,39013.0
SKU-S-3,88,48089.0
SKU-S-3,89,51146.0
SKU-S-3,90,68201.0
SKU-S-3,91,38376.0
SKU-S-3,92,21975.0
SKU-S-3,93,19427.0
SKU-S-3,94,24554.0
SKU-S-3,95,42198.0
SKU-S-3,96,23249.0
SKU-S-3,97,42071.0
SKU-S-3,98,29172.0
SKU-S-3,99,23200.0
SKU-S-3,100,14220.0
SKU-S-3,101,53025.0
SKU-S-3,102,28693.0
SKU-S-3,103,30303.0
SKU-S-3,104,21704.0
SKU-S-3,105,29331.0
SKU-S-3,106,50636.0
SKU-S-3,107,21673.0
SKU-S-3,108,20653.0
SKU-S-3,109,70876.0
SKU-S-3,110,40605.0
SKU-S-3,111,7945.0
SKU-S-3,112,13137.0
SKU-S-3,113,17467.0
SKU-S-3,114,12724.0
SKU-S-3,115,16751.0
SKU-S-3,116,15622.0
SKU-S-3,117,12755.0
SKU-S-3,118,10446.0
SKU-S-3,119,10796.0
SKU-S-3,120,10876.0
SKU-S-3,121,10223.0
SKU-S-3,122,9045.0
SKU-S-3,123,9873.0
SKU-S-3,124,13790.0
SKU-S-3,125,17835.0
SKU-S-3,126,6465.0
SKU-S-3,127,3535.0
SKU-S-3,128,1273.0
SKU-S-3,129,11178.0
SKU-S-3,130,4459.0
SKU-S-3,131,956.0
SKU-S-3,132,3153.0
SKU-S-3,133,1862.0
SKU-S-3,134,3281.0
SKU-S-3,135,2325.0
SKU-S-3,136,1911.0
SKU-S-3,137,4744.0
SKU-S-3,138,637.0
SKU-S-3,139,1911.0
SKU-S-3,140,1911.0
SKU-S-3,141,1513.0
SKU-S-3,142,1115.0
SKU-S-3,143,1115.0
SKU-S-3,144,318.0
SKU-S-3,145,1226.0
SKU-S-3,146,0.0
SKU-S-3,147,318.0
SKU-S-3,148,955.0
SKU-S-3,149,191.0
SKU-S-3,150,526.0
SKU-S-3,151,1592.0
SKU-S-3,152,1147.0
SKU-S-3,153,0.0
SKU-S-3,154,732.0
SKU-S-3,155,334.0
SKU-S-3,156,478.0
SKU-S-3,157,812.0
SKU-S-3,158,159.0
SKU-S-3,159,366.0
SKU-S-3,160,0.0
SKU-S-3,161,955.0
SKU-S-3,162,318.0
SKU-S-3,163,955.0
SKU-S-3,164,159.0
SKU-S-3,165,159.0
SKU-S-3,166,1274.0
SKU-S-3,167,366.0
SKU-S-3,168,0.0
SKU-S-3,169,159.0
SKU-S-3,170,764.0
SKU-S-3,171,1433.0
SKU-S-3,172,318.0
SKU-S-3,173,318.0
SKU-S-3,174,159.0
SKU-S-3,175,0.0
SKU-S-3,176,0.0
SKU-S-3,177,0.0
SKU-S-3,178,0.0
SKU-S-3,179,0.0
SKU-S-3,180,0.0
SKU-S-3,181,0.0
SKU-S-3,182,0.0
SKU-S-3,183,318.0
SKU-S-3,184,
SKU-S-3,185,
SKU-S-3,186,
SKU-S-3,187,
SKU-S-4,1,
SKU-S-4,2,
SKU-S-4,3,
SKU-S-4,4,
SKU-S-4,5,
SKU-S-4,6,
SKU-S-4,7,
SKU-S-4,8,
SKU-S-4,9,
SKU-S-4,10,
SKU-S-4,11,
SKU-S-4,12,
SKU-S-4,13,
SKU-S-4,14,
SKU-S-4,15,
SKU-S-4,16,
SKU-S-4,17,
SKU-S-4,18,
SKU-S-4,19,
SKU-S-4,20,
SKU-S-4,21,
SKU-S-4,22,
SKU-S-4,23,
SKU-S-4,24,
SKU-S-4,25,
SKU-S-4,26,
SKU-S-4,27,
SKU-S-4,28,
SKU-S-4,29,
SKU-S-4,30,
SKU-S-4,31,
SKU-S-4,32,
SKU-S-4,33,
SKU-S-4,34,
SKU-S-4,35,
SKU-S-4,36,
SKU-S-4,37,
SKU-S-4,38,
SKU-S-4,39,
SKU-S-4,40,
SKU-S-4,41,
SKU-S-4,42,
SKU-S-4,43,
SKU-S-4,44,
SKU-S-4,45,
SKU-S-4,46,
SKU-S-4,47,
SKU-S-4,48,
SKU-S-4,49,
SKU-S-4,50,
SKU-S-4,51,
SKU-S-4,52,
SKU-S-4,53,
SKU-S-4,54,
SKU-S-4,55,
SKU-S-4,56,
SKU-S-4,57,
SKU-S-4,58,
SKU-S-4,59,
SKU-S-4,60,
SKU-S-4,61,
SKU-S-4,62,
SKU-S-4,63,
SKU-S-4,64,
SKU-S-4,65,
SKU-S-4,66,
SKU-S-4,67,
SKU-S-4,68,
SKU-S-4,69,
SKU-S-4,70,
SKU-S-4,71,
SKU-S-4,72,
SKU-S-4,73,
SKU-S-4,74,
SKU-S-4,75,
SKU-S-4,76,
SKU-S-4,77,
SKU-S-4,78,
SKU-S-4,79,
SKU-S-4,80,7325.0
SKU-S-4,81,6768.0
SKU-S-4,82,7214.0
SKU-S-4,83,10827.0
SKU-S-4,84,15445.0
SKU-S-4,85,10350.0
SKU-S-4,86,26752.0
SKU-S-4,87,13693.0
SKU-S-4,88,15605.0
SKU-S-4,89,18472.0
SKU-S-4,90,16241.0
SKU-S-4,91,11305.0
SKU-S-4,92,13217.0
SKU-S-4,93,7962.0
SKU-S-4,94,3980.0
SKU-S-4,95,10987.0
SKU-S-4,96,20382.0
SKU-S-4,97,6672.0
SKU-S-4,98,11464.0
SKU-S-4,99,17754.0
SKU-S-4,100,36322.0
SKU-S-4,101,35270.0
SKU-S-4,102,28711.0
SKU-S-4,103,47054.0
SKU-S-4,104,96003.0
SKU-S-4,105,50701.0
SKU-S-4,106,30414.0
SKU-S-4,107,39555.0
SKU-S-4,108,29426.0
SKU-S-4,109,57022.0
SKU-S-4,110,75860.0
SKU-S-4,111,22133.0
SKU-S-4,112,37197.0
SKU-S-4,113,56368.0
SKU-S-4,114,48041.0
SKU-S-4,115,56130.0
SKU-S-4,116,99204.0
SKU-S-4,117,45876.0
SKU-S-4,118,50924.0
SKU-S-4,119,72898.0
SKU-S-4,120,118775.0
SKU-S-4,121,81194.0
SKU-S-4,122,83998.0
SKU-S-4,123,78614.0
SKU-S-4,124,95988.0
SKU-S-4,125,67198.0
SKU-S-4,126,46641.0
SKU-S-4,127,70732.0
SKU-S-4,128,81911.0
SKU-S-4,129,63694.0
SKU-S-4,130,105636.0
SKU-S-4,131,59746.0
SKU-S-4,132,77739.0
SKU-S-4,133,116113.0
SKU-S-4,134,49855.0
SKU-S-4,135,167229.0
SKU-S-4,136,53456.0
SKU-S-4,137,102802.0
SKU-S-4,138,91162.0
SKU-S-4,139,62405.0
SKU-S-4,140,100001.0
SKU-S-4,141,85941.0
SKU-S-4,142,157293.0
SKU-S-4,143,27675.0
SKU-S-4,144,28344.0
SKU-S-4,145,43598.0
SKU-S-4,146,57691.0
SKU-S-4,147,51257.0
SKU-S-4,148,153424.0
SKU-S-4,149,94873.0
SKU-S-4,150,57563.0
SKU-S-4,151,80700.0
SKU-S-4,152,62755.0
SKU-S-4,153,63376.0
SKU-S-4,154,55477.0
SKU-S-4,155,62038.0
SKU-S-4,156,42421.0
SKU-S-4,157,60988.0
SKU-S-4,158,53391.0
SKU-S-4,159,57882.0
SKU-S-4,160,56576.0
SKU-S-4,161,31066.0
SKU-S-4,162,42676.0
SKU-S-4,163,43934.0
SKU-S-4,164,55876.0
SKU-S-4,165,30016.0
SKU-S-4,166,36513.0
SKU-S-4,167,37611.0
SKU-S-4,168,22468.0
SKU-S-4,169,31975.0
SKU-S-4,170,68934.0
SKU-S-4,171,26784.0
SKU-S-4,172,50160.0
SKU-S-4,173,39585.0
SKU-S-4,174,21114.0
SKU-S-4,175,31402.0
SKU-S-4,176,13375.0
SKU-S-4,177,14474.0
SKU-S-4,178,33041.0
SKU-S-4,179,51433.0
SKU-S-4,180,26082.0
SKU-S-4,181,13853.0
SKU-S-4,182,19235.0
SKU-S-4,183,4555.0
SKU-S-4,184,5636.0
SKU-S-4,185,11464.0
SKU-S-4,186,16401.0
SKU-S-4,187,2230.0
SKU-S-5,1,
SKU-S-5,2,
SKU-S-5,3,
SKU-S-5,4,
SKU-S-5,5,
SKU-S-5,6,
SKU-S-5,7,
SKU-S-5,8,
SKU-S-5,9,
SKU-S-5,10,
SKU-S-5,11,
SKU-S-5,12,
SKU-S-5,13,
SKU-S-5,14,
SKU-S-5,15,
SKU-S-5,16,
SKU-S-5,17,
SKU-S-5,18,
SKU-S-5,19,
SKU-S-5,20,
SKU-S-5,21,
SKU-S-5,22,
SKU-S-5,23,
SKU-S-5,24,
SKU-S-5,25,
SKU-S-5,26,
SKU-S-5,27,
SKU-S-5,28,
SKU-S-5,29,
SKU-S-5,30,
SKU-S-5,31,
SKU-S-5,32,
SKU-S-5,33,
SKU-S-5,34,
SKU-S-5,35,
SKU-S-5,36,
SKU-S-5,37,
SKU-S-5,38,
SKU-S-5,39,
SKU-S-5,40,
SKU-S-5,41,
SKU-S-5,42,
SKU-S-5,43,
SKU-S-5,44,
SKU-S-5,45,
SKU-S-5,46,
SKU-S-5,47,
SKU-S-5,48,
SKU-S-5,49,
SKU-S-5,50,
SKU-S-5,51,
SKU-S-5,52,
SKU-S-5,53,
SKU-S-5,54,
SKU-S-5,55,
SKU-S-5,56,
SKU-S-5,57,
SKU-S-5,58,
SKU-S-5,59,
SKU-S-5,60,
SKU-S-5,61,
SKU-S-5,62,
SKU-S-5,63,
SKU-S-5,64,
SKU-S-5,65,
SKU-S-5,66,
SKU-S-5,67,
SKU-S-5,68,
SKU-S-5,69,
SKU-S-5,70,
SKU-S-5,71,
SKU-S-5,72,
SKU-S-5,73,
SKU-S-5,74,
SKU-S-5,75,
SKU-S-5,76,
SKU-S-5,77,
SKU-S-5,78,
SKU-S-5,79,
SKU-S-5,80,
SKU-S-5,81,
SKU-S-5,82,
SKU-S-5,83,
SKU-S-5,84,
SKU-S-5,85,
SKU-S-5,86,
SKU-S-5,87,
SKU-S-5,88,
SKU-S-5,89,
SKU-S-5,90,
SKU-S-5,91,
SKU-S-5,92,
SKU-S-5,93,
SKU-S-5,94,
SKU-S-5,95,
SKU-S-5,96,
SKU-S-5,97,
SKU-S-5,98,
SKU-S-5,99,
SKU-S-5,100,
SKU-S-5,101,
SKU-S-5,102,
SKU-S-5,103,
SKU-S-5,104,
SKU-S-5,105,
SKU-S-5,106,
SKU-S-5,107,
SKU-S-5,108,
SKU-S-5,109,
SKU-S-5,110,
SKU-S-5,111,
SKU-S-5,112,
SKU-S-5,113,
SKU-S-5,114,
SKU-S-5,115,
SKU-S-5,116,
SKU-S-5,117,
SKU-S-5,118,
SKU-S-5,119,
SKU-S-5,120,
SKU-S-5,121,
SKU-S-5,122,
SKU-S-5,123,
SKU-S-5,124,
SKU-S-5,125,
SKU-S-5,126,
SKU-S-5,127,
SKU-S-5,128,
SKU-S-5,129,
SKU-S-5,130,
SKU-S-5,131,
SKU-S-5,132,
SKU-S-5,133,
SKU-S-5,134,
SKU-S-5,135,
SKU-S-5,136,
SKU-S-5,137,
SKU-S-5,138,
SKU-S-5,139,
SKU-S-5,140,
SKU-S-5,141,
SKU-S-5,142,
SKU-S-5,143,
SKU-S-5,144,
SKU-S-5,145,
SKU-S-5,146,
SKU-S-5,147,
SKU-S-5,148,
SKU-S-5,149,
SKU-S-5,150,
SKU-S-5,151,
SKU-S-5,152,
SKU-S-5,153,
SKU-S-5,154,
SKU-S-5,155,
SKU-S-5,156,
SKU-S-5,157,
SKU-S-5,158,
SKU-S-5,159,
SKU-S-5,160,
SKU-S-5,161,
SKU-S-5,162,
SKU-S-5,163,
SKU-S-5,164,
SKU-S-5,165,
SKU-S-5,166,12738.0
SKU-S-5,167,26911.0
SKU-S-5,168,17850.0
SKU-S-5,169,20828.0
SKU-S-5,170,40700.0
SKU-S-5,171,35764.0
SKU-S-5,172,48440.0
SKU-S-5,173,58997.0
SKU-S-5,174,74187.0
SKU-S-5,175,48567.0
SKU-S-5,176,48550.0
SKU-S-5,177,72244.0
SKU-S-5,178,80923.0
SKU-S-5,179,72341.0
SKU-S-5,180,63280.0
SKU-S-5,181,96210.0
SKU-S-5,182,51306.0
SKU-S-5,183,46179.0
SKU-S-5,184,74777.0
SKU-S-5,185,55732.0
SKU-S-5,186,89857.0
SKU-S-5,187,74045.0
SKU-T-3,1,
SKU-T-3,2,
SKU-T-3,3,
SKU-T-3,4,
SKU-T-3,5,
SKU-T-3,6,
SKU-T-3,7,
SKU-T-3,8,
SKU-T-3,9,
SKU-T-3,10,
SKU-T-3,11,
SKU-T-3,12,
SKU-T-3,13,
SKU-T-3,14,
SKU-T-3,15,
SKU-T-3,16,
SKU-T-3,17,
SKU-T-3,18,
SKU-T-3,19,
SKU-T-3,20,
SKU-T-3,21,
SKU-T-3,22,
SKU-T-3,23,
SKU-T-3,24,
SKU-T-3,25,
SKU-T-3,26,
SKU-T-3,27,
SKU-T-3,28,796.0
SKU-T-3,29,955.0
SKU-T-3,30,3582.0
SKU-T-3,31,8678.0
SKU-T-3,32,20222.0
SKU-T-3,33,9920.0
SKU-T-3,34,16735.0
SKU-T-3,35,14458.0
SKU-T-3,36,16943.0
SKU-T-3,37,13391.0
SKU-T-3,38,18805.0
SKU-T-3,39,7548.0
SKU-T-3,40,13296.0
SKU-T-3,41,10908.0
SKU-T-3,42,10748.0
SKU-T-3,43,11099.0
SKU-T-3,44,35604.0
SKU-T-3,45,25956.0
SKU-T-3,46,9602.0
SKU-T-3,47,9475.0
SKU-T-3,48,28535.0
SKU-T-3,49,15319.0
SKU-T-3,50,31305.0
SKU-T-3,51,28806.0
SKU-T-3,52,40621.0
SKU-T-3,53,39761.0
SKU-T-3,54,37740.0
SKU-T-3,55,32070.0
SKU-T-3,56,35207.0
SKU-T-3,57,25064.0
SKU-T-3,58,23407.0
SKU-T-3,59,34777.0
SKU-T-3,60,40860.0
SKU-T-3,61,35159.0
SKU-T-3,62,27469.0
SKU-T-3,63,15652.0
SKU-T-3,64,41927.0
SKU-T-3,65,37150.0
SKU-T-3,66,21657.0
SKU-T-3,67,64506.0
SKU-T-3,68,20303.0
SKU-T-3,69,15080.0
SKU-T-3,70,34555.0
SKU-T-3,71,23646.0
SKU-T-3,72,19236.0
SKU-T-3,73,48248.0
SKU-T-3,74,52054.0
SKU-T-3,75,32069.0
SKU-T-3,76,19681.0
SKU-T-3,77,27675.0
SKU-T-3,78,52692.0
SKU-T-3,79,63949.0
SKU-T-3,80,50526.0
SKU-T-3,81,63280.0
SKU-T-3,82,44586.0
SKU-T-3,83,23344.0
SKU-T-3,84,15287.0
SKU-T-3,85,35828.0
SKU-T-3,86,27388.0
SKU-T-3,87,46497.0
SKU-T-3,88,30892.0
SKU-T-3,89,39219.0
SKU-T-3,90,24363.0
SKU-T-3,91,20064.0
SKU-T-3,92,27946.0
SKU-T-3,93,8949.0
SKU-T-3,94,6385.0
SKU-T-3,95,9793.0
SKU-T-3,96,11146.0
SKU-T-3,97,13695.0
SKU-T-3,98,6369.0
SKU-T-3,99,8329.0
SKU-T-3,100,8360.0
SKU-T-3,101,7404.0
SKU-T-3,102,16162.0
SKU-T-3,103,15366.0
SKU-T-3,104,16402.0
SKU-T-3,105,6209.0
SKU-T-3,106,8280.0
SKU-T-3,107,5494.0
SKU-T-3,108,5015.0
SKU-T-3,109,10987.0
SKU-T-3,110,13106.0
SKU-T-3,111,3663.0
SKU-T-3,112,8980.0
SKU-T-3,113,3599.0
SKU-T-3,114,7166.0
SKU-T-3,115,5048.0
SKU-T-3,116,1050.0
SKU-T-3,117,6927.0
SKU-T-3,118,9554.0
SKU-T-3,119,2309.0
SKU-T-3,120,1910.0
SKU-T-3,121,9506.0
SKU-T-3,122,3471.0
SKU-T-3,123,6528.0
SKU-T-3,124,9236.0
SKU-T-3,125,1209.0
SKU-T-3,126,1592.0
SKU-T-3,127,2834.0
SKU-T-3,128,3822.0
SKU-T-3,129,318.0
SKU-T-3,130,2070.0
SKU-T-3,131,955.0
SKU-T-3,132,6688.0
SKU-T-3,133,382.0
SKU-T-3,134,1592.0
SKU-T-3,135,669.0
SKU-T-3,136,1592.0
SKU-T-3,137,1751.0
SKU-T-3,138,3870.0
SKU-T-3,139,4013.0
SKU-T-3,140,3678.0
SKU-T-3,141,637.0
SKU-T-3,142,1911.0
SKU-T-3,143,477.0
SKU-T-3,144,0.0
SKU-T-3,145,191.0
SKU-T-3,146,159.0
SKU-T-3,147,445.0
SKU-T-3,148,478.0
SKU-T-3,149,557.0
SKU-T-3,150,0.0
SKU-T-3,151,159.0
SKU-T-3,152,0.0
SKU-T-3,153,318.0
SKU-T-3,154,318.0
SKU-T-3,155,0.0
SKU-T-3,156,0.0
SKU-T-3,157,0.0
SKU-T-3,158,478.0
SKU-T-3,159,0.0
SKU-T-3,160,0.0
SKU-T-3,161,0.0
SKU-T-3,162,0.0
SKU-T-3,163,478.0
SKU-T-3,164,0.0
SKU-T-3,165,0.0
SKU-T-3,166,0.0
SKU-T-3,167,0.0
SKU-T-3,168,0.0
SKU-T-3,169,0.0
SKU-T-3,170,159.0
SKU-T-3,171,3662.0
SKU-T-3,172,796.0
SKU-T-3,173,0.0
SKU-T-3,174,2389.0
SKU-T-3,175,1274.0
SKU-T-3,176,0.0
SKU-T-3,177,1115.0
SKU-T-3,178,
SKU-T-3,179,
SKU-T-3,180,
SKU-T-3,181,
SKU-T-3,182,
SKU-T-3,183,
SKU-T-3,184,
SKU-T-3,185,
SKU-T-3,186,
SKU-T-3,187,
SKU-T-4,1,
SKU-T-4,2,
SKU-T-4,3,
SKU-T-4,4,
SKU-T-4,5,
SKU-T-4,6,
SKU-T-4,7,
SKU-T-4,8,
SKU-T-4,9,
SKU-T-4,10,
SKU-T-4,11,
SKU-T-4,12,
SKU-T-4,13,
SKU-T-4,14,
SKU-T-4,15,
SKU-T-4,16,
SKU-T-4,17,
SKU-T-4,18,
SKU-T-4,19,
SKU-T-4,20,
SKU-T-4,21,
SKU-T-4,22,
SKU-T-4,23,
SKU-T-4,24,
SKU-T-4,25,
SKU-T-4,26,
SKU-T-4,27,
SKU-T-4,28,
SKU-T-4,29,
SKU-T-4,30,
SKU-T-4,31,
SKU-T-4,32,
SKU-T-4,33,
SKU-T-4,34,
SKU-T-4,35,
SKU-T-4,36,
SKU-T-4,37,
SKU-T-4,38,
SKU-T-4,39,
SKU-T-4,40,
SKU-T-4,41,
SKU-T-4,42,
SKU-T-4,43,
SKU-T-4,44,
SKU-T-4,45,
SKU-T-4,46,
SKU-T-4,47,
SKU-T-4,48,
SKU-T-4,49,
SKU-T-4,50,
SKU-T-4,51,
SKU-T-4,52,
SKU-T-4,53,
SKU-T-4,54,
SKU-T-4,55,
SKU-T-4,56,
SKU-T-4,57,
SKU-T-4,58,
SKU-T-4,59,
SKU-T-4,60,
SKU-T-4,61,
SKU-T-4,62,
SKU-T-4,63,
SKU-T-4,64,
SKU-T-4,65,
SKU-T-4,66,
SKU-T-4,67,
SKU-T-4,68,
SKU-T-4,69,
SKU-T-4,70,
SKU-T-4,71,
SKU-T-4,72,
SKU-T-4,73,
SKU-T-4,74,
SKU-T-4,75,
SKU-T-4,76,159.0
SKU-T-4,77,637.0
SKU-T-4,78,0.0
SKU-T-4,79,637.0
SKU-T-4,80,1433.0
SKU-T-4,81,3137.0
SKU-T-4,82,1592.0
SKU-T-4,83,8598.0
SKU-T-4,84,5334.0
SKU-T-4,85,6942.0
SKU-T-4,86,19904.0
SKU-T-4,87,14968.0
SKU-T-4,88,13535.0
SKU-T-4,89,3105.0
SKU-T-4,90,3821.0
SKU-T-4,91,4298.0
SKU-T-4,92,4856.0
SKU-T-4,93,5733.0
SKU-T-4,94,8837.0
SKU-T-4,95,1911.0
SKU-T-4,96,10351.0
SKU-T-4,97,3567.0
SKU-T-4,98,2866.0
SKU-T-4,99,3120.0
SKU-T-4,100,6640.0
SKU-T-4,101,7802.0
SKU-T-4,102,9873.0
SKU-T-4,103,6688.0
SKU-T-4,104,9076.0
SKU-T-4,105,16083.0
SKU-T-4,106,12516.0
SKU-T-4,107,7802.0
SKU-T-4,108,8518.0
SKU-T-4,109,12660.0
SKU-T-4,110,8455.0
SKU-T-4,111,23917.0
SKU-T-4,112,8598.0
SKU-T-4,113,3439.0
SKU-T-4,114,5303.0
SKU-T-4,115,21513.0
SKU-T-4,116,11146.0
SKU-T-4,117,9586.0
SKU-T-4,118,11752.0
SKU-T-4,119,21099.0
SKU-T-4,120,18313.0
SKU-T-4,121,17261.0
SKU-T-4,122,12277.0
SKU-T-4,123,20542.0
SKU-T-4,124,12739.0
SKU-T-4,125,10510.0
SKU-T-4,126,9012.0
SKU-T-4,127,16210.0
SKU-T-4,128,9745.0
SKU-T-4,129,23247.0
SKU-T-4,130,18758.0
SKU-T-4,131,6927.0
SKU-T-4,132,18360.0
SKU-T-4,133,25891.0
SKU-T-4,134,17485.0
SKU-T-4,135,17547.0
SKU-T-4,136,19665.0
SKU-T-4,137,12420.0
SKU-T-4,138,12453.0
SKU-T-4,139,34920.0
SKU-T-4,140,19681.0
SKU-T-4,141,45844.0
SKU-T-4,142,15923.0
SKU-T-4,143,16831.0
SKU-T-4,144,25828.0
SKU-T-4,145,8121.0
SKU-T-4,146,17039.0
SKU-T-4,147,10828.0
SKU-T-4,148,23232.0
SKU-T-4,149,7596.0
SKU-T-4,150,7961.0
SKU-T-4,151,8025.0
SKU-T-4,152,14171.0
SKU-T-4,153,14506.0
SKU-T-4,154,14746.0
SKU-T-4,155,19666.0
SKU-T-4,156,17245.0
SKU-T-4,157,20733.0
SKU-T-4,158,16305.0
SKU-T-4,159,31496.0
SKU-T-4,160,12691.0
SKU-T-4,161,20508.0
SKU-T-4,162,9777.0
SKU-T-4,163,9108.0
SKU-T-4,164,9634.0
SKU-T-4,165,16003.0
SKU-T-4,166,18121.0
SKU-T-4,167,20956.0
SKU-T-4,168,10924.0
SKU-T-4,169,8980.0
SKU-T-4,170,7134.0
SKU-T-4,171,8949.0
SKU-T-4,172,12723.0
SKU-T-4,173,6926.0
SKU-T-4,174,6273.0
SKU-T-4,175,4458.0
SKU-T-4,176,5334.0
SKU-T-4,177,11194.0
SKU-T-4,178,8025.0
SKU-T-4,179,3901.0
SKU-T-4,180,4156.0
SKU-T-4,181,1672.0
SKU-T-4,182,3662.0
SKU-T-4,183,7006.0
SKU-T-4,184,4903.0
SKU-T-4,185,3216.0
SKU-T-4,186,5206.0
SKU-T-4,187,1401.0
SKU-T-5,1,
SKU-T-5,2,
SKU-T-5,3,
SKU-T-5,4,
SKU-T-5,5,
SKU-T-5,6,
SKU-T-5,7,
SKU-T-5,8,
SKU-T-5,9,
SKU-T-5,10,
SKU-T-5,11,
SKU-T-5,12,
SKU-T-5,13,
SKU-T-5,14,
SKU-T-5,15,
SKU-T-5,16,
SKU-T-5,17,
SKU-T-5,18,
SKU-T-5,19,
SKU-T-5,20,
SKU-T-5,21,
SKU-T-5,22,
SKU-T-5,23,
SKU-T-5,24,
SKU-T-5,25,
SKU-T-5,26,
SKU-T-5,27,
SKU-T-5,28,
SKU-T-5,29,
SKU-T-5,30,
SKU-T-5,31,
SKU-T-5,32,
SKU-T-5,33,
SKU-T-5,34,
SKU-T-5,35,
SKU-T-5,36,
SKU-T-5,37,
SKU-T-5,38,
SKU-T-5,39,
SKU-T-5,40,
SKU-T-5,41,
SKU-T-5,42,
SKU-T-5,43,
SKU-T-5,44,
SKU-T-5,45,
SKU-T-5,46,
SKU-T-5,47,
SKU-T-5,48,
SKU-T-5,49,
SKU-T-5,50,
SKU-T-5,51,
SKU-T-5,52,
SKU-T-5,53,
SKU-T-5,54,
SKU-T-5,55,
SKU-T-5,56,
SKU-T-5,57,
SKU-T-5,58,
SKU-T-5,59,
SKU-T-5,60,
SKU-T-5,61,
SKU-T-5,62,
SKU-T-5,63,
SKU-T-5,64,
SKU-T-5,65,
SKU-T-5,66,
SKU-T-5,67,
SKU-T-5,68,
SKU-T-5,69,
SKU-T-5,70,
SKU-T-5,71,
SKU-T-5,72,
SKU-T-5,73,
SKU-T-5,74,
SKU-T-5,75,
SKU-T-5,76,
SKU-T-5,77,
SKU-T-5,78,
SKU-T-5,79,
SKU-T-5,80,
SKU-T-5,81,
SKU-T-5,82,
SKU-T-5,83,
SKU-T-5,84,
SKU-T-5,85,
SKU-T-5,86,
SKU-T-5,87,
SKU-T-5,88,
SKU-T-5,89,
SKU-T-5,90,
SKU-T-5,91,
SKU-T-5,92,
SKU-T-5,93,
SKU-T-5,94,
SKU-T-5,95,
SKU-T-5,96,
SKU-T-5,97,
SKU-T-5,98,
SKU-T-5,99,
SKU-T-5,100,
SKU-T-5,101,
SKU-T-5,102,
SKU-T-5,103,
SKU-T-5,104,
SKU-T-5,105,
SKU-T-5,106,
SKU-T-5,107,
SKU-T-5,108,
SKU-T-5,109,
SKU-T-5,110,
SKU-T-5,111,
SKU-T-5,112,
SKU-T-5,113,
SKU-T-5,114,
SKU-T-5,115,
SKU-T-5,116,
SKU-T-5,117,
SKU-T-5,118,
SKU-T-5,119,
SKU-T-5,120,
SKU-T-5,121,
SKU-T-5,122,
SKU-T-5,123,
SKU-T-5,124,
SKU-T-5,125,
SKU-T-5,126,
SKU-T-5,127,
SKU-T-5,128,
SKU-T-5,129,
SKU-T-5,130,
SKU-T-5,131,
SKU-T-5,132,
SKU-T-5,133,
SKU-T-5,134,
SKU-T-5,135,
SKU-T-5,136,
SKU-T-5,137,
SKU-T-5,138,
SKU-T-5,139,
SKU-T-5,140,
SKU-T-5,141,
SKU-T-5,142,
SKU-T-5,143,
SKU-T-5,144,
SKU-T-5,145,
SKU-T-5,146,
SKU-T-5,147,
SKU-T-5,148,
SKU-T-5,149,
SKU-T-5,150,
SKU-T-5,151,
SKU-T-5,152,
SKU-T-5,153,
SKU-T-5,154,
SKU-T-5,155,
SKU-T-5,156,
SKU-T-5,157,
SKU-T-5,158,
SKU-T-5,159,
SKU-T-5,160,
SKU-T-5,161,
SKU-T-5,162,1592.0
SKU-T-5,163,4299.0
SKU-T-5,164,477.0
SKU-T-5,165,1433.0
SKU-T-5,166,636.0
SKU-T-5,167,1433.0
SKU-T-5,168,6560.0
SKU-T-5,169,3487.0
SKU-T-5,170,2181.0
SKU-T-5,171,6434.0
SKU-T-5,172,9060.0
SKU-T-5,173,5446.0
SKU-T-5,174,7707.0
SKU-T-5,175,13360.0
SKU-T-5,176,4299.0
SKU-T-5,177,15047.0
SKU-T-5,178,11147.0
SKU-T-5,179,11576.0
SKU-T-5,180,3455.0
SKU-T-5,181,8201.0
SKU-T-5,182,14666.0
SKU-T-5,183,8296.0
SKU-T-5,184,8758.0
SKU-T-5,185,10399.0
SKU-T-5,186,11226.0
SKU-T-5,187,16083.0
SKU-U-3,1,
SKU-U-3,2,
SKU-U-3,3,
SKU-U-3,4,
SKU-U-3,5,
SKU-U-3,6,
SKU-U-3,7,
SKU-U-3,8,
SKU-U-3,9,
SKU-U-3,10,
SKU-U-3,11,
SKU-U-3,12,
SKU-U-3,13,
SKU-U-3,14,
SKU-U-3,15,
SKU-U-3,16,
SKU-U-3,17,
SKU-U-3,18,
SKU-U-3,19,
SKU-U-3,20,
SKU-U-3,21,
SKU-U-3,22,
SKU-U-3,23,
SKU-U-3,24,
SKU-U-3,25,
SKU-U-3,26,
SKU-U-3,27,47611.0
SKU-U-3,28,30732.0
SKU-U-3,29,27437.0
SKU-U-3,30,54188.0
SKU-U-3,31,34633.0
SKU-U-3,32,54044.0
SKU-U-3,33,41800.0
SKU-U-3,34,38391.0
SKU-U-3,35,36273.0
SKU-U-3,36,50525.0
SKU-U-3,37,32531.0
SKU-U-3,38,64140.0
SKU-U-3,39,50334.0
SKU-U-3,40,24140.0
SKU-U-3,41,54617.0
SKU-U-3,42,32707.0
SKU-U-3,43,60669.0
SKU-U-3,44,76067.0
SKU-U-3,45,41720.0
SKU-U-3,46,65398.0
SKU-U-3,47,88694.0
SKU-U-3,48,49396.0
SKU-U-3,49,59394.0
SKU-U-3,50,46975.0
SKU-U-3,51,62246.0
SKU-U-3,52,98822.0
SKU-U-3,53,95350.0
SKU-U-3,54,91799.0
SKU-U-3,55,123774.0
SKU-U-3,56,60112.0
SKU-U-3,57,78008.0
SKU-U-3,58,57197.0
SKU-U-3,59,61194.0
SKU-U-3,60,97118.0
SKU-U-3,61,94234.0
SKU-U-3,62,123216.0
SKU-U-3,63,108726.0
SKU-U-3,64,74298.0
SKU-U-3,65,90239.0
SKU-U-3,66,118455.0
SKU-U-3,67,118774.0
SKU-U-3,68,86385.0
SKU-U-3,69,79251.0
SKU-U-3,70,115541.0
SKU-U-3,71,116879.0
SKU-U-3,72,94427.0
SKU-U-3,73,54617.0
SKU-U-3,74,100524.0
SKU-U-3,75,56688.0
SKU-U-3,76,67659.0
SKU-U-3,77,64267.0
SKU-U-3,78,65446.0
SKU-U-3,79,102707.0
SKU-U-3,80,104442.0
SKU-U-3,81,48248.0
SKU-U-3,82,110828.0
SKU-U-3,83,69745.0
SKU-U-3,84,69744.0
SKU-U-3,85,120222.0
SKU-U-3,86,76752.0
SKU-U-3,87,107483.0
SKU-U-3,88,82628.0
SKU-U-3,89,72453.0
SKU-U-3,90,79617.0
SKU-U-3,91,25955.0
SKU-U-3,92,32484.0
SKU-U-3,93,55812.0
SKU-U-3,94,50318.0
SKU-U-3,95,41481.0
SKU-U-3,96,33280.0
SKU-U-3,97,48996.0
SKU-U-3,98,39171.0
SKU-U-3,99,12469.0
SKU-U-3,100,19187.0
SKU-U-3,101,22929.0
SKU-U-3,102,23249.0
SKU-U-3,103,24045.0
SKU-U-3,104,34713.0
SKU-U-3,105,46019.0
SKU-U-3,106,11464.0
SKU-U-3,107,21432.0
SKU-U-3,108,52150.0
SKU-U-3,109,17356.0
SKU-U-3,110,15892.0
SKU-U-3,111,10381.0
SKU-U-3,112,18152.0
SKU-U-3,113,19506.0
SKU-U-3,114,26275.0
SKU-U-3,115,32962.0
SKU-U-3,116,10637.0
SKU-U-3,117,13870.0
SKU-U-3,118,14347.0
SKU-U-3,119,17277.0
SKU-U-3,120,10271.0
SKU-U-3,121,9506.0
SKU-U-3,122,11099.0
SKU-U-3,123,12102.0
SKU-U-3,124,14650.0
SKU-U-3,125,7484.0
SKU-U-3,126,16082.0
SKU-U-3,127,9235.0
SKU-U-3,128,6608.0
SKU-U-3,129,5892.0
SKU-U-3,130,9713.0
SKU-U-3,131,11942.0
SKU-U-3,132,5255.0
SKU-U-3,133,7564.0
SKU-U-3,134,7962.0
SKU-U-3,135,8630.0
SKU-U-3,136,5924.0
SKU-U-3,137,4618.0
SKU-U-3,138,10828.0
SKU-U-3,139,8391.0
SKU-U-3,140,9363.0
SKU-U-3,141,4299.0
SKU-U-3,142,10398.0
SKU-U-3,143,4936.0
SKU-U-3,144,3981.0
SKU-U-3,145,3456.0
SKU-U-3,146,6369.0
SKU-U-3,147,2516.0
SKU-U-3,148,6688.0
SKU-U-3,149,3886.0
SKU-U-3,150,4777.0
SKU-U-3,151,3344.0
SKU-U-3,152,2389.0
SKU-U-3,153,6067.0
SKU-U-3,154,3981.0
SKU-U-3,155,3201.0
SKU-U-3,156,4793.0
SKU-U-3,157,1672.0
SKU-U-3,158,3981.0
SKU-U-3,159,3981.0
SKU-U-3,160,3185.0
SKU-U-3,161,2389.0
SKU-U-3,162,2389.0
SKU-U-3,163,4777.0
SKU-U-3,164,3981.0
SKU-U-3,165,3981.0
SKU-U-3,166,3981.0
SKU-U-3,167,2421.0
SKU-U-3,168,3981.0
SKU-U-3,169,5573.0
SKU-U-3,170,4777.0
SKU-U-3,171,3981.0
SKU-U-3,172,1592.0
SKU-U-3,173,5573.0
SKU-U-3,174,1592.0
SKU-U-3,175,4777.0
SKU-U-3,176,4777.0
SKU-U-3,177,1592.0
SKU-U-3,178,796.0
SKU-U-3,179,5573.0
SKU-U-3,180,3185.0
SKU-U-3,181,3185.0
SKU-U-3,182,1592.0
SKU-U-3,183,3185.0
SKU-U-3,184,7803.0
SKU-U-3,185,2548.0
SKU-U-3,186,1592.0
SKU-U-3,187,1592.0
SKU-U-4,1,
SKU-U-4,2,
SKU-U-4,3,
SKU-U-4,4,
SKU-U-4,5,
SKU-U-4,6,
SKU-U-4,7,
SKU-U-4,8,
SKU-U-4,9,
SKU-U-4,10,
SKU-U-4,11,
SKU-U-4,12,
SKU-U-4,13,
SKU-U-4,14,
SKU-U-4,15,
SKU-U-4,16,
SKU-U-4,17,
SKU-U-4,18,
SKU-U-4,19,
SKU-U-4,20,
SKU-U-4,21,
SKU-U-4,22,
SKU-U-4,23,
SKU-U-4,24,
SKU-U-4,25,
SKU-U-4,26,
SKU-U-4,27,
SKU-U-4,28,
SKU-U-4,29,
SKU-U-4,30,
SKU-U-4,31,
SKU-U-4,32,
SKU-U-4,33,
SKU-U-4,34,
SKU-U-4,35,
SKU-U-4,36,
SKU-U-4,37,
SKU-U-4,38,
SKU-U-4,39,
SKU-U-4,40,
SKU-U-4,41,
SKU-U-4,42,
SKU-U-4,43,
SKU-U-4,44,
SKU-U-4,45,
SKU-U-4,46,
SKU-U-4,47,
SKU-U-4,48,
SKU-U-4,49,
SKU-U-4,50,
SKU-U-4,51,
SKU-U-4,52,
SKU-U-4,53,
SKU-U-4,54,
SKU-U-4,55,
SKU-U-4,56,
SKU-U-4,57,
SKU-U-4,58,
SKU-U-4,59,
SKU-U-4,60,
SKU-U-4,61,
SKU-U-4,62,
SKU-U-4,63,
SKU-U-4,64,
SKU-U-4,65,
SKU-U-4,66,
SKU-U-4,67,
SKU-U-4,68,
SKU-U-4,69,
SKU-U-4,70,
SKU-U-4,71,
SKU-U-4,72,
SKU-U-4,73,
SKU-U-4,74,159.0
SKU-U-4,75,0.0
SKU-U-4,76,0.0
SKU-U-4,77,3981.0
SKU-U-4,78,2229.0
SKU-U-4,79,3343.0
SKU-U-4,80,0.0
SKU-U-4,81,955.0
SKU-U-4,82,5733.0
SKU-U-4,83,22452.0
SKU-U-4,84,80096.0
SKU-U-4,85,16846.0
SKU-U-4,86,11385.0
SKU-U-4,87,13694.0
SKU-U-4,88,9714.0
SKU-U-4,89,17755.0
SKU-U-4,90,19505.0
SKU-U-4,91,18152.0
SKU-U-4,92,17356.0
SKU-U-4,93,18153.0
SKU-U-4,94,22373.0
SKU-U-4,95,14729.0
SKU-U-4,96,13168.0
SKU-U-4,97,14968.0
SKU-U-4,98,23248.0
SKU-U-4,99,22006.0
SKU-U-4,100,14744.0
SKU-U-4,101,16752.0
SKU-U-4,102,18982.0
SKU-U-4,103,21337.0
SKU-U-4,104,19857.0
SKU-U-4,105,19490.0
SKU-U-4,106,26910.0
SKU-U-4,107,13344.0
SKU-U-4,108,23375.0
SKU-U-4,109,38614.0
SKU-U-4,110,30892.0
SKU-U-4,111,34554.0
SKU-U-4,112,32150.0
SKU-U-4,113,35191.0
SKU-U-4,114,30063.0
SKU-U-4,115,29539.0
SKU-U-4,116,42340.0
SKU-U-4,117,51290.0
SKU-U-4,118,33280.0
SKU-U-4,119,33344.0
SKU-U-4,120,50064.0
SKU-U-4,121,32086.0
SKU-U-4,122,75637.0
SKU-U-4,123,51146.0
SKU-U-4,124,25319.0
SKU-U-4,125,36146.0
SKU-U-4,126,45684.0
SKU-U-4,127,28662.0
SKU-U-4,128,32165.0
SKU-U-4,129,52548.0
SKU-U-4,130,97659.0
SKU-U-4,131,30049.0
SKU-U-4,132,50000.0
SKU-U-4,133,67197.0
SKU-U-4,134,35351.0
SKU-U-4,135,48884.0
SKU-U-4,136,92197.0
SKU-U-4,137,35190.0
SKU-U-4,138,44267.0
SKU-U-4,139,43789.0
SKU-U-4,140,33502.0
SKU-U-4,141,60827.0
SKU-U-4,142,65987.0
SKU-U-4,143,36942.0
SKU-U-4,144,49364.0
SKU-U-4,145,22611.0
SKU-U-4,146,64268.0
SKU-U-4,147,47771.0
SKU-U-4,148,47213.0
SKU-U-4,149,34919.0
SKU-U-4,150,74044.0
SKU-U-4,151,25797.0
SKU-U-4,152,33615.0
SKU-U-4,153,49681.0
SKU-U-4,154,44649.0
SKU-U-4,155,33295.0
SKU-U-4,156,34156.0
SKU-U-4,157,39713.0
SKU-U-4,158,34315.0
SKU-U-4,159,42356.0
SKU-U-4,160,34538.0
SKU-U-4,161,30939.0
SKU-U-4,162,59554.0
SKU-U-4,163,31401.0
SKU-U-4,164,37054.0
SKU-U-4,165,39761.0
SKU-U-4,166,30924.0
SKU-U-4,167,25924.0
SKU-U-4,168,28694.0
SKU-U-4,169,32166.0
SKU-U-4,170,41194.0
SKU-U-4,171,14681.0
SKU-U-4,172,34395.0
SKU-U-4,173,19633.0
SKU-U-4,174,25000.0
SKU-U-4,175,22292.0
SKU-U-4,176,29299.0
SKU-U-4,177,30414.0
SKU-U-4,178,11226.0
SKU-U-4,179,30096.0
SKU-U-4,180,24204.0
SKU-U-4,181,20223.0
SKU-U-4,182,11720.0
SKU-U-4,183,1592.0
SKU-U-4,184,9203.0
SKU-U-4,185,11624.0
SKU-U-4,186,7962.0
SKU-U-4,187,10190.0
SKU-U-5,1,
SKU-U-5,2,
SKU-U-5,3,
SKU-U-5,4,
SKU-U-5,5,
SKU-U-5,6,
SKU-U-5,7,
SKU-U-5,8,
SKU-U-5,9,
SKU-U-5,10,
SKU-U-5,11,
SKU-U-5,12,
SKU-U-5,13,
SKU-U-5,14,
SKU-U-5,15,
SKU-U-5,16,
SKU-U-5,17,
SKU-U-5,18,
SKU-U-5,19,
SKU-U-5,20,
SKU-U-5,21,
SKU-U-5,22,
SKU-U-5,23,
SKU-U-5,24,
SKU-U-5,25,
SKU-U-5,26,
SKU-U-5,27,
SKU-U-5,28,
SKU-U-5,29,
SKU-U-5,30,
SKU-U-5,31,
SKU-U-5,32,
SKU-U-5,33,
SKU-U-5,34,
SKU-U-5,35,
SKU-U-5,36,
SKU-U-5,37,
SKU-U-5,38,
SKU-U-5,39,
SKU-U-5,40,
SKU-U-5,41,
SKU-U-5,42,
SKU-U-5,43,
SKU-U-5,44,
SKU-U-5,45,
SKU-U-5,46,
SKU-U-5,47,
SKU-U-5,48,
SKU-U-5,49,
SKU-U-5,50,
SKU-U-5,51,
SKU-U-5,52,
SKU-U-5,53,
SKU-U-5,54,
SKU-U-5,55,
SKU-U-5,56,
SKU-U-5,57,
SKU-U-5,58,
SKU-U-5,59,
SKU-U-5,60,
SKU-U-5,61,
SKU-U-5,62,
SKU-U-5,63,
SKU-U-5,64,
SKU-U-5,65,
SKU-U-5,66,
SKU-U-5,67,
SKU-U-5,68,
SKU-U-5,69,
SKU-U-5,70,
SKU-U-5,71,
SKU-U-5,72,
SKU-U-5,73,
SKU-U-5,74,
SKU-U-5,75,
SKU-U-5,76,
SKU-U-5,77,
SKU-U-5,78,
SKU-U-5,79,
SKU-U-5,80,
SKU-U-5,81,
SKU-U-5,82,
SKU-U-5,83,
SKU-U-5,84,
SKU-U-5,85,
SKU-U-5,86,
SKU-U-5,87,
SKU-U-5,88,
SKU-U-5,89,
SKU-U-5,90,
SKU-U-5,91,
SKU-U-5,92,
SKU-U-5,93,
SKU-U-5,94,
SKU-U-5,95,
SKU-U-5,96,
SKU-U-5,97,
SKU-U-5,98,
SKU-U-5,99,
SKU-U-5,100,
SKU-U-5,101,
SKU-U-5,102,
SKU-U-5,103,
SKU-U-5,104,
SKU-U-5,105,
SKU-U-5,106,
SKU-U-5,107,
SKU-U-5,108,
SKU-U-5,109,
SKU-U-5,110,
SKU-U-5,111,
SKU-U-5,112,
SKU-U-5,113,
SKU-U-5,114,
SKU-U-5,115,
SKU-U-5,116,
SKU-U-5,117,
SKU-U-5,118,
SKU-U-5,119,
SKU-U-5,120,
SKU-U-5,121,
SKU-U-5,122,
SKU-U-5,123,
SKU-U-5,124,
SKU-U-5,125,
SKU-U-5,126,
SKU-U-5,127,
SKU-U-5,128,
SKU-U-5,129,
SKU-U-5,130,
SKU-U-5,131,
SKU-U-5,132,
SKU-U-5,133,
SKU-U-5,134,
SKU-U-5,135,
SKU-U-5,136,
SKU-U-5,137,
SKU-U-5,138,
SKU-U-5,139,
SKU-U-5,140,
SKU-U-5,141,
SKU-U-5,142,
SKU-U-5,143,
SKU-U-5,144,
SKU-U-5,145,
SKU-U-5,146,
SKU-U-5,147,
SKU-U-5,148,
SKU-U-5,149,
SKU-U-5,150,
SKU-U-5,151,
SKU-U-5,152,
SKU-U-5,153,
SKU-U-5,154,
SKU-U-5,155,
SKU-U-5,156,
SKU-U-5,157,
SKU-U-5,158,
SKU-U-5,159,
SKU-U-5,160,
SKU-U-5,161,
SKU-U-5,162,8280.0
SKU-U-5,163,318.0
SKU-U-5,164,3503.0
SKU-U-5,165,3025.0
SKU-U-5,166,17245.0
SKU-U-5,167,3980.0
SKU-U-5,168,4394.0
SKU-U-5,169,9713.0
SKU-U-5,170,6672.0
SKU-U-5,171,12595.0
SKU-U-5,172,12086.0
SKU-U-5,173,21671.0
SKU-U-5,174,21003.0
SKU-U-5,175,24125.0
SKU-U-5,176,21911.0
SKU-U-5,177,5716.0
SKU-U-5,178,31052.0
SKU-U-5,179,12389.0
SKU-U-5,180,17898.0
SKU-U-5,181,43121.0
SKU-U-5,182,19681.0
SKU-U-5,183,20971.0
SKU-U-5,184,55573.0
SKU-U-5,185,34140.0
SKU-U-5,186,34825.0
SKU-U-5,187,59093.0
SKU-V-4,1,
SKU-V-4,2,
SKU-V-4,3,
SKU-V-4,4,
SKU-V-4,5,
SKU-V-4,6,
SKU-V-4,7,
SKU-V-4,8,
SKU-V-4,9,
SKU-V-4,10,
SKU-V-4,11,
SKU-V-4,12,
SKU-V-4,13,
SKU-V-4,14,
SKU-V-4,15,
SKU-V-4,16,
SKU-V-4,17,
SKU-V-4,18,
SKU-V-4,19,
SKU-V-4,20,
SKU-V-4,21,
SKU-V-4,22,
SKU-V-4,23,
SKU-V-4,24,
SKU-V-4,25,
SKU-V-4,26,
SKU-V-4,27,
SKU-V-4,28,
SKU-V-4,29,
SKU-V-4,30,
SKU-V-4,31,
SKU-V-4,32,
SKU-V-4,33,
SKU-V-4,34,
SKU-V-4,35,
SKU-V-4,36,
SKU-V-4,37,
SKU-V-4,38,
SKU-V-4,39,
SKU-V-4,40,
SKU-V-4,41,
SKU-V-4,42,
SKU-V-4,43,
SKU-V-4,44,
SKU-V-4,45,
SKU-V-4,46,
SKU-V-4,47,
SKU-V-4,48,
SKU-V-4,49,
SKU-V-4,50,
SKU-V-4,51,
SKU-V-4,52,
SKU-V-4,53,
SKU-V-4,54,
SKU-V-4,55,
SKU-V-4,56,
SKU-V-4,57,
SKU-V-4,58,
SKU-V-4,59,
SKU-V-4,60,
SKU-V-4,61,
SKU-V-4,62,
SKU-V-4,63,
SKU-V-4,64,
SKU-V-4,65,
SKU-V-4,66,
SKU-V-4,67,
SKU-V-4,68,
SKU-V-4,69,
SKU-V-4,70,
SKU-V-4,71,
SKU-V-4,72,
SKU-V-4,73,
SKU-V-4,74,
SKU-V-4,75,
SKU-V-4,76,
SKU-V-4,77,
SKU-V-4,78,
SKU-V-4,79,239.0
SKU-V-4,80,1194.0
SKU-V-4,81,4937.0
SKU-V-4,82,5255.0
SKU-V-4,83,10350.0
SKU-V-4,84,3025.0
SKU-V-4,85,8121.0
SKU-V-4,86,4061.0
SKU-V-4,87,4618.0
SKU-V-4,88,3343.0
SKU-V-4,89,8598.0
SKU-V-4,90,8997.0
SKU-V-4,91,5254.0
SKU-V-4,92,8917.0
SKU-V-4,93,5892.0
SKU-V-4,94,7485.0
SKU-V-4,95,8997.0
SKU-V-4,96,9952.0
SKU-V-4,97,8280.0
SKU-V-4,98,6497.0
SKU-V-4,99,5048.0
SKU-V-4,100,6943.0
SKU-V-4,101,9666.0
SKU-V-4,102,11943.0
SKU-V-4,103,10669.0
SKU-V-4,104,11386.0
SKU-V-4,105,12022.0
SKU-V-4,106,9953.0
SKU-V-4,107,11784.0
SKU-V-4,108,10080.0
SKU-V-4,109,17357.0
SKU-V-4,110,18440.0
SKU-V-4,111,18630.0
SKU-V-4,112,14411.0
SKU-V-4,113,19905.0
SKU-V-4,114,27246.0
SKU-V-4,115,18312.0
SKU-V-4,116,26990.0
SKU-V-4,117,15126.0
SKU-V-4,118,23312.0
SKU-V-4,119,11592.0
SKU-V-4,120,34570.0
SKU-V-4,121,14252.0
SKU-V-4,122,63456.0
SKU-V-4,123,42675.0
SKU-V-4,124,37866.0
SKU-V-4,125,19905.0
SKU-V-4,126,17006.0
SKU-V-4,127,14013.0
SKU-V-4,128,12420.0
SKU-V-4,129,15923.0
SKU-V-4,130,21019.0
SKU-V-4,131,43138.0
SKU-V-4,132,27850.0
SKU-V-4,133,31147.0
SKU-V-4,134,32006.0
SKU-V-4,135,44331.0
SKU-V-4,136,20032.0
SKU-V-4,137,33280.0
SKU-V-4,138,32325.0
SKU-V-4,139,46655.0
SKU-V-4,140,28759.0
SKU-V-4,141,36815.0
SKU-V-4,142,135494.0
SKU-V-4,143,65287.0
SKU-V-4,144,43632.0
SKU-V-4,145,25636.0
SKU-V-4,146,21528.0
SKU-V-4,147,15207.0
SKU-V-4,148,22118.0
SKU-V-4,149,21226.0
SKU-V-4,150,10287.0
SKU-V-4,151,31465.0
SKU-V-4,152,31385.0
SKU-V-4,153,29553.0
SKU-V-4,154,26752.0
SKU-V-4,155,30079.0
SKU-V-4,156,25795.0
SKU-V-4,157,10828.0
SKU-V-4,158,15350.0
SKU-V-4,159,28726.0
SKU-V-4,160,33249.0
SKU-V-4,161,21497.0
SKU-V-4,162,29156.0
SKU-V-4,163,15939.0
SKU-V-4,164,8089.0
SKU-V-4,165,16146.0
SKU-V-4,166,19904.0
SKU-V-4,167,12197.0
SKU-V-4,168,11720.0
SKU-V-4,169,29586.0
SKU-V-4,170,17022.0
SKU-V-4,171,18217.0
SKU-V-4,172,19299.0
SKU-V-4,173,9698.0
SKU-V-4,174,6115.0
SKU-V-4,175,15175.0
SKU-V-4,176,16959.0
SKU-V-4,177,5398.0
SKU-V-4,178,3694.0
SKU-V-4,179,8997.0
SKU-V-4,180,10223.0
SKU-V-4,181,6576.0
SKU-V-4,182,16385.0
SKU-V-4,183,30016.0
SKU-V-4,184,13535.0
SKU-V-4,185,13710.0
SKU-V-4,186,7675.0
SKU-V-4,187,4252.0
SKU-V-5,1,
SKU-V-5,2,
SKU-V-5,3,
SKU-V-5,4,
SKU-V-5,5,
SKU-V-5,6,
SKU-V-5,7,
SKU-V-5,8,
SKU-V-5,9,
SKU-V-5,10,
SKU-V-5,11,
SKU-V-5,12,
SKU-V-5,13,
SKU-V-5,14,
SKU-V-5,15,
SKU-V-5,16,
SKU-V-5,17,
SKU-V-5,18,
SKU-V-5,19,
SKU-V-5,20,
SKU-V-5,21,
SKU-V-5,22,
SKU-V-5,23,
SKU-V-5,24,
SKU-V-5,25,
SKU-V-5,26,
SKU-V-5,27,
SKU-V-5,28,
SKU-V-5,29,
SKU-V-5,30,
SKU-V-5,31,
SKU-V-5,32,
SKU-V-5,33,
SKU-V-5,34,
SKU-V-5,35,
SKU-V-5,36,
SKU-V-5,37,
SKU-V-5,38,
SKU-V-5,39,
SKU-V-5,40,
SKU-V-5,41,
SKU-V-5,42,
SKU-V-5,43,
SKU-V-5,44,
SKU-V-5,45,
SKU-V-5,46,
SKU-V-5,47,
SKU-V-5,48,
SKU-V-5,49,
SKU-V-5,50,
SKU-V-5,51,
SKU-V-5,52,
SKU-V-5,53,
SKU-V-5,54,
SKU-V-5,55,
SKU-V-5,56,
SKU-V-5,57,
SKU-V-5,58,
SKU-V-5,59,
SKU-V-5,60,
SKU-V-5,61,
SKU-V-5,62,
SKU-V-5,63,
SKU-V-5,64,
SKU-V-5,65,
SKU-V-5,66,
SKU-V-5,67,
SKU-V-5,68,
SKU-V-5,69,
SKU-V-5,70,
SKU-V-5,71,
SKU-V-5,72,
SKU-V-5,73,
SKU-V-5,74,
SKU-V-5,75,
SKU-V-5,76,
SKU-V-5,77,
SKU-V-5,78,
SKU-V-5,79,
SKU-V-5,80,
SKU-V-5,81,
SKU-V-5,82,
SKU-V-5,83,
SKU-V-5,84,
SKU-V-5,85,
SKU-V-5,86,
SKU-V-5,87,
SKU-V-5,88,
SKU-V-5,89,
SKU-V-5,90,
SKU-V-5,91,
SKU-V-5,92,
SKU-V-5,93,
SKU-V-5,94,
SKU-V-5,95,
SKU-V-5,96,
SKU-V-5,97,
SKU-V-5,98,
SKU-V-5,99,
SKU-V-5,100,
SKU-V-5,101,
SKU-V-5,102,
SKU-V-5,103,
SKU-V-5,104,
SKU-V-5,105,
SKU-V-5,106,
SKU-V-5,107,
SKU-V-5,108,
SKU-V-5,109,
SKU-V-5,110,
SKU-V-5,111,
SKU-V-5,112,
SKU-V-5,113,
SKU-V-5,114,
SKU-V-5,115,
SKU-V-5,116,
SKU-V-5,117,
SKU-V-5,118,
SKU-V-5,119,
SKU-V-5,120,
SKU-V-5,121,
SKU-V-5,122,
SKU-V-5,123,
SKU-V-5,124,
SKU-V-5,125,
SKU-V-5,126,
SKU-V-5,127,
SKU-V-5,128,
SKU-V-5,129,
SKU-V-5,130,
SKU-V-5,131,
SKU-V-5,132,
SKU-V-5,133,
SKU-V-5,134,
SKU-V-5,135,
SKU-V-5,136,
SKU-V-5,137,
SKU-V-5,138,
SKU-V-5,139,
SKU-V-5,140,
SKU-V-5,141,
SKU-V-5,142,
SKU-V-5,143,
SKU-V-5,144,
SKU-V-5,145,
SKU-V-5,146,
SKU-V-5,147,
SKU-V-5,148,
SKU-V-5,149,
SKU-V-5,150,
SKU-V-5,151,
SKU-V-5,152,
SKU-V-5,153,
SKU-V-5,154,
SKU-V-5,155,
SKU-V-5,156,
SKU-V-5,157,
SKU-V-5,158,
SKU-V-5,159,
SKU-V-5,160,
SKU-V-5,161,
SKU-V-5,162,1449.0
SKU-V-5,163,5319.0
SKU-V-5,164,0.0
SKU-V-5,165,1879.0
SKU-V-5,166,10924.0
SKU-V-5,167,3837.0
SKU-V-5,168,10637.0
SKU-V-5,169,5478.0
SKU-V-5,170,3917.0
SKU-V-5,171,8598.0
SKU-V-5,172,15636.0
SKU-V-5,173,10940.0
SKU-V-5,174,7643.0
SKU-V-5,175,11623.0
SKU-V-5,176,14490.0
SKU-V-5,177,4618.0
SKU-V-5,178,5971.0
SKU-V-5,179,8343.0
SKU-V-5,180,7643.0
SKU-V-5,181,6163.0
SKU-V-5,182,25732.0
SKU-V-5,183,4570.0
SKU-V-5,184,11067.0
SKU-V-5,185,14618.0
SKU-V-5,186,17340.0
SKU-V-5,187,17770.0
SKU-W-4,1,
SKU-W-4,2,
SKU-W-4,3,
SKU-W-4,4,
SKU-W-4,5,
SKU-W-4,6,
SKU-W-4,7,
SKU-W-4,8,
SKU-W-4,9,
SKU-W-4,10,
SKU-W-4,11,
SKU-W-4,12,
SKU-W-4,13,
SKU-W-4,14,
SKU-W-4,15,
SKU-W-4,16,
SKU-W-4,17,
SKU-W-4,18,
SKU-W-4,19,
SKU-W-4,20,
SKU-W-4,21,
SKU-W-4,22,
SKU-W-4,23,
SKU-W-4,24,
SKU-W-4,25,
SKU-W-4,26,
SKU-W-4,27,
SKU-W-4,28,
SKU-W-4,29,
SKU-W-4,30,
SKU-W-4,31,
SKU-W-4,32,
SKU-W-4,33,
SKU-W-4,34,
SKU-W-4,35,
SKU-W-4,36,
SKU-W-4,37,
SKU-W-4,38,
SKU-W-4,39,
SKU-W-4,40,
SKU-W-4,41,
SKU-W-4,42,
SKU-W-4,43,
SKU-W-4,44,
SKU-W-4,45,
SKU-W-4,46,
SKU-W-4,47,
SKU-W-4,48,
SKU-W-4,49,
SKU-W-4,50,
SKU-W-4,51,
SKU-W-4,52,
SKU-W-4,53,
SKU-W-4,54,
SKU-W-4,55,
SKU-W-4,56,
SKU-W-4,57,
SKU-W-4,58,
SKU-W-4,59,
SKU-W-4,60,
SKU-W-4,61,
SKU-W-4,62,
SKU-W-4,63,
SKU-W-4,64,
SKU-W-4,65,
SKU-W-4,66,
SKU-W-4,67,
SKU-W-4,68,
SKU-W-4,69,
SKU-W-4,70,
SKU-W-4,71,
SKU-W-4,72,
SKU-W-4,73,
SKU-W-4,74,3822.0
SKU-W-4,75,4299.0
SKU-W-4,76,0.0
SKU-W-4,77,955.0
SKU-W-4,78,1242.0
SKU-W-4,79,2707.0
SKU-W-4,80,3821.0
SKU-W-4,81,3980.0
SKU-W-4,82,4458.0
SKU-W-4,83,9013.0
SKU-W-4,84,8041.0
SKU-W-4,85,4888.0
SKU-W-4,86,7643.0
SKU-W-4,87,7643.0
SKU-W-4,88,4760.0
SKU-W-4,89,11465.0
SKU-W-4,90,14570.0
SKU-W-4,91,5095.0
SKU-W-4,92,10032.0
SKU-W-4,93,6210.0
SKU-W-4,94,14968.0
SKU-W-4,95,13535.0
SKU-W-4,96,13168.0
SKU-W-4,97,11942.0
SKU-W-4,98,9793.0
SKU-W-4,99,15891.0
SKU-W-4,100,46147.0
SKU-W-4,101,20095.0
SKU-W-4,102,40653.0
SKU-W-4,103,24920.0
SKU-W-4,104,22612.0
SKU-W-4,105,43201.0
SKU-W-4,106,48567.0
SKU-W-4,107,65525.0
SKU-W-4,108,51321.0
SKU-W-4,109,74952.0
SKU-W-4,110,72771.0
SKU-W-4,111,105525.0
SKU-W-4,112,40063.0
SKU-W-4,113,64937.0
SKU-W-4,114,70557.0
SKU-W-4,115,48806.0
SKU-W-4,116,46193.0
SKU-W-4,117,52452.0
SKU-W-4,118,41305.0
SKU-W-4,119,33026.0
SKU-W-4,120,56848.0
SKU-W-4,121,18821.0
SKU-W-4,122,19427.0
SKU-W-4,123,19426.0
SKU-W-4,124,29045.0
SKU-W-4,125,31051.0
SKU-W-4,126,56051.0
SKU-W-4,127,52388.0
SKU-W-4,128,30636.0
SKU-W-4,129,40286.0
SKU-W-4,130,23407.0
SKU-W-4,131,14299.0
SKU-W-4,132,34586.0
SKU-W-4,133,46323.0
SKU-W-4,134,22596.0
SKU-W-4,135,32484.0
SKU-W-4,136,51640.0
SKU-W-4,137,53057.0
SKU-W-4,138,32898.0
SKU-W-4,139,18853.0
SKU-W-4,140,39967.0
SKU-W-4,141,41942.0
SKU-W-4,142,59633.0
SKU-W-4,143,25096.0
SKU-W-4,144,27867.0
SKU-W-4,145,58599.0
SKU-W-4,146,40080.0
SKU-W-4,147,25955.0
SKU-W-4,148,49649.0
SKU-W-4,149,40637.0
SKU-W-4,150,58424.0
SKU-W-4,151,40541.0
SKU-W-4,152,23535.0
SKU-W-4,153,40334.0
SKU-W-4,154,27358.0
SKU-W-4,155,39681.0
SKU-W-4,156,32244.0
SKU-W-4,157,26751.0
SKU-W-4,158,27770.0
SKU-W-4,159,43902.0
SKU-W-4,160,27022.0
SKU-W-4,161,37500.0
SKU-W-4,162,47436.0
SKU-W-4,163,49745.0
SKU-W-4,164,21401.0
SKU-W-4,165,19586.0
SKU-W-4,166,32245.0
SKU-W-4,167,23328.0
SKU-W-4,168,41019.0
SKU-W-4,169,50796.0
SKU-W-4,170,45779.0
SKU-W-4,171,17372.0
SKU-W-4,172,56577.0
SKU-W-4,173,48201.0
SKU-W-4,174,41082.0
SKU-W-4,175,9474.0
SKU-W-4,176,20892.0
SKU-W-4,177,20143.0
SKU-W-4,178,24394.0
SKU-W-4,179,18360.0
SKU-W-4,180,15764.0
SKU-W-4,181,8296.0
SKU-W-4,182,54300.0
SKU-W-4,183,51162.0
SKU-W-4,184,23646.0
SKU-W-4,185,9205.0
SKU-W-4,186,30000.0
SKU-W-4,187,6799.0
SKU-W-5,1,
SKU-W-5,2,
SKU-W-5,3,
SKU-W-5,4,
SKU-W-5,5,
SKU-W-5,6,
SKU-W-5,7,
SKU-W-5,8,
SKU-W-5,9,
SKU-W-5,10,
SKU-W-5,11,
SKU-W-5,12,
SKU-W-5,13,
SKU-W-5,14,
SKU-W-5,15,
SKU-W-5,16,
SKU-W-5,17,
SKU-W-5,18,
SKU-W-5,19,
SKU-W-5,20,
SKU-W-5,21,
SKU-W-5,22,
SKU-W-5,23,
SKU-W-5,24,
SKU-W-5,25,
SKU-W-5,26,
SKU-W-5,27,
SKU-W-5,28,
SKU-W-5,29,
SKU-W-5,30,
SKU-W-5,31,
SKU-W-5,32,
SKU-W-5,33,
SKU-W-5,34,
SKU-W-5,35,
SKU-W-5,36,
SKU-W-5,37,
SKU-W-5,38,
SKU-W-5,39,
SKU-W-5,40,
SKU-W-5,41,
SKU-W-5,42,
SKU-W-5,43,
SKU-W-5,44,
SKU-W-5,45,
SKU-W-5,46,
SKU-W-5,47,
SKU-W-5,48,
SKU-W-5,49,
SKU-W-5,50,
SKU-W-5,51,
SKU-W-5,52,
SKU-W-5,53,
SKU-W-5,54,
SKU-W-5,55,
SKU-W-5,56,
SKU-W-5,57,
SKU-W-5,58,
SKU-W-5,59,
SKU-W-5,60,
SKU-W-5,61,
SKU-W-5,62,
SKU-W-5,63,
SKU-W-5,64,
SKU-W-5,65,
SKU-W-5,66,
SKU-W-5,67,
SKU-W-5,68,
SKU-W-5,69,
SKU-W-5,70,
SKU-W-5,71,
SKU-W-5,72,
SKU-W-5,73,
SKU-W-5,74,
SKU-W-5,75,
SKU-W-5,76,
SKU-W-5,77,
SKU-W-5,78,
SKU-W-5,79,
SKU-W-5,80,
SKU-W-5,81,
SKU-W-5,82,
SKU-W-5,83,
SKU-W-5,84,
SKU-W-5,85,
SKU-W-5,86,
SKU-W-5,87,
SKU-W-5,88,
SKU-W-5,89,
SKU-W-5,90,
SKU-W-5,91,
SKU-W-5,92,
SKU-W-5,93,
SKU-W-5,94,
SKU-W-5,95,
SKU-W-5,96,
SKU-W-5,97,
SKU-W-5,98,
SKU-W-5,99,
SKU-W-5,100,
SKU-W-5,101,
SKU-W-5,102,
SKU-W-5,103,
SKU-W-5,104,
SKU-W-5,105,
SKU-W-5,106,
SKU-W-5,107,
SKU-W-5,108,
SKU-W-5,109,
SKU-W-5,110,
SKU-W-5,111,
SKU-W-5,112,
SKU-W-5,113,
SKU-W-5,114,
SKU-W-5,115,
SKU-W-5,116,
SKU-W-5,117,
SKU-W-5,118,
SKU-W-5,119,
SKU-W-5,120,
SKU-W-5,121,
SKU-W-5,122,
SKU-W-5,123,
SKU-W-5,124,
SKU-W-5,125,
SKU-W-5,126,
SKU-W-5,127,
SKU-W-5,128,
SKU-W-5,129,
SKU-W-5,130,
SKU-W-5,131,
SKU-W-5,132,
SKU-W-5,133,
SKU-W-5,134,
SKU-W-5,135,
SKU-W-5,136,
SKU-W-5,137,
SKU-W-5,138,
SKU-W-5,139,
SKU-W-5,140,
SKU-W-5,141,
SKU-W-5,142,
SKU-W-5,143,
SKU-W-5,144,
SKU-W-5,145,
SKU-W-5,146,
SKU-W-5,147,
SKU-W-5,148,
SKU-W-5,149,
SKU-W-5,150,
SKU-W-5,151,
SKU-W-5,152,
SKU-W-5,153,
SKU-W-5,154,
SKU-W-5,155,
SKU-W-5,156,
SKU-W-5,157,
SKU-W-5,158,
SKU-W-5,159,
SKU-W-5,160,
SKU-W-5,161,
SKU-W-5,162,
SKU-W-5,163,
SKU-W-5,164,
SKU-W-5,165,
SKU-W-5,166,3041.0
SKU-W-5,167,2389.0
SKU-W-5,168,11226.0
SKU-W-5,169,3742.0
SKU-W-5,170,8965.0
SKU-W-5,171,25127.0
SKU-W-5,172,15446.0
SKU-W-5,173,24474.0
SKU-W-5,174,16194.0
SKU-W-5,175,22739.0
SKU-W-5,176,15621.0
SKU-W-5,177,14649.0
SKU-W-5,178,26115.0
SKU-W-5,179,29490.0
SKU-W-5,180,31289.0
SKU-W-5,181,32978.0
SKU-W-5,182,32086.0
SKU-W-5,183,29858.0
SKU-W-5,184,11656.0
SKU-W-5,185,27659.0
SKU-W-5,186,19124.0
SKU-W-5,187,39808.0
SKU-X-5,1,
SKU-X-5,2,
SKU-X-5,3,
SKU-X-5,4,
SKU-X-5,5,
SKU-X-5,6,
SKU-X-5,7,
SKU-X-5,8,
SKU-X-5,9,
SKU-X-5,10,
SKU-X-5,11,
SKU-X-5,12,
SKU-X-5,13,
SKU-X-5,14,
SKU-X-5,15,
SKU-X-5,16,
SKU-X-5,17,
SKU-X-5,18,
SKU-X-5,19,
SKU-X-5,20,
SKU-X-5,21,
SKU-X-5,22,
SKU-X-5,23,
SKU-X-5,24,
SKU-X-5,25,
SKU-X-5,26,
SKU-X-5,27,
SKU-X-5,28,
SKU-X-5,29,
SKU-X-5,30,
SKU-X-5,31,
SKU-X-5,32,
SKU-X-5,33,
SKU-X-5,34,
SKU-X-5,35,
SKU-X-5,36,
SKU-X-5,37,
SKU-X-5,38,
SKU-X-5,39,
SKU-X-5,40,
SKU-X-5,41,
SKU-X-5,42,
SKU-X-5,43,
SKU-X-5,44,
SKU-X-5,45,
SKU-X-5,46,
SKU-X-5,47,
SKU-X-5,48,
SKU-X-5,49,
SKU-X-5,50,
SKU-X-5,51,
SKU-X-5,52,
SKU-X-5,53,
SKU-X-5,54,
SKU-X-5,55,
SKU-X-5,56,
SKU-X-5,57,
SKU-X-5,58,
SKU-X-5,59,
SKU-X-5,60,
SKU-X-5,61,
SKU-X-5,62,
SKU-X-5,63,
SKU-X-5,64,
SKU-X-5,65,
SKU-X-5,66,
SKU-X-5,67,
SKU-X-5,68,
SKU-X-5,69,
SKU-X-5,70,
SKU-X-5,71,
SKU-X-5,72,
SKU-X-5,73,
SKU-X-5,74,
SKU-X-5,75,
SKU-X-5,76,
SKU-X-5,77,
SKU-X-5,78,
SKU-X-5,79,
SKU-X-5,80,
SKU-X-5,81,
SKU-X-5,82,
SKU-X-5,83,
SKU-X-5,84,
SKU-X-5,85,
SKU-X-5,86,
SKU-X-5,87,
SKU-X-5,88,
SKU-X-5,89,
SKU-X-5,90,
SKU-X-5,91,
SKU-X-5,92,
SKU-X-5,93,
SKU-X-5,94,
SKU-X-5,95,
SKU-X-5,96,
SKU-X-5,97,
SKU-X-5,98,
SKU-X-5,99,
SKU-X-5,100,
SKU-X-5,101,
SKU-X-5,102,
SKU-X-5,103,
SKU-X-5,104,
SKU-X-5,105,
SKU-X-5,106,
SKU-X-5,107,
SKU-X-5,108,
SKU-X-5,109,
SKU-X-5,110,
SKU-X-5,111,
SKU-X-5,112,
SKU-X-5,113,
SKU-X-5,114,
SKU-X-5,115,
SKU-X-5,116,
SKU-X-5,117,
SKU-X-5,118,
SKU-X-5,119,
SKU-X-5,120,
SKU-X-5,121,
SKU-X-5,122,
SKU-X-5,123,
SKU-X-5,124,
SKU-X-5,125,
SKU-X-5,126,
SKU-X-5,127,
SKU-X-5,128,
SKU-X-5,129,
SKU-X-5,130,
SKU-X-5,131,
SKU-X-5,132,
SKU-X-5,133,
SKU-X-5,134,
SKU-X-5,135,
SKU-X-5,136,
SKU-X-5,137,
SKU-X-5,138,
SKU-X-5,139,
SKU-X-5,140,
SKU-X-5,141,
SKU-X-5,142,
SKU-X-5,143,
SKU-X-5,144,
SKU-X-5,145,
SKU-X-5,146,
SKU-X-5,147,
SKU-X-5,148,
SKU-X-5,149,
SKU-X-5,150,
SKU-X-5,151,
SKU-X-5,152,
SKU-X-5,153,
SKU-X-5,154,
SKU-X-5,155,
SKU-X-5,156,
SKU-X-5,157,
SKU-X-5,158,
SKU-X-5,159,
SKU-X-5,160,
SKU-X-5,161,
SKU-X-5,162,
SKU-X-5,163,
SKU-X-5,164,
SKU-X-5,165,
SKU-X-5,166,2962.0
SKU-X-5,167,3137.0
SKU-X-5,168,1895.0
SKU-X-5,169,1497.0
SKU-X-5,170,14013.0
SKU-X-5,171,36544.0
SKU-X-5,172,12356.0
SKU-X-5,173,13599.0
SKU-X-5,174,15096.0
SKU-X-5,175,9554.0
SKU-X-5,176,18312.0
SKU-X-5,177,8376.0
SKU-X-5,178,8759.0
SKU-X-5,179,16545.0
SKU-X-5,180,14490.0
SKU-X-5,181,13088.0
SKU-X-5,182,36943.0
SKU-X-5,183,3344.0
SKU-X-5,184,31402.0
SKU-X-5,185,25955.0
SKU-X-5,186,8264.0
SKU-X-5,187,32198.0
SKU-Y-5,1,
SKU-Y-5,2,
SKU-Y-5,3,
SKU-Y-5,4,
SKU-Y-5,5,
SKU-Y-5,6,
SKU-Y-5,7,
SKU-Y-5,8,
SKU-Y-5,9,
SKU-Y-5,10,
SKU-Y-5,11,
SKU-Y-5,12,
SKU-Y-5,13,
SKU-Y-5,14,
SKU-Y-5,15,
SKU-Y-5,16,
SKU-Y-5,17,
SKU-Y-5,18,
SKU-Y-5,19,
SKU-Y-5,20,
SKU-Y-5,21,
SKU-Y-5,22,
SKU-Y-5,23,
SKU-Y-5,24,
SKU-Y-5,25,
SKU-Y-5,26,
SKU-Y-5,27,
SKU-Y-5,28,
SKU-Y-5,29,
SKU-Y-5,30,
SKU-Y-5,31,
SKU-Y-5,32,
SKU-Y-5,33,
SKU-Y-5,34,
SKU-Y-5,35,
SKU-Y-5,36,
SKU-Y-5,37,
SKU-Y-5,38,
SKU-Y-5,39,
SKU-Y-5,40,
SKU-Y-5,41,
SKU-Y-5,42,
SKU-Y-5,43,
SKU-Y-5,44,
SKU-Y-5,45,
SKU-Y-5,46,
SKU-Y-5,47,
SKU-Y-5,48,
SKU-Y-5,49,
SKU-Y-5,50,
SKU-Y-5,51,
SKU-Y-5,52,
SKU-Y-5,53,
SKU-Y-5,54,
SKU-Y-5,55,
SKU-Y-5,56,
SKU-Y-5,57,
SKU-Y-5,58,
SKU-Y-5,59,
SKU-Y-5,60,
SKU-Y-5,61,
SKU-Y-5,62,
SKU-Y-5,63,
SKU-Y-5,64,
SKU-Y-5,65,
SKU-Y-5,66,
SKU-Y-5,67,
SKU-Y-5,68,
SKU-Y-5,69,
SKU-Y-5,70,
SKU-Y-5,71,
SKU-Y-5,72,
SKU-Y-5,73,
SKU-Y-5,74,
SKU-Y-5,75,
SKU-Y-5,76,
SKU-Y-5,77,
SKU-Y-5,78,
SKU-Y-5,79,
SKU-Y-5,80,
SKU-Y-5,81,
SKU-Y-5,82,
SKU-Y-5,83,
SKU-Y-5,84,
SKU-Y-5,85,
SKU-Y-5,86,
SKU-Y-5,87,
SKU-Y-5,88,
SKU-Y-5,89,
SKU-Y-5,90,
SKU-Y-5,91,
SKU-Y-5,92,
SKU-Y-5,93,
SKU-Y-5,94,
SKU-Y-5,95,
SKU-Y-5,96,
SKU-Y-5,97,
SKU-Y-5,98,
SKU-Y-5,99,
SKU-Y-5,100,
SKU-Y-5,101,
SKU-Y-5,102,
SKU-Y-5,103,
SKU-Y-5,104,
SKU-Y-5,105,
SKU-Y-5,106,
SKU-Y-5,107,
SKU-Y-5,108,
SKU-Y-5,109,
SKU-Y-5,110,
SKU-Y-5,111,
SKU-Y-5,112,
SKU-Y-5,113,
SKU-Y-5,114,
SKU-Y-5,115,
SKU-Y-5,116,
SKU-Y-5,117,
SKU-Y-5,118,
SKU-Y-5,119,
SKU-Y-5,120,
SKU-Y-5,121,
SKU-Y-5,122,
SKU-Y-5,123,
SKU-Y-5,124,
SKU-Y-5,125,
SKU-Y-5,126,
SKU-Y-5,127,
SKU-Y-5,128,
SKU-Y-5,129,
SKU-Y-5,130,
SKU-Y-5,131,
SKU-Y-5,132,
SKU-Y-5,133,
SKU-Y-5,134,
SKU-Y-5,135,
SKU-Y-5,136,
SKU-Y-5,137,
SKU-Y-5,138,
SKU-Y-5,139,
SKU-Y-5,140,
SKU-Y-5,141,
SKU-Y-5,142,
SKU-Y-5,143,
SKU-Y-5,144,
SKU-Y-5,145,
SKU-Y-5,146,
SKU-Y-5,147,
SKU-Y-5,148,
SKU-Y-5,149,
SKU-Y-5,150,
SKU-Y-5,151,
SKU-Y-5,152,
SKU-Y-5,153,
SKU-Y-5,154,
SKU-Y-5,155,
SKU-Y-5,156,
SKU-Y-5,157,
SKU-Y-5,158,
SKU-Y-5,159,
SKU-Y-5,160,
SKU-Y-5,161,
SKU-Y-5,162,
SKU-Y-5,163,28662.0
SKU-Y-5,164,55732.0
SKU-Y-5,165,71656.0
SKU-Y-5,166,1592.0
SKU-Y-5,167,27070.0
SKU-Y-5,168,128981.0
SKU-Y-5,169,146497.0
SKU-Y-5,170,30255.0
SKU-Y-5,171,55732.0
SKU-Y-5,172,89172.0
SKU-Y-5,173,85987.0
SKU-Y-5,174,76433.0
SKU-Y-5,175,76433.0
SKU-Y-5,176,76433.0
SKU-Y-5,177,42994.0
SKU-Y-5,178,31847.0
SKU-Y-5,179,144904.0
SKU-Y-5,180,226911.0
SKU-Y-5,181,55732.0
SKU-Y-5,182,167675.0
SKU-Y-5,183,11943.0
SKU-Y-5,184,234076.0
SKU-Y-5,185,127389.0
SKU-Y-5,186,146497.0
SKU-Y-5,187,157643.0
